region	group	genome	chrom	start	motif	tf	rel_score	motif_start_in_window	motif_end_in_window	covers_CpG	n_CpG_in_motif
cg19603390	C1GALT1_gene_body_CpG	hg19	chr7	7222162	MA0599.1	KLF5	0.8246	46	56	True	1
cg19603390	C1GALT1_gene_body_CpG	hg19	chr7	7222162	MA1684.1	Foxn1	1.0	56	62	True	2
cg19603390	C1GALT1_gene_body_CpG	hg19	chr7	7222162	MA1684.1	Foxn1	0.815	114	120	True	1
cg19603390	C1GALT1_gene_body_CpG	hg19	chr7	7222162	MA0079.5	SP1	0.9531	67	76	False	0
cg19603390	C1GALT1_gene_body_CpG	hg19	chr7	7222162	MA0079.5	SP1	0.9568	72	81	True	1
cg19603390	C1GALT1_gene_body_CpG	hg19	chr7	7222162	MA0079.5	SP1	0.8143	85	94	True	2
cg19603390	C1GALT1_gene_body_CpG	hg19	chr7	7222162	MA0516.3	SP2	0.9155	67	76	False	0
cg19603390	C1GALT1_gene_body_CpG	hg19	chr7	7222162	MA0516.3	SP2	0.9178	72	81	True	1
cg19603390	C1GALT1_gene_body_CpG	hg19	chr7	7222162	MA0516.3	SP2	0.8497	85	94	True	2
cg19603390	C1GALT1_gene_body_CpG	hg19	chr7	7222162	MA0685.2	SP4	0.9543	67	76	False	0
cg19603390	C1GALT1_gene_body_CpG	hg19	chr7	7222162	MA0685.2	SP4	0.9612	72	81	True	1
cg19603390	C1GALT1_gene_body_CpG	hg19	chr7	7222162	MA0740.2	KLF14	0.9157	67	76	False	0
cg19603390	C1GALT1_gene_body_CpG	hg19	chr7	7222162	MA0740.2	KLF14	0.9133	72	81	True	1
cg19603390	C1GALT1_gene_body_CpG	hg19	chr7	7222162	MA0740.2	KLF14	0.848	85	94	True	2
cg19603390	C1GALT1_gene_body_CpG	hg19	chr7	7222162	MA0742.2	KLF12	0.8985	67	76	False	0
cg19603390	C1GALT1_gene_body_CpG	hg19	chr7	7222162	MA0742.2	KLF12	0.9047	72	81	True	1
cg19603390	C1GALT1_gene_body_CpG	hg19	chr7	7222162	MA1511.2	KLF10	0.9066	67	76	False	0
cg19603390	C1GALT1_gene_body_CpG	hg19	chr7	7222162	MA1511.2	KLF10	0.9052	72	81	True	1
cg19603390	C1GALT1_gene_body_CpG	hg19	chr7	7222162	MA1511.2	KLF10	0.8008	85	94	True	2
cg19603390	C1GALT1_gene_body_CpG	hg19	chr7	7222162	MA2329.1	ZBTB11	0.8013	16	25	True	1
cg19603390	C1GALT1_gene_body_CpG	hg19	chr7	7222162	MA1100.3	ASCL1	0.8687	27	35	True	2
cg19603390	C1GALT1_gene_body_CpG	hg19	chr7	7222162	MA1635.2	BHLHE22	0.8346	28	34	True	1
cg19603390	C1GALT1_gene_body_CpG	hg19	chr7	7222162	MA1102.3	CTCFL	0.8045	82	90	True	2
cg19603390	C1GALT1_gene_body_CpG	hg19	chr7	7222162	MA0471.3	E2F6	0.9228	87	95	True	1
cg19603390	C1GALT1_gene_body_CpG	hg19	chr7	7222162	MA0076.3	ELK4	0.8279	16	25	True	1
cg19603390	C1GALT1_gene_body_CpG	hg19	chr7	7222162	MA0767.2	GCM2	0.8268	40	48	True	1
cg19603390	C1GALT1_gene_body_CpG	hg19	chr7	7222162	MA0767.2	GCM2	0.8022	63	71	True	1
cg19603390	C1GALT1_gene_body_CpG	hg19	chr7	7222162	MA1099.3	HES1	0.8395	93	101	True	3
cg19603390	C1GALT1_gene_body_CpG	hg19	chr7	7222162	MA0738.2	HIC2	0.8047	103	109	True	1
cg19603390	C1GALT1_gene_body_CpG	hg19	chr7	7222162	MA1106.2	HIF1A	0.8458	58	64	True	2
cg19603390	C1GALT1_gene_body_CpG	hg19	chr7	7222162	MA0131.3	HINFP	0.866	1	9	True	2
cg19603390	C1GALT1_gene_body_CpG	hg19	chr7	7222162	MA0493.3	KLF1	0.8512	22	30	True	1
cg19603390	C1GALT1_gene_body_CpG	hg19	chr7	7222162	MA0493.3	KLF1	0.9391	68	76	False	0
cg19603390	C1GALT1_gene_body_CpG	hg19	chr7	7222162	MA0493.3	KLF1	0.8968	73	81	True	1
cg19603390	C1GALT1_gene_body_CpG	hg19	chr7	7222162	MA0493.3	KLF1	0.8664	86	94	True	1
cg19603390	C1GALT1_gene_body_CpG	hg19	chr7	7222162	MA1513.2	KLF15	0.8195	105	113	True	1
cg19603390	C1GALT1_gene_body_CpG	hg19	chr7	7222162	MA1515.2	KLF2	0.8645	47	55	True	1
cg19603390	C1GALT1_gene_body_CpG	hg19	chr7	7222162	MA1516.2	KLF3	0.8773	45	55	True	1
cg19603390	C1GALT1_gene_body_CpG	hg19	chr7	7222162	MA1517.2	KLF6	0.8475	47	56	True	1
cg19603390	C1GALT1_gene_body_CpG	hg19	chr7	7222162	MA1959.2	KLF7	0.8322	22	30	True	1
cg19603390	C1GALT1_gene_body_CpG	hg19	chr7	7222162	MA1959.2	KLF7	0.8959	68	76	False	0
cg19603390	C1GALT1_gene_body_CpG	hg19	chr7	7222162	MA1959.2	KLF7	0.9337	73	81	True	1
cg19603390	C1GALT1_gene_body_CpG	hg19	chr7	7222162	MA1959.2	KLF7	0.8674	86	94	True	1
cg19603390	C1GALT1_gene_body_CpG	hg19	chr7	7222162	MA0500.3	MYOG	0.8679	27	35	True	2
cg19603390	C1GALT1_gene_body_CpG	hg19	chr7	7222162	MA0161.3	NFIC	0.8728	111	118	True	1
cg19603390	C1GALT1_gene_body_CpG	hg19	chr7	7222162	MA0671.2	NFIX	0.8558	8	14	True	1
cg19603390	C1GALT1_gene_body_CpG	hg19	chr7	7222162	MA0502.3	NFYB	0.8399	109	118	True	1
cg19603390	C1GALT1_gene_body_CpG	hg19	chr7	7222162	MA1529.2	NHLH2	0.8316	23	39	True	2
cg19603390	C1GALT1_gene_body_CpG	hg19	chr7	7222162	MA1535.2	NR2C1	0.8225	1	7	True	1
cg19603390	C1GALT1_gene_body_CpG	hg19	chr7	7222162	MA1535.2	NR2C1	0.8206	44	50	False	0
cg19603390	C1GALT1_gene_body_CpG	hg19	chr7	7222162	MA1536.2	NR2C2	0.822	1	7	True	1
cg19603390	C1GALT1_gene_body_CpG	hg19	chr7	7222162	MA1536.2	NR2C2	0.8012	44	50	False	0
cg19603390	C1GALT1_gene_body_CpG	hg19	chr7	7222162	MA1961.2	PATZ1	0.9503	66	77	True	2
cg19603390	C1GALT1_gene_body_CpG	hg19	chr7	7222162	MA1961.2	PATZ1	0.8389	71	82	True	2
cg19603390	C1GALT1_gene_body_CpG	hg19	chr7	7222162	MA1961.2	PATZ1	0.8695	84	95	True	2
cg19603390	C1GALT1_gene_body_CpG	hg19	chr7	7222162	MA1548.2	PLAGL2	0.8716	103	111	True	1
cg19603390	C1GALT1_gene_body_CpG	hg19	chr7	7222162	MA1723.2	PRDM9	0.8026	65	85	True	3
cg19603390	C1GALT1_gene_body_CpG	hg19	chr7	7222162	MA0632.3	TCFL5	0.836	56	64	True	2
cg19603390	C1GALT1_gene_body_CpG	hg19	chr7	7222162	MA0632.3	TCFL5	0.9262	94	102	True	3
cg19603390	C1GALT1_gene_body_CpG	hg19	chr7	7222162	MA0812.2	TFAP2B	0.8475	35	44	True	1
cg19603390	C1GALT1_gene_body_CpG	hg19	chr7	7222162	MA1569.2	TFAP2E	0.8534	35	44	True	1
cg19603390	C1GALT1_gene_body_CpG	hg19	chr7	7222162	MA1122.2	TFDP1	0.8138	64	72	True	1
cg19603390	C1GALT1_gene_body_CpG	hg19	chr7	7222162	MA1122.2	TFDP1	0.8979	87	95	True	1
cg19603390	C1GALT1_gene_body_CpG	hg19	chr7	7222162	MA1578.2	VEZF1	0.8297	106	112	True	1
cg19603390	C1GALT1_gene_body_CpG	hg19	chr7	7222162	MA0748.3	YY2	0.8772	24	31	True	1
cg19603390	C1GALT1_gene_body_CpG	hg19	chr7	7222162	MA0528.3	ZNF263	0.8666	68	75	False	0
cg19603390	C1GALT1_gene_body_CpG	hg19	chr7	7222162	MA0528.3	ZNF263	0.8659	73	80	True	1
cg19603390	C1GALT1_gene_body_CpG	hg19	chr7	7222162	MA1630.3	ZNF281	0.8965	66	76	True	1
cg19603390	C1GALT1_gene_body_CpG	hg19	chr7	7222162	MA1727.2	ZNF417	0.8562	6	13	True	1
cg19603390	C1GALT1_gene_body_CpG	hg19	chr7	7222162	MA1727.2	ZNF417	0.8562	32	39	True	1
cg19603390	C1GALT1_gene_body_CpG	hg19	chr7	7222162	MA1986.2	ZNF692	0.8724	103	111	True	1
cg19603390	C1GALT1_gene_body_CpG	hg19	chr7	7222162	MA1721.2	ZNF93	0.8379	23	37	True	2
cg19603390	C1GALT1_gene_body_CpG	hg19	chr7	7222162	MA2337.1	Nr1h3	0.829	1	7	True	1
cg19603390	C1GALT1_gene_body_CpG	hg19	chr7	7222162	MA0006.2	Ahr::Arnt	0.8017	22	27	False	0
cg19603390	C1GALT1_gene_body_CpG	hg19	chr7	7222162	MA0006.2	Ahr::Arnt	0.8017	52	57	False	0
cg19603390	C1GALT1_gene_body_CpG	hg19	chr7	7222162	MA0461.3	Atoh1	0.8111	35	43	False	0
cg19603390	C1GALT1_gene_body_CpG	hg19	chr7	7222162	MA0615.2	Gmeb1	0.911	0	6	True	1
cg19603390	C1GALT1_gene_body_CpG	hg19	chr7	7222162	MA0615.2	Gmeb1	0.8121	32	38	True	1
cg19603390	C1GALT1_gene_body_CpG	hg19	chr7	7222162	MA1993.2	Neurod2	0.8373	28	34	True	1
cg19603390	C1GALT1_gene_body_CpG	hg19	chr7	7222162	MA1996.2	Nr1H2	0.8421	1	7	True	1
cg19603390	C1GALT1_gene_body_CpG	hg19	chr7	7222162	MA1110.3	Nr1H4	0.8466	1	7	True	1
cg19603390	C1GALT1_gene_body_CpG	hg19	chr7	7222162	MA1997.2	Olig2	0.8394	28	34	True	1
cg19603390	C1GALT1_gene_body_CpG	hg19	chr7	7222162	MA0521.3	Tcf12	0.836	28	34	True	1
cg19603390	C1GALT1_gene_body_CpG	hg19	chr7	7222162	MA0633.3	Twist2	0.8371	28	34	True	1
cg19603390	C1GALT1_gene_body_CpG	hg19	chr7	7222162	MA0146.3	Zfx	0.9396	46	56	True	1
cg19603390	C1GALT1_gene_body_CpG	hg19	chr7	7222162	MA0146.3	Zfx	0.8127	109	119	True	1
cg19473623	C1GALT1_gene_body_CpG	hg19	chr7	7224809	MA0004.1	Arnt	0.8295	9	15	False	0
cg19473623	C1GALT1_gene_body_CpG	hg19	chr7	7224809	MA0151.1	Arid3a	0.8225	35	41	False	0
cg19473623	C1GALT1_gene_body_CpG	hg19	chr7	7224809	MA0151.1	Arid3a	1.0	102	108	False	0
cg19473623	C1GALT1_gene_body_CpG	hg19	chr7	7224809	MA0151.1	Arid3a	0.8225	112	118	False	0
cg19473623	C1GALT1_gene_body_CpG	hg19	chr7	7224809	MA0151.1	Arid3a	0.8225	113	119	False	0
cg19473623	C1GALT1_gene_body_CpG	hg19	chr7	7224809	MA0159.1	RARA::RXRA	0.8075	52	69	True	1
cg19473623	C1GALT1_gene_body_CpG	hg19	chr7	7224809	MA0816.1	Ascl2	0.8182	7	17	False	0
cg19473623	C1GALT1_gene_body_CpG	hg19	chr7	7224809	MA1493.1	HES6	0.8073	41	51	True	1
cg19473623	C1GALT1_gene_body_CpG	hg19	chr7	7224809	MA1684.1	Foxn1	0.8262	61	67	False	0
cg19473623	C1GALT1_gene_body_CpG	hg19	chr7	7224809	MA1972.1	ZFP14	0.8876	75	90	False	0
cg19473623	C1GALT1_gene_body_CpG	hg19	chr7	7224809	MA0516.3	SP2	0.8031	41	50	True	1
cg19473623	C1GALT1_gene_body_CpG	hg19	chr7	7224809	MA0740.2	KLF14	0.8526	41	50	True	1
cg19473623	C1GALT1_gene_body_CpG	hg19	chr7	7224809	MA0742.2	KLF12	0.8351	41	50	True	1
cg19473623	C1GALT1_gene_body_CpG	hg19	chr7	7224809	MA1511.2	KLF10	0.8567	41	50	True	1
cg19473623	C1GALT1_gene_body_CpG	hg19	chr7	7224809	MA0259.2	ARNT::HIF1A	0.9036	44	49	True	1
cg19473623	C1GALT1_gene_body_CpG	hg19	chr7	7224809	MA2098.1	ZNF766	0.8161	89	98	False	0
cg19473623	C1GALT1_gene_body_CpG	hg19	chr7	7224809	MA2326.1	IKZF2	0.8336	73	79	False	0
cg19473623	C1GALT1_gene_body_CpG	hg19	chr7	7224809	MA2336.1	ZSCAN21	0.8665	106	113	False	0
cg19473623	C1GALT1_gene_body_CpG	hg19	chr7	7224809	MA0634.2	ALX3	0.8109	111	117	False	0
cg19473623	C1GALT1_gene_body_CpG	hg19	chr7	7224809	MA1100.3	ASCL1	0.8919	8	16	False	0
cg19473623	C1GALT1_gene_body_CpG	hg19	chr7	7224809	MA1631.2	ASCL1	0.8532	8	17	False	0
cg19473623	C1GALT1_gene_body_CpG	hg19	chr7	7224809	MA0877.4	BARHL1	0.9004	111	117	False	0
cg19473623	C1GALT1_gene_body_CpG	hg19	chr7	7224809	MA0635.2	BARHL2	1.0	115	121	True	1
cg19473623	C1GALT1_gene_body_CpG	hg19	chr7	7224809	MA0875.2	BARX1	0.8219	111	117	False	0
cg19473623	C1GALT1_gene_body_CpG	hg19	chr7	7224809	MA1635.2	BHLHE22	0.8346	9	15	False	0
cg19473623	C1GALT1_gene_body_CpG	hg19	chr7	7224809	MA0876.2	BSX	0.8279	111	117	False	0
cg19473623	C1GALT1_gene_body_CpG	hg19	chr7	7224809	MA0102.5	CEBPA	0.8286	28	38	False	0
cg19473623	C1GALT1_gene_body_CpG	hg19	chr7	7224809	MA0836.3	CEBPD	0.8764	29	37	False	0
cg19473623	C1GALT1_gene_body_CpG	hg19	chr7	7224809	MA0879.3	DLX1	0.8204	111	117	False	0
cg19473623	C1GALT1_gene_body_CpG	hg19	chr7	7224809	MA0882.2	DLX6	0.8317	111	117	False	0
cg19473623	C1GALT1_gene_body_CpG	hg19	chr7	7224809	MA0027.3	EN1	0.8082	111	117	False	0
cg19473623	C1GALT1_gene_body_CpG	hg19	chr7	7224809	MA0820.2	FIGLA	1.0	9	15	False	0
cg19473623	C1GALT1_gene_body_CpG	hg19	chr7	7224809	MA0820.2	FIGLA	0.8264	93	99	False	0
cg19473623	C1GALT1_gene_body_CpG	hg19	chr7	7224809	MA0058.4	MAX	0.8379	9	15	False	0
cg19473623	C1GALT1_gene_body_CpG	hg19	chr7	7224809	MA0035.5	GATA1	0.8234	0	7	False	0
cg19473623	C1GALT1_gene_body_CpG	hg19	chr7	7224809	MA0140.3	GATA1::TAL1	0.8538	1	18	False	0
cg19473623	C1GALT1_gene_body_CpG	hg19	chr7	7224809	MA0036.4	GATA2	0.8929	0	7	False	0
cg19473623	C1GALT1_gene_body_CpG	hg19	chr7	7224809	MA0890.2	GBX2	0.8243	111	117	False	0
cg19473623	C1GALT1_gene_body_CpG	hg19	chr7	7224809	MA0647.2	GRHL1	0.8287	92	102	False	0
cg19473623	C1GALT1_gene_body_CpG	hg19	chr7	7224809	MA0892.2	GSX1	0.8069	68	74	False	0
cg19473623	C1GALT1_gene_body_CpG	hg19	chr7	7224809	MA0892.2	GSX1	0.8069	100	106	False	0
cg19473623	C1GALT1_gene_body_CpG	hg19	chr7	7224809	MA0892.2	GSX1	0.804	111	117	False	0
cg19473623	C1GALT1_gene_body_CpG	hg19	chr7	7224809	MA0522.4	TCF3	0.87	9	16	False	0
cg19473623	C1GALT1_gene_body_CpG	hg19	chr7	7224809	MA1099.3	HES1	0.8575	41	49	True	1
cg19473623	C1GALT1_gene_body_CpG	hg19	chr7	7224809	MA0616.3	HES2	0.8167	41	50	True	1
cg19473623	C1GALT1_gene_body_CpG	hg19	chr7	7224809	MA1106.2	HIF1A	0.8288	19	25	False	0
cg19473623	C1GALT1_gene_body_CpG	hg19	chr7	7224809	MA1498.3	HOXA7	0.8159	68	74	False	0
cg19473623	C1GALT1_gene_body_CpG	hg19	chr7	7224809	MA1498.3	HOXA7	0.8159	100	106	False	0
cg19473623	C1GALT1_gene_body_CpG	hg19	chr7	7224809	MA1498.3	HOXA7	0.8328	111	117	False	0
cg19473623	C1GALT1_gene_body_CpG	hg19	chr7	7224809	MA0051.2	IRF2	0.8163	84	100	False	0
cg19473623	C1GALT1_gene_body_CpG	hg19	chr7	7224809	MA0914.2	ISL2	0.8763	111	117	False	0
cg19473623	C1GALT1_gene_body_CpG	hg19	chr7	7224809	MA0654.2	ISX	0.8221	111	117	False	0
cg19473623	C1GALT1_gene_body_CpG	hg19	chr7	7224809	MA0493.3	KLF1	0.8267	42	50	True	1
cg19473623	C1GALT1_gene_body_CpG	hg19	chr7	7224809	MA1959.2	KLF7	0.8132	42	50	True	1
cg19473623	C1GALT1_gene_body_CpG	hg19	chr7	7224809	MA0699.2	LBX2	0.8381	111	117	False	0
cg19473623	C1GALT1_gene_body_CpG	hg19	chr7	7224809	MA0700.3	LHX2	0.8416	111	117	False	0
cg19473623	C1GALT1_gene_body_CpG	hg19	chr7	7224809	MA0662.2	MIXL1	0.8092	111	117	False	0
cg19473623	C1GALT1_gene_body_CpG	hg19	chr7	7224809	MA0664.2	MLXIPL	0.8076	7	15	False	0
cg19473623	C1GALT1_gene_body_CpG	hg19	chr7	7224809	MA0825.2	MNT	0.8325	9	15	False	0
cg19473623	C1GALT1_gene_body_CpG	hg19	chr7	7224809	MA0666.3	MSX1	0.8262	111	117	False	0
cg19473623	C1GALT1_gene_body_CpG	hg19	chr7	7224809	MA0708.3	MSX2	0.8264	111	117	False	0
cg19473623	C1GALT1_gene_body_CpG	hg19	chr7	7224809	MA1108.3	MXI1	0.8367	9	15	False	0
cg19473623	C1GALT1_gene_body_CpG	hg19	chr7	7224809	MA1108.3	MXI1	0.8371	32	38	False	0
cg19473623	C1GALT1_gene_body_CpG	hg19	chr7	7224809	MA1108.3	MXI1	0.8371	109	115	False	0
cg19473623	C1GALT1_gene_body_CpG	hg19	chr7	7224809	MA0100.4	MYB	0.8323	9	15	False	0
cg19473623	C1GALT1_gene_body_CpG	hg19	chr7	7224809	MA1641.2	MYF5	0.8098	8	16	False	0
cg19473623	C1GALT1_gene_body_CpG	hg19	chr7	7224809	MA0499.3	MYOD1	0.9258	8	17	False	0
cg19473623	C1GALT1_gene_body_CpG	hg19	chr7	7224809	MA0500.3	MYOG	0.8445	8	16	False	0
cg19473623	C1GALT1_gene_body_CpG	hg19	chr7	7224809	MA0625.3	NFATC3	0.8981	83	89	False	0
cg19473623	C1GALT1_gene_body_CpG	hg19	chr7	7224809	MA0625.3	NFATC3	0.8752	88	94	False	0
cg19473623	C1GALT1_gene_body_CpG	hg19	chr7	7224809	MA0625.3	NFATC3	0.8959	89	95	False	0
cg19473623	C1GALT1_gene_body_CpG	hg19	chr7	7224809	MA1525.3	NFATC4	0.8351	87	96	False	0
cg19473623	C1GALT1_gene_body_CpG	hg19	chr7	7224809	MA0025.3	NFIL3	0.8041	80	89	False	0
cg19473623	C1GALT1_gene_body_CpG	hg19	chr7	7224809	MA0675.2	NKX6-2	0.8009	68	74	False	0
cg19473623	C1GALT1_gene_body_CpG	hg19	chr7	7224809	MA0675.2	NKX6-2	0.8009	100	106	False	0
cg19473623	C1GALT1_gene_body_CpG	hg19	chr7	7224809	MA1535.2	NR2C1	0.8323	52	58	False	0
cg19473623	C1GALT1_gene_body_CpG	hg19	chr7	7224809	MA1536.2	NR2C2	0.8336	52	58	False	0
cg19473623	C1GALT1_gene_body_CpG	hg19	chr7	7224809	MA0842.3	NRL	0.8205	18	30	False	0
cg19473623	C1GALT1_gene_body_CpG	hg19	chr7	7224809	MA0716.2	PRRX1	0.8133	111	117	False	0
cg19473623	C1GALT1_gene_body_CpG	hg19	chr7	7224809	MA1149.2	RARA::RXRG	0.8362	41	58	True	1
cg19473623	C1GALT1_gene_body_CpG	hg19	chr7	7224809	MA1149.2	RARA::RXRG	0.8292	52	69	True	1
cg19473623	C1GALT1_gene_body_CpG	hg19	chr7	7224809	MA0718.2	RAX	0.8268	111	117	False	0
cg19473623	C1GALT1_gene_body_CpG	hg19	chr7	7224809	MA0717.2	RAX2	0.8294	111	117	False	0
cg19473623	C1GALT1_gene_body_CpG	hg19	chr7	7224809	MA1116.2	RBPJ	1.0	88	94	False	0
cg19473623	C1GALT1_gene_body_CpG	hg19	chr7	7224809	MA0719.2	RHOXF1	0.8101	1	7	False	0
cg19473623	C1GALT1_gene_body_CpG	hg19	chr7	7224809	MA1118.2	SIX1	0.8712	91	100	False	0
cg19473623	C1GALT1_gene_body_CpG	hg19	chr7	7224809	MA0745.3	SNAI2	1.0	8	16	False	0
cg19473623	C1GALT1_gene_body_CpG	hg19	chr7	7224809	MA0745.3	SNAI2	0.8271	92	100	False	0
cg19473623	C1GALT1_gene_body_CpG	hg19	chr7	7224809	MA1648.2	TCF12	0.8761	9	16	False	0
cg19473623	C1GALT1_gene_body_CpG	hg19	chr7	7224809	MA0830.3	TCF4	0.926	8	16	False	0
cg19473623	C1GALT1_gene_body_CpG	hg19	chr7	7224809	MA0769.3	TCF7	0.8188	34	41	False	0
cg19473623	C1GALT1_gene_body_CpG	hg19	chr7	7224809	MA0523.2	TCF7L2	0.8196	100	109	False	0
cg19473623	C1GALT1_gene_body_CpG	hg19	chr7	7224809	MA1577.2	TLX2	0.8191	111	117	False	0
cg19473623	C1GALT1_gene_body_CpG	hg19	chr7	7224809	MA0721.2	UNCX	0.8145	111	117	False	0
cg19473623	C1GALT1_gene_body_CpG	hg19	chr7	7224809	MA0723.3	VAX2	0.844	111	117	False	0
cg19473623	C1GALT1_gene_body_CpG	hg19	chr7	7224809	MA1971.2	ZBED2	0.8674	90	97	False	0
cg19473623	C1GALT1_gene_body_CpG	hg19	chr7	7224809	MA1649.2	ZBTB12	0.8343	5	12	False	0
cg19473623	C1GALT1_gene_body_CpG	hg19	chr7	7224809	MA1649.2	ZBTB12	0.8627	82	89	False	0
cg19473623	C1GALT1_gene_body_CpG	hg19	chr7	7224809	MA0103.4	ZEB1	1.0	9	15	False	0
cg19473623	C1GALT1_gene_body_CpG	hg19	chr7	7224809	MA0103.4	ZEB1	0.8369	93	99	False	0
cg19473623	C1GALT1_gene_body_CpG	hg19	chr7	7224809	MA1585.2	ZKSCAN1	0.8022	14	23	False	0
cg19473623	C1GALT1_gene_body_CpG	hg19	chr7	7224809	MA1585.2	ZKSCAN1	0.8214	68	77	False	0
cg19473623	C1GALT1_gene_body_CpG	hg19	chr7	7224809	MA1710.2	ZNF257	0.8294	62	72	False	0
cg19473623	C1GALT1_gene_body_CpG	hg19	chr7	7224809	MA1728.2	ZNF549	0.9028	22	30	False	0
cg19473623	C1GALT1_gene_body_CpG	hg19	chr7	7224809	MA2337.1	Nr1h3	0.8063	52	58	False	0
cg19473623	C1GALT1_gene_body_CpG	hg19	chr7	7224809	MA0006.2	Ahr::Arnt	1.0	44	49	True	1
cg19473623	C1GALT1_gene_body_CpG	hg19	chr7	7224809	MA0601.2	Arid3b	0.8797	101	108	False	0
cg19473623	C1GALT1_gene_body_CpG	hg19	chr7	7224809	MA0602.2	Arid5a	0.9367	66	74	False	0
cg19473623	C1GALT1_gene_body_CpG	hg19	chr7	7224809	MA1989.2	Bcl11B	0.8283	105	114	False	0
cg19473623	C1GALT1_gene_body_CpG	hg19	chr7	7224809	MA1472.3	Bhlha15	0.8007	8	16	False	0
cg19473623	C1GALT1_gene_body_CpG	hg19	chr7	7224809	MA0880.2	Dlx3	0.8392	111	117	False	0
cg19473623	C1GALT1_gene_body_CpG	hg19	chr7	7224809	MA0881.2	Dlx4	0.8403	111	117	False	0
cg19473623	C1GALT1_gene_body_CpG	hg19	chr7	7224809	MA0092.2	Hand1::Tcf3	0.9224	80	89	False	0
cg19473623	C1GALT1_gene_body_CpG	hg19	chr7	7224809	MA0117.3	Mafb	0.8178	18	29	False	0
cg19473623	C1GALT1_gene_body_CpG	hg19	chr7	7224809	MA0622.2	Mlxip	0.8333	9	15	False	0
cg19473623	C1GALT1_gene_body_CpG	hg19	chr7	7224809	MA0709.2	Msx3	0.8269	111	117	False	0
cg19473623	C1GALT1_gene_body_CpG	hg19	chr7	7224809	MA1993.2	Neurod2	0.833	9	15	False	0
cg19473623	C1GALT1_gene_body_CpG	hg19	chr7	7224809	MA0606.3	Nfat5	0.8859	87	95	False	0
cg19473623	C1GALT1_gene_body_CpG	hg19	chr7	7224809	MA0624.3	Nfatc1	0.8423	83	89	False	0
cg19473623	C1GALT1_gene_body_CpG	hg19	chr7	7224809	MA0624.3	Nfatc1	0.8342	88	94	False	0
cg19473623	C1GALT1_gene_body_CpG	hg19	chr7	7224809	MA0624.3	Nfatc1	0.841	89	95	False	0
cg19473623	C1GALT1_gene_body_CpG	hg19	chr7	7224809	MA0152.3	Nfatc2	0.8763	86	94	False	0
cg19473623	C1GALT1_gene_body_CpG	hg19	chr7	7224809	MA0626.2	Npas2	0.8673	8	16	False	0
cg19473623	C1GALT1_gene_body_CpG	hg19	chr7	7224809	MA1997.2	Olig2	0.8328	9	15	False	0
cg19473623	C1GALT1_gene_body_CpG	hg19	chr7	7224809	MA1615.2	Plagl1	0.8807	50	58	False	0
cg19473623	C1GALT1_gene_body_CpG	hg19	chr7	7224809	MA1616.2	Prdm15	0.8235	90	101	False	0
cg19473623	C1GALT1_gene_body_CpG	hg19	chr7	7224809	MA1619.2	Ptf1A	0.8265	8	16	False	0
cg19473623	C1GALT1_gene_body_CpG	hg19	chr7	7224809	MA1620.2	Ptf1A	0.9277	8	16	False	0
cg19473623	C1GALT1_gene_body_CpG	hg19	chr7	7224809	MA1620.2	Ptf1A	0.8736	92	100	False	0
cg19473623	C1GALT1_gene_body_CpG	hg19	chr7	7224809	MA0720.2	Shox2	0.821	111	117	False	0
cg19473623	C1GALT1_gene_body_CpG	hg19	chr7	7224809	MA2001.2	Six4	0.8553	93	100	False	0
cg19473623	C1GALT1_gene_body_CpG	hg19	chr7	7224809	MA1153.2	Smad4	0.8462	2	9	False	0
cg19473623	C1GALT1_gene_body_CpG	hg19	chr7	7224809	MA0521.3	Tcf12	0.8453	9	15	False	0
cg19473623	C1GALT1_gene_body_CpG	hg19	chr7	7224809	MA0633.3	Twist2	0.833	9	15	False	0
cg19473623	C1GALT1_gene_body_CpG	hg19	chr7	7224809	MA0619.2	LIN54	0.9157	113	120	True	1
cg19473623	C1GALT1_gene_body_CpG	hg19	chr7	7224809	MA0108.3	TBP	0.8023	99	106	False	0
cg19473623	C1GALT1_gene_body_CpG	hg19	chr7	7224809	MA0108.3	TBP	0.875	101	108	False	0
cg17994788	C1GALT1_gene_body_CpG	hg19	chr7	7261534	MA0101.1	REL	0.891	108	118	False	0
cg17994788	C1GALT1_gene_body_CpG	hg19	chr7	7261534	MA0107.1	RELA	0.8515	108	118	False	0
cg17994788	C1GALT1_gene_body_CpG	hg19	chr7	7261534	MA0151.1	Arid3a	0.8225	36	42	False	0
cg17994788	C1GALT1_gene_body_CpG	hg19	chr7	7261534	MA0145.2	Tfcp2l1	0.8219	67	81	False	0
cg17994788	C1GALT1_gene_body_CpG	hg19	chr7	7261534	MA0604.1	Atf1	0.8503	51	59	False	0
cg17994788	C1GALT1_gene_body_CpG	hg19	chr7	7261534	MA0613.1	FOXG1	0.8176	37	45	False	0
cg17994788	C1GALT1_gene_body_CpG	hg19	chr7	7261534	MA0613.1	FOXG1	0.8176	60	68	False	0
cg17994788	C1GALT1_gene_body_CpG	hg19	chr7	7261534	MA0614.1	Foxj2	0.8089	60	68	False	0
cg17994788	C1GALT1_gene_body_CpG	hg19	chr7	7261534	MA0042.2	FOXI1	0.8528	37	44	False	0
cg17994788	C1GALT1_gene_body_CpG	hg19	chr7	7261534	MA0042.2	FOXI1	0.8599	60	67	False	0
cg17994788	C1GALT1_gene_body_CpG	hg19	chr7	7261534	MA0033.2	FOXL1	0.8477	37	44	False	0
cg17994788	C1GALT1_gene_body_CpG	hg19	chr7	7261534	MA0033.2	FOXL1	0.8554	60	67	False	0
cg17994788	C1GALT1_gene_body_CpG	hg19	chr7	7261534	MA0655.1	JDP2	0.8892	21	30	False	0
cg17994788	C1GALT1_gene_body_CpG	hg19	chr7	7261534	MA0660.1	MEF2B	0.8201	90	102	False	0
cg17994788	C1GALT1_gene_body_CpG	hg19	chr7	7261534	MA0689.1	TBX20	0.8454	46	57	False	0
cg17994788	C1GALT1_gene_body_CpG	hg19	chr7	7261534	MA0773.1	MEF2D	0.8076	90	102	False	0
cg17994788	C1GALT1_gene_body_CpG	hg19	chr7	7261534	MA0774.1	MEIS2	0.8149	4	12	False	0
cg17994788	C1GALT1_gene_body_CpG	hg19	chr7	7261534	MA0801.1	MGA	1.0	47	55	False	0
cg17994788	C1GALT1_gene_body_CpG	hg19	chr7	7261534	MA0803.1	TBX15	1.0	47	55	False	0
cg17994788	C1GALT1_gene_body_CpG	hg19	chr7	7261534	MA0805.1	TBX1	1.0	47	55	False	0
cg17994788	C1GALT1_gene_body_CpG	hg19	chr7	7261534	MA0806.1	TBX4	1.0	47	55	False	0
cg17994788	C1GALT1_gene_body_CpG	hg19	chr7	7261534	MA0807.1	TBX5	1.0	47	55	False	0
cg17994788	C1GALT1_gene_body_CpG	hg19	chr7	7261534	MA0808.1	TEAD3	0.8372	111	119	False	0
cg17994788	C1GALT1_gene_body_CpG	hg19	chr7	7261534	MA0848.1	FOXO4	0.852	37	44	False	0
cg17994788	C1GALT1_gene_body_CpG	hg19	chr7	7261534	MA0848.1	FOXO4	0.8656	60	67	False	0
cg17994788	C1GALT1_gene_body_CpG	hg19	chr7	7261534	MA0849.1	FOXO6	0.8526	37	44	False	0
cg17994788	C1GALT1_gene_body_CpG	hg19	chr7	7261534	MA0849.1	FOXO6	0.8634	60	67	False	0
cg17994788	C1GALT1_gene_body_CpG	hg19	chr7	7261534	MA0850.1	FOXP3	0.8462	37	44	False	0
cg17994788	C1GALT1_gene_body_CpG	hg19	chr7	7261534	MA0850.1	FOXP3	0.8917	60	67	False	0
cg17994788	C1GALT1_gene_body_CpG	hg19	chr7	7261534	MA0862.1	GMEB2	0.8348	56	64	True	1
cg17994788	C1GALT1_gene_body_CpG	hg19	chr7	7261534	MA0158.2	HOXA5	0.8478	18	26	False	0
cg17994788	C1GALT1_gene_body_CpG	hg19	chr7	7261534	MA0912.2	HOXD3	0.8053	18	26	False	0
cg17994788	C1GALT1_gene_body_CpG	hg19	chr7	7261534	MA0912.2	HOXD3	0.8652	25	33	False	0
cg17994788	C1GALT1_gene_body_CpG	hg19	chr7	7261534	MA1563.2	SOX18	0.8308	17	25	False	0
cg17994788	C1GALT1_gene_body_CpG	hg19	chr7	7261534	MA1633.2	BACH1	0.9083	21	30	False	0
cg17994788	C1GALT1_gene_body_CpG	hg19	chr7	7261534	MA2093.1	HOXB1	0.8538	25	32	False	0
cg17994788	C1GALT1_gene_body_CpG	hg19	chr7	7261534	MA2117.1	FOXP4	0.866	37	44	False	0
cg17994788	C1GALT1_gene_body_CpG	hg19	chr7	7261534	MA2117.1	FOXP4	0.8653	60	67	False	0
cg17994788	C1GALT1_gene_body_CpG	hg19	chr7	7261534	MA2118.1	FOXS1	0.8166	36	44	False	0
cg17994788	C1GALT1_gene_body_CpG	hg19	chr7	7261534	MA2119.1	HOXA3	0.8078	18	25	False	0
cg17994788	C1GALT1_gene_body_CpG	hg19	chr7	7261534	MA2119.1	HOXA3	0.9033	25	32	False	0
cg17994788	C1GALT1_gene_body_CpG	hg19	chr7	7261534	MA2324.1	BCL11A	0.8026	51	58	False	0
cg17994788	C1GALT1_gene_body_CpG	hg19	chr7	7261534	MA0634.2	ALX3	0.8199	19	25	False	0
cg17994788	C1GALT1_gene_body_CpG	hg19	chr7	7261534	MA0634.2	ALX3	0.8414	26	32	False	0
cg17994788	C1GALT1_gene_body_CpG	hg19	chr7	7261534	MA0634.2	ALX3	0.9073	94	100	False	0
cg17994788	C1GALT1_gene_body_CpG	hg19	chr7	7261534	MA1101.3	BACH2	0.8332	20	31	False	0
cg17994788	C1GALT1_gene_body_CpG	hg19	chr7	7261534	MA0877.4	BARHL1	0.8388	59	65	True	1
cg17994788	C1GALT1_gene_body_CpG	hg19	chr7	7261534	MA0635.2	BARHL2	0.867	38	44	False	0
cg17994788	C1GALT1_gene_body_CpG	hg19	chr7	7261534	MA0875.2	BARX1	0.8168	19	25	False	0
cg17994788	C1GALT1_gene_body_CpG	hg19	chr7	7261534	MA0875.2	BARX1	0.882	94	100	False	0
cg17994788	C1GALT1_gene_body_CpG	hg19	chr7	7261534	MA1634.2	BATF	0.8931	22	29	False	0
cg17994788	C1GALT1_gene_body_CpG	hg19	chr7	7261534	MA0462.3	BATF::JUN	0.894	22	29	False	0
cg17994788	C1GALT1_gene_body_CpG	hg19	chr7	7261534	MA0835.3	BATF3	0.8944	22	29	False	0
cg17994788	C1GALT1_gene_body_CpG	hg19	chr7	7261534	MA1928.2	BNC2	0.8694	34	41	False	0
cg17994788	C1GALT1_gene_body_CpG	hg19	chr7	7261534	MA0876.2	BSX	0.8001	11	17	False	0
cg17994788	C1GALT1_gene_body_CpG	hg19	chr7	7261534	MA0876.2	BSX	0.8129	19	25	False	0
cg17994788	C1GALT1_gene_body_CpG	hg19	chr7	7261534	MA0876.2	BSX	0.8891	94	100	False	0
cg17994788	C1GALT1_gene_body_CpG	hg19	chr7	7261534	MA0018.5	CREB1	0.8053	2	10	False	0
cg17994788	C1GALT1_gene_body_CpG	hg19	chr7	7261534	MA0879.3	DLX1	0.8376	19	25	False	0
cg17994788	C1GALT1_gene_body_CpG	hg19	chr7	7261534	MA0879.3	DLX1	0.8749	94	100	False	0
cg17994788	C1GALT1_gene_body_CpG	hg19	chr7	7261534	MA0882.2	DLX6	0.8357	19	25	False	0
cg17994788	C1GALT1_gene_body_CpG	hg19	chr7	7261534	MA0882.2	DLX6	0.8244	26	32	False	0
cg17994788	C1GALT1_gene_body_CpG	hg19	chr7	7261534	MA0882.2	DLX6	0.8945	94	100	False	0
cg17994788	C1GALT1_gene_body_CpG	hg19	chr7	7261534	MA1481.2	DRGX	0.804	19	25	False	0
cg17994788	C1GALT1_gene_body_CpG	hg19	chr7	7261534	MA1481.2	DRGX	0.8316	26	32	False	0
cg17994788	C1GALT1_gene_body_CpG	hg19	chr7	7261534	MA1481.2	DRGX	0.8994	94	100	False	0
cg17994788	C1GALT1_gene_body_CpG	hg19	chr7	7261534	MA1637.2	EBF3	0.8076	77	86	False	0
cg17994788	C1GALT1_gene_body_CpG	hg19	chr7	7261534	MA0800.2	EOMES	0.9371	47	56	False	0
cg17994788	C1GALT1_gene_body_CpG	hg19	chr7	7261534	MA1495.2	HOXA1	0.8128	19	25	False	0
cg17994788	C1GALT1_gene_body_CpG	hg19	chr7	7261534	MA1495.2	HOXA1	0.9195	26	32	False	0
cg17994788	C1GALT1_gene_body_CpG	hg19	chr7	7261534	MA1495.2	HOXA1	0.8334	94	100	False	0
cg17994788	C1GALT1_gene_body_CpG	hg19	chr7	7261534	MA0014.4	PAX5	0.8908	49	57	False	0
cg17994788	C1GALT1_gene_body_CpG	hg19	chr7	7261534	MA0612.3	EMX1	0.8673	26	32	False	0
cg17994788	C1GALT1_gene_body_CpG	hg19	chr7	7261534	MA0612.3	EMX1	0.8502	94	100	False	0
cg17994788	C1GALT1_gene_body_CpG	hg19	chr7	7261534	MA0886.2	EMX2	0.8703	26	32	False	0
cg17994788	C1GALT1_gene_body_CpG	hg19	chr7	7261534	MA0886.2	EMX2	0.8565	94	100	False	0
cg17994788	C1GALT1_gene_body_CpG	hg19	chr7	7261534	MA0027.3	EN1	0.845	19	25	False	0
cg17994788	C1GALT1_gene_body_CpG	hg19	chr7	7261534	MA0027.3	EN1	0.857	26	32	False	0
cg17994788	C1GALT1_gene_body_CpG	hg19	chr7	7261534	MA0027.3	EN1	0.8882	94	100	False	0
cg17994788	C1GALT1_gene_body_CpG	hg19	chr7	7261534	MA0642.3	EN2	0.8411	18	25	False	0
cg17994788	C1GALT1_gene_body_CpG	hg19	chr7	7261534	MA0642.3	EN2	0.8026	25	32	False	0
cg17994788	C1GALT1_gene_body_CpG	hg19	chr7	7261534	MA0820.2	FIGLA	0.8409	65	71	False	0
cg17994788	C1GALT1_gene_body_CpG	hg19	chr7	7261534	MA0644.3	ESX1	0.8219	18	25	False	0
cg17994788	C1GALT1_gene_body_CpG	hg19	chr7	7261534	MA0644.3	ESX1	0.8516	25	32	False	0
cg17994788	C1GALT1_gene_body_CpG	hg19	chr7	7261534	MA0900.3	HOXA2	0.8269	26	32	False	0
cg17994788	C1GALT1_gene_body_CpG	hg19	chr7	7261534	MA0900.3	HOXA2	0.8322	94	100	False	0
cg17994788	C1GALT1_gene_body_CpG	hg19	chr7	7261534	MA0887.2	EVX1	0.8313	26	32	False	0
cg17994788	C1GALT1_gene_body_CpG	hg19	chr7	7261534	MA0887.2	EVX1	0.8879	94	100	False	0
cg17994788	C1GALT1_gene_body_CpG	hg19	chr7	7261534	MA0888.2	EVX2	0.8298	26	32	False	0
cg17994788	C1GALT1_gene_body_CpG	hg19	chr7	7261534	MA0888.2	EVX2	0.881	94	100	False	0
cg17994788	C1GALT1_gene_body_CpG	hg19	chr7	7261534	MA0476.2	FOS	0.8663	22	30	False	0
cg17994788	C1GALT1_gene_body_CpG	hg19	chr7	7261534	MA0099.4	FOS::JUN	0.8275	21	30	False	0
cg17994788	C1GALT1_gene_body_CpG	hg19	chr7	7261534	MA0099.4	FOS::JUN	0.8034	33	42	False	0
cg17994788	C1GALT1_gene_body_CpG	hg19	chr7	7261534	MA1134.2	FOS::JUNB	0.8546	21	30	False	0
cg17994788	C1GALT1_gene_body_CpG	hg19	chr7	7261534	MA0490.3	JUNB	0.9036	21	30	False	0
cg17994788	C1GALT1_gene_body_CpG	hg19	chr7	7261534	MA1141.2	FOS::JUND	0.8032	33	42	False	0
cg17994788	C1GALT1_gene_body_CpG	hg19	chr7	7261534	MA0491.3	JUND	0.8979	21	30	False	0
cg17994788	C1GALT1_gene_body_CpG	hg19	chr7	7261534	MA1135.2	FOSB::JUNB	0.9331	21	30	False	0
cg17994788	C1GALT1_gene_body_CpG	hg19	chr7	7261534	MA1135.2	FOSB::JUNB	0.8203	33	42	False	0
cg17994788	C1GALT1_gene_body_CpG	hg19	chr7	7261534	MA0477.3	FOSL1	0.8989	21	30	False	0
cg17994788	C1GALT1_gene_body_CpG	hg19	chr7	7261534	MA1128.2	FOSL1::JUN	0.926	21	30	False	0
cg17994788	C1GALT1_gene_body_CpG	hg19	chr7	7261534	MA1137.2	FOSL1::JUNB	0.9534	21	30	False	0
cg17994788	C1GALT1_gene_body_CpG	hg19	chr7	7261534	MA1137.2	FOSL1::JUNB	0.8219	33	42	False	0
cg17994788	C1GALT1_gene_body_CpG	hg19	chr7	7261534	MA1142.2	FOSL1::JUND	0.9507	21	29	False	0
cg17994788	C1GALT1_gene_body_CpG	hg19	chr7	7261534	MA1142.2	FOSL1::JUND	0.8927	33	41	False	0
cg17994788	C1GALT1_gene_body_CpG	hg19	chr7	7261534	MA1143.2	FOSL1::JUND	0.8096	21	30	False	0
cg17994788	C1GALT1_gene_body_CpG	hg19	chr7	7261534	MA0478.2	FOSL2	0.8728	20	30	False	0
cg17994788	C1GALT1_gene_body_CpG	hg19	chr7	7261534	MA1130.2	FOSL2::JUN	0.8162	21	30	False	0
cg17994788	C1GALT1_gene_body_CpG	hg19	chr7	7261534	MA1138.2	FOSL2::JUNB	0.9276	21	30	False	0
cg17994788	C1GALT1_gene_body_CpG	hg19	chr7	7261534	MA1138.2	FOSL2::JUNB	0.813	33	42	False	0
cg17994788	C1GALT1_gene_body_CpG	hg19	chr7	7261534	MA1144.2	FOSL2::JUND	0.9206	21	30	False	0
cg17994788	C1GALT1_gene_body_CpG	hg19	chr7	7261534	MA1144.2	FOSL2::JUND	0.8054	33	42	False	0
cg17994788	C1GALT1_gene_body_CpG	hg19	chr7	7261534	MA0047.4	FOXA2	0.8661	36	44	False	0
cg17994788	C1GALT1_gene_body_CpG	hg19	chr7	7261534	MA0047.4	FOXA2	0.8021	59	67	True	1
cg17994788	C1GALT1_gene_body_CpG	hg19	chr7	7261534	MA1683.2	FOXA3	0.8672	37	44	False	0
cg17994788	C1GALT1_gene_body_CpG	hg19	chr7	7261534	MA1683.2	FOXA3	0.8631	60	67	False	0
cg17994788	C1GALT1_gene_body_CpG	hg19	chr7	7261534	MA0846.2	FOXC2	0.8108	57	68	True	1
cg17994788	C1GALT1_gene_body_CpG	hg19	chr7	7261534	MA0031.2	FOXD1	0.8527	37	44	False	0
cg17994788	C1GALT1_gene_body_CpG	hg19	chr7	7261534	MA0031.2	FOXD1	0.8565	60	67	False	0
cg17994788	C1GALT1_gene_body_CpG	hg19	chr7	7261534	MA0030.2	FOXF2	0.8221	59	68	True	1
cg17994788	C1GALT1_gene_body_CpG	hg19	chr7	7261534	MA0852.3	FOXK1	0.8584	37	44	False	0
cg17994788	C1GALT1_gene_body_CpG	hg19	chr7	7261534	MA0852.3	FOXK1	0.8569	60	67	False	0
cg17994788	C1GALT1_gene_body_CpG	hg19	chr7	7261534	MA1103.3	FOXK2	0.8639	37	44	False	0
cg17994788	C1GALT1_gene_body_CpG	hg19	chr7	7261534	MA1103.3	FOXK2	0.8596	60	67	False	0
cg17994788	C1GALT1_gene_body_CpG	hg19	chr7	7261534	MA0481.4	FOXP1	0.8716	37	44	False	0
cg17994788	C1GALT1_gene_body_CpG	hg19	chr7	7261534	MA0481.4	FOXP1	0.863	60	67	False	0
cg17994788	C1GALT1_gene_body_CpG	hg19	chr7	7261534	MA0593.2	FOXP2	0.8492	36	45	False	0
cg17994788	C1GALT1_gene_body_CpG	hg19	chr7	7261534	MA0766.3	GATA5	0.8494	29	37	False	0
cg17994788	C1GALT1_gene_body_CpG	hg19	chr7	7261534	MA0889.2	GBX1	0.8473	18	25	False	0
cg17994788	C1GALT1_gene_body_CpG	hg19	chr7	7261534	MA0889.2	GBX1	0.8485	25	32	False	0
cg17994788	C1GALT1_gene_body_CpG	hg19	chr7	7261534	MA0889.2	GBX1	0.8036	93	100	False	0
cg17994788	C1GALT1_gene_body_CpG	hg19	chr7	7261534	MA0890.2	GBX2	0.8374	19	25	False	0
cg17994788	C1GALT1_gene_body_CpG	hg19	chr7	7261534	MA0890.2	GBX2	0.8179	26	32	False	0
cg17994788	C1GALT1_gene_body_CpG	hg19	chr7	7261534	MA0890.2	GBX2	0.8822	94	100	False	0
cg17994788	C1GALT1_gene_body_CpG	hg19	chr7	7261534	MA0892.2	GSX1	0.8212	26	32	False	0
cg17994788	C1GALT1_gene_body_CpG	hg19	chr7	7261534	MA0892.2	GSX1	0.8985	94	100	False	0
cg17994788	C1GALT1_gene_body_CpG	hg19	chr7	7261534	MA0893.3	GSX2	0.8275	25	32	False	0
cg17994788	C1GALT1_gene_body_CpG	hg19	chr7	7261534	MA0893.3	GSX2	0.8322	93	100	False	0
cg17994788	C1GALT1_gene_body_CpG	hg19	chr7	7261534	MA0894.2	HESX1	0.8133	26	32	False	0
cg17994788	C1GALT1_gene_body_CpG	hg19	chr7	7261534	MA0894.2	HESX1	0.8352	94	100	False	0
cg17994788	C1GALT1_gene_body_CpG	hg19	chr7	7261534	MA0738.2	HIC2	0.8054	51	57	False	0
cg17994788	C1GALT1_gene_body_CpG	hg19	chr7	7261534	MA1496.2	HOXA4	0.8076	93	100	False	0
cg17994788	C1GALT1_gene_body_CpG	hg19	chr7	7261534	MA1497.2	HOXA6	0.8116	10	17	False	0
cg17994788	C1GALT1_gene_body_CpG	hg19	chr7	7261534	MA1498.3	HOXA7	0.8122	11	17	False	0
cg17994788	C1GALT1_gene_body_CpG	hg19	chr7	7261534	MA1498.3	HOXA7	0.8208	19	25	False	0
cg17994788	C1GALT1_gene_body_CpG	hg19	chr7	7261534	MA1498.3	HOXA7	0.9083	94	100	False	0
cg17994788	C1GALT1_gene_body_CpG	hg19	chr7	7261534	MA0902.3	HOXB2	0.8828	19	25	False	0
cg17994788	C1GALT1_gene_body_CpG	hg19	chr7	7261534	MA0902.3	HOXB2	0.9087	26	32	False	0
cg17994788	C1GALT1_gene_body_CpG	hg19	chr7	7261534	MA0902.3	HOXB2	0.866	94	100	False	0
cg17994788	C1GALT1_gene_body_CpG	hg19	chr7	7261534	MA1566.3	TBX3	0.912	47	56	False	0
cg17994788	C1GALT1_gene_body_CpG	hg19	chr7	7261534	MA0903.2	HOXB3	0.8195	26	32	False	0
cg17994788	C1GALT1_gene_body_CpG	hg19	chr7	7261534	MA0903.2	HOXB3	0.9121	94	100	False	0
cg17994788	C1GALT1_gene_body_CpG	hg19	chr7	7261534	MA1499.2	HOXB4	0.807	26	32	False	0
cg17994788	C1GALT1_gene_body_CpG	hg19	chr7	7261534	MA1499.2	HOXB4	0.8103	94	100	False	0
cg17994788	C1GALT1_gene_body_CpG	hg19	chr7	7261534	MA0904.3	HOXB5	0.8114	19	25	False	0
cg17994788	C1GALT1_gene_body_CpG	hg19	chr7	7261534	MA0904.3	HOXB5	0.925	26	32	False	0
cg17994788	C1GALT1_gene_body_CpG	hg19	chr7	7261534	MA0904.3	HOXB5	0.8341	94	100	False	0
cg17994788	C1GALT1_gene_body_CpG	hg19	chr7	7261534	MA1500.2	HOXB6	0.85	19	26	False	0
cg17994788	C1GALT1_gene_body_CpG	hg19	chr7	7261534	MA1500.2	HOXB6	0.8969	26	33	False	0
cg17994788	C1GALT1_gene_body_CpG	hg19	chr7	7261534	MA1500.2	HOXB6	0.8407	94	101	False	0
cg17994788	C1GALT1_gene_body_CpG	hg19	chr7	7261534	MA1502.2	HOXB8	0.819	10	17	False	0
cg17994788	C1GALT1_gene_body_CpG	hg19	chr7	7261534	MA1504.2	HOXC4	0.8269	94	100	False	0
cg17994788	C1GALT1_gene_body_CpG	hg19	chr7	7261534	MA1505.2	HOXC8	0.8574	19	25	False	0
cg17994788	C1GALT1_gene_body_CpG	hg19	chr7	7261534	MA1505.2	HOXC8	0.9117	26	32	False	0
cg17994788	C1GALT1_gene_body_CpG	hg19	chr7	7261534	MA1505.2	HOXC8	0.8469	94	100	False	0
cg17994788	C1GALT1_gene_body_CpG	hg19	chr7	7261534	MA1507.2	HOXD4	0.8049	26	32	False	0
cg17994788	C1GALT1_gene_body_CpG	hg19	chr7	7261534	MA1507.2	HOXD4	0.8309	94	100	False	0
cg17994788	C1GALT1_gene_body_CpG	hg19	chr7	7261534	MA0910.3	HOXD8	0.8253	10	17	False	0
cg17994788	C1GALT1_gene_body_CpG	hg19	chr7	7261534	MA0910.3	HOXD8	0.8008	18	25	False	0
cg17994788	C1GALT1_gene_body_CpG	hg19	chr7	7261534	MA0914.2	ISL2	0.8337	11	17	False	0
cg17994788	C1GALT1_gene_body_CpG	hg19	chr7	7261534	MA0654.2	ISX	0.8249	19	25	False	0
cg17994788	C1GALT1_gene_body_CpG	hg19	chr7	7261534	MA0654.2	ISX	0.829	26	32	False	0
cg17994788	C1GALT1_gene_body_CpG	hg19	chr7	7261534	MA0654.2	ISX	0.8796	94	100	False	0
cg17994788	C1GALT1_gene_body_CpG	hg19	chr7	7261534	MA1132.2	JUN::JUNB	0.9263	21	29	False	0
cg17994788	C1GALT1_gene_body_CpG	hg19	chr7	7261534	MA1132.2	JUN::JUNB	0.832	33	41	False	0
cg17994788	C1GALT1_gene_body_CpG	hg19	chr7	7261534	MA0699.2	LBX2	0.8637	19	25	False	0
cg17994788	C1GALT1_gene_body_CpG	hg19	chr7	7261534	MA0699.2	LBX2	0.85	26	32	False	0
cg17994788	C1GALT1_gene_body_CpG	hg19	chr7	7261534	MA0699.2	LBX2	0.8923	94	100	False	0
cg17994788	C1GALT1_gene_body_CpG	hg19	chr7	7261534	MA0700.3	LHX2	0.8302	19	25	False	0
cg17994788	C1GALT1_gene_body_CpG	hg19	chr7	7261534	MA0700.3	LHX2	0.8419	94	100	False	0
cg17994788	C1GALT1_gene_body_CpG	hg19	chr7	7261534	MA1519.2	LHX5	0.8424	25	32	False	0
cg17994788	C1GALT1_gene_body_CpG	hg19	chr7	7261534	MA0701.3	LHX9	0.8192	18	25	False	0
cg17994788	C1GALT1_gene_body_CpG	hg19	chr7	7261534	MA0701.3	LHX9	0.8592	25	32	False	0
cg17994788	C1GALT1_gene_body_CpG	hg19	chr7	7261534	MA0702.3	LMX1A	0.8033	25	32	False	0
cg17994788	C1GALT1_gene_body_CpG	hg19	chr7	7261534	MA0841.2	NFE2	0.8682	21	31	False	0
cg17994788	C1GALT1_gene_body_CpG	hg19	chr7	7261534	MA0052.5	MEF2A	0.8325	91	101	False	0
cg17994788	C1GALT1_gene_body_CpG	hg19	chr7	7261534	MA0497.2	MEF2C	0.8225	91	102	False	0
cg17994788	C1GALT1_gene_body_CpG	hg19	chr7	7261534	MA0498.3	MEIS1	0.8524	5	10	False	0
cg17994788	C1GALT1_gene_body_CpG	hg19	chr7	7261534	MA0498.3	MEIS1	0.8276	22	27	False	0
cg17994788	C1GALT1_gene_body_CpG	hg19	chr7	7261534	MA0498.3	MEIS1	0.8001	29	34	False	0
cg17994788	C1GALT1_gene_body_CpG	hg19	chr7	7261534	MA0498.3	MEIS1	0.8071	52	57	False	0
cg17994788	C1GALT1_gene_body_CpG	hg19	chr7	7261534	MA1640.2	MEIS2	0.8005	22	31	False	0
cg17994788	C1GALT1_gene_body_CpG	hg19	chr7	7261534	MA0775.2	MEIS3	0.8352	4	11	False	0
cg17994788	C1GALT1_gene_body_CpG	hg19	chr7	7261534	MA0661.2	MEOX1	0.8861	25	32	False	0
cg17994788	C1GALT1_gene_body_CpG	hg19	chr7	7261534	MA0706.2	MEOX2	0.8793	25	32	False	0
cg17994788	C1GALT1_gene_body_CpG	hg19	chr7	7261534	MA0662.2	MIXL1	0.8388	19	25	False	0
cg17994788	C1GALT1_gene_body_CpG	hg19	chr7	7261534	MA0662.2	MIXL1	0.8595	26	32	False	0
cg17994788	C1GALT1_gene_body_CpG	hg19	chr7	7261534	MA0662.2	MIXL1	0.9063	94	100	False	0
cg17994788	C1GALT1_gene_body_CpG	hg19	chr7	7261534	MA0707.3	MNX1	0.818	19	25	False	0
cg17994788	C1GALT1_gene_body_CpG	hg19	chr7	7261534	MA0707.3	MNX1	0.802	22	28	False	0
cg17994788	C1GALT1_gene_body_CpG	hg19	chr7	7261534	MA0707.3	MNX1	0.8418	26	32	False	0
cg17994788	C1GALT1_gene_body_CpG	hg19	chr7	7261534	MA0707.3	MNX1	0.802	34	40	False	0
cg17994788	C1GALT1_gene_body_CpG	hg19	chr7	7261534	MA0707.3	MNX1	0.8611	94	100	False	0
cg17994788	C1GALT1_gene_body_CpG	hg19	chr7	7261534	MA0666.3	MSX1	0.8301	19	25	False	0
cg17994788	C1GALT1_gene_body_CpG	hg19	chr7	7261534	MA0666.3	MSX1	0.8723	94	100	False	0
cg17994788	C1GALT1_gene_body_CpG	hg19	chr7	7261534	MA0708.3	MSX2	0.8334	19	25	False	0
cg17994788	C1GALT1_gene_body_CpG	hg19	chr7	7261534	MA0708.3	MSX2	0.8666	94	100	False	0
cg17994788	C1GALT1_gene_body_CpG	hg19	chr7	7261534	MA0060.4	NFYA	0.852	18	26	False	0
cg17994788	C1GALT1_gene_body_CpG	hg19	chr7	7261534	MA1644.2	NFYC	0.8974	18	25	False	0
cg17994788	C1GALT1_gene_body_CpG	hg19	chr7	7261534	MA0672.2	NKX2-3	0.8169	10	18	False	0
cg17994788	C1GALT1_gene_body_CpG	hg19	chr7	7261534	MA2003.2	NKX2-4	0.8068	10	18	False	0
cg17994788	C1GALT1_gene_body_CpG	hg19	chr7	7261534	MA0673.2	NKX2-8	0.8233	10	18	False	0
cg17994788	C1GALT1_gene_body_CpG	hg19	chr7	7261534	MA0675.2	NKX6-2	0.8137	19	25	False	0
cg17994788	C1GALT1_gene_body_CpG	hg19	chr7	7261534	MA0675.2	NKX6-2	0.8405	26	32	False	0
cg17994788	C1GALT1_gene_body_CpG	hg19	chr7	7261534	MA0675.2	NKX6-2	0.8878	94	100	False	0
cg17994788	C1GALT1_gene_body_CpG	hg19	chr7	7261534	MA1530.2	NKX6-3	0.831	10	18	False	0
cg17994788	C1GALT1_gene_body_CpG	hg19	chr7	7261534	MA0710.2	NOTO	0.8514	25	32	False	0
cg17994788	C1GALT1_gene_body_CpG	hg19	chr7	7261534	MA0710.2	NOTO	0.8252	93	100	False	0
cg17994788	C1GALT1_gene_body_CpG	hg19	chr7	7261534	MA1534.2	NR1I3	0.8642	38	46	False	0
cg17994788	C1GALT1_gene_body_CpG	hg19	chr7	7261534	MA1545.2	OVOL2	0.8004	57	64	True	1
cg17994788	C1GALT1_gene_body_CpG	hg19	chr7	7261534	MA0132.3	PDX1	0.8207	26	32	False	0
cg17994788	C1GALT1_gene_body_CpG	hg19	chr7	7261534	MA0132.3	PDX1	0.8763	94	100	False	0
cg17994788	C1GALT1_gene_body_CpG	hg19	chr7	7261534	MA0782.3	PKNOX1	0.8172	79	89	False	0
cg17994788	C1GALT1_gene_body_CpG	hg19	chr7	7261534	MA0628.2	POU6F1	0.8622	26	32	False	0
cg17994788	C1GALT1_gene_body_CpG	hg19	chr7	7261534	MA0628.2	POU6F1	0.8445	94	100	False	0
cg17994788	C1GALT1_gene_body_CpG	hg19	chr7	7261534	MA1549.2	POU6F1	0.9312	26	33	False	0
cg17994788	C1GALT1_gene_body_CpG	hg19	chr7	7261534	MA0716.2	PRRX1	0.8369	19	25	False	0
cg17994788	C1GALT1_gene_body_CpG	hg19	chr7	7261534	MA0716.2	PRRX1	0.847	26	32	False	0
cg17994788	C1GALT1_gene_body_CpG	hg19	chr7	7261534	MA0716.2	PRRX1	0.9137	94	100	False	0
cg17994788	C1GALT1_gene_body_CpG	hg19	chr7	7261534	MA0075.4	PRRX2	0.8473	25	32	False	0
cg17994788	C1GALT1_gene_body_CpG	hg19	chr7	7261534	MA0718.2	RAX	0.8347	19	25	False	0
cg17994788	C1GALT1_gene_body_CpG	hg19	chr7	7261534	MA0718.2	RAX	0.8257	26	32	False	0
cg17994788	C1GALT1_gene_body_CpG	hg19	chr7	7261534	MA0718.2	RAX	0.9109	94	100	False	0
cg17994788	C1GALT1_gene_body_CpG	hg19	chr7	7261534	MA0717.2	RAX2	0.8523	19	25	False	0
cg17994788	C1GALT1_gene_body_CpG	hg19	chr7	7261534	MA0717.2	RAX2	0.8506	26	32	False	0
cg17994788	C1GALT1_gene_body_CpG	hg19	chr7	7261534	MA0717.2	RAX2	0.9126	94	100	False	0
cg17994788	C1GALT1_gene_body_CpG	hg19	chr7	7261534	MA1116.2	RBPJ	0.8348	107	113	False	0
cg17994788	C1GALT1_gene_body_CpG	hg19	chr7	7261534	MA1117.2	RELB	0.8732	96	103	False	0
cg17994788	C1GALT1_gene_body_CpG	hg19	chr7	7261534	MA0719.2	RHOXF1	0.8298	87	93	False	0
cg17994788	C1GALT1_gene_body_CpG	hg19	chr7	7261534	MA1963.2	SATB1	0.8678	25	32	False	0
cg17994788	C1GALT1_gene_body_CpG	hg19	chr7	7261534	MA0630.2	SHOX	0.8684	26	32	False	0
cg17994788	C1GALT1_gene_body_CpG	hg19	chr7	7261534	MA0630.2	SHOX	0.852	94	100	False	0
cg17994788	C1GALT1_gene_body_CpG	hg19	chr7	7261534	MA1964.2	SMAD2	0.8304	67	73	False	0
cg17994788	C1GALT1_gene_body_CpG	hg19	chr7	7261534	MA0868.3	SOX8	0.8454	17	24	False	0
cg17994788	C1GALT1_gene_body_CpG	hg19	chr7	7261534	MA1965.2	SP5	0.8328	112	118	False	0
cg17994788	C1GALT1_gene_body_CpG	hg19	chr7	7261534	MA0084.2	SRY	0.8478	16	23	False	0
cg17994788	C1GALT1_gene_body_CpG	hg19	chr7	7261534	MA0802.2	TBR1	0.9163	47	56	False	0
cg17994788	C1GALT1_gene_body_CpG	hg19	chr7	7261534	MA1565.2	TBX18	0.9168	47	56	False	0
cg17994788	C1GALT1_gene_body_CpG	hg19	chr7	7261534	MA0688.2	TBX2	0.9339	47	56	False	0
cg17994788	C1GALT1_gene_body_CpG	hg19	chr7	7261534	MA1121.2	TEAD2	0.8576	111	118	False	0
cg17994788	C1GALT1_gene_body_CpG	hg19	chr7	7261534	MA0810.2	TFAP2A	0.8374	74	85	False	0
cg17994788	C1GALT1_gene_body_CpG	hg19	chr7	7261534	MA0003.5	TFAP2A	0.8269	76	85	False	0
cg17994788	C1GALT1_gene_body_CpG	hg19	chr7	7261534	MA0811.2	TFAP2B	0.8384	75	86	False	0
cg17994788	C1GALT1_gene_body_CpG	hg19	chr7	7261534	MA0812.2	TFAP2B	0.802	76	85	False	0
cg17994788	C1GALT1_gene_body_CpG	hg19	chr7	7261534	MA0524.3	TFAP2C	0.8326	75	86	False	0
cg17994788	C1GALT1_gene_body_CpG	hg19	chr7	7261534	MA0814.3	TFAP2C	0.894	76	85	False	0
cg17994788	C1GALT1_gene_body_CpG	hg19	chr7	7261534	MA1569.2	TFAP2E	0.9201	76	85	False	0
cg17994788	C1GALT1_gene_body_CpG	hg19	chr7	7261534	MA1577.2	TLX2	0.8191	19	25	False	0
cg17994788	C1GALT1_gene_body_CpG	hg19	chr7	7261534	MA1577.2	TLX2	0.8223	26	32	False	0
cg17994788	C1GALT1_gene_body_CpG	hg19	chr7	7261534	MA1577.2	TLX2	0.9176	94	100	False	0
cg17994788	C1GALT1_gene_body_CpG	hg19	chr7	7261534	MA0721.2	UNCX	0.8347	19	25	False	0
cg17994788	C1GALT1_gene_body_CpG	hg19	chr7	7261534	MA0721.2	UNCX	0.8481	26	32	False	0
cg17994788	C1GALT1_gene_body_CpG	hg19	chr7	7261534	MA0721.2	UNCX	0.9132	94	100	False	0
cg17994788	C1GALT1_gene_body_CpG	hg19	chr7	7261534	MA0722.2	VAX1	0.8393	18	25	False	0
cg17994788	C1GALT1_gene_body_CpG	hg19	chr7	7261534	MA0722.2	VAX1	0.9368	25	32	False	0
cg17994788	C1GALT1_gene_body_CpG	hg19	chr7	7261534	MA0722.2	VAX1	0.809	93	100	False	0
cg17994788	C1GALT1_gene_body_CpG	hg19	chr7	7261534	MA0723.3	VAX2	0.8708	19	25	False	0
cg17994788	C1GALT1_gene_body_CpG	hg19	chr7	7261534	MA0723.3	VAX2	0.8953	26	32	False	0
cg17994788	C1GALT1_gene_body_CpG	hg19	chr7	7261534	MA0723.3	VAX2	0.8881	94	100	False	0
cg17994788	C1GALT1_gene_body_CpG	hg19	chr7	7261534	MA0725.2	VSX1	0.8753	25	32	False	0
cg17994788	C1GALT1_gene_body_CpG	hg19	chr7	7261534	MA0726.2	VSX2	0.8639	25	32	False	0
cg17994788	C1GALT1_gene_body_CpG	hg19	chr7	7261534	MA1649.2	ZBTB12	0.8457	67	74	False	0
cg17994788	C1GALT1_gene_body_CpG	hg19	chr7	7261534	MA1579.2	ZBTB26	0.868	65	73	False	0
cg17994788	C1GALT1_gene_body_CpG	hg19	chr7	7261534	MA0103.4	ZEB1	0.8343	65	71	False	0
cg17994788	C1GALT1_gene_body_CpG	hg19	chr7	7261534	MA1593.2	ZNF317	0.8798	64	72	False	0
cg17994788	C1GALT1_gene_body_CpG	hg19	chr7	7261534	MA1731.2	ZNF768	0.8793	100	109	False	0
cg17994788	C1GALT1_gene_body_CpG	hg19	chr7	7261534	MA1717.2	ZNF784	0.8455	54	62	True	1
cg17994788	C1GALT1_gene_body_CpG	hg19	chr7	7261534	MA1717.2	ZNF784	0.8176	111	119	False	0
cg17994788	C1GALT1_gene_body_CpG	hg19	chr7	7261534	MA2123.1	Hand1	0.8393	66	75	False	0
cg17994788	C1GALT1_gene_body_CpG	hg19	chr7	7261534	MA0006.2	Ahr::Arnt	0.8208	49	54	False	0
cg17994788	C1GALT1_gene_body_CpG	hg19	chr7	7261534	MA0602.2	Arid5a	0.8412	92	100	False	0
cg17994788	C1GALT1_gene_body_CpG	hg19	chr7	7261534	MA1988.2	Atf3	0.8932	22	29	False	0
cg17994788	C1GALT1_gene_body_CpG	hg19	chr7	7261534	MA0489.3	Jun	0.8832	22	30	False	0
cg17994788	C1GALT1_gene_body_CpG	hg19	chr7	7261534	MA1989.2	Bcl11B	0.8	64	73	False	0
cg17994788	C1GALT1_gene_body_CpG	hg19	chr7	7261534	MA0880.2	Dlx3	0.8506	19	25	False	0
cg17994788	C1GALT1_gene_body_CpG	hg19	chr7	7261534	MA0880.2	Dlx3	0.8312	26	32	False	0
cg17994788	C1GALT1_gene_body_CpG	hg19	chr7	7261534	MA0880.2	Dlx3	0.8993	94	100	False	0
cg17994788	C1GALT1_gene_body_CpG	hg19	chr7	7261534	MA0881.2	Dlx4	0.8446	19	25	False	0
cg17994788	C1GALT1_gene_body_CpG	hg19	chr7	7261534	MA0881.2	Dlx4	0.8243	26	32	False	0
cg17994788	C1GALT1_gene_body_CpG	hg19	chr7	7261534	MA0881.2	Dlx4	0.8925	94	100	False	0
cg17994788	C1GALT1_gene_body_CpG	hg19	chr7	7261534	MA1604.2	Ebf2	0.8025	77	86	False	0
cg17994788	C1GALT1_gene_body_CpG	hg19	chr7	7261534	MA0480.3	Foxo1	0.8612	37	44	False	0
cg17994788	C1GALT1_gene_body_CpG	hg19	chr7	7261534	MA0480.3	Foxo1	0.8651	60	67	False	0
cg17994788	C1GALT1_gene_body_CpG	hg19	chr7	7261534	MA1606.2	Foxf1	0.863	37	44	False	0
cg17994788	C1GALT1_gene_body_CpG	hg19	chr7	7261534	MA1606.2	Foxf1	0.856	60	67	False	0
cg17994788	C1GALT1_gene_body_CpG	hg19	chr7	7261534	MA1607.2	Foxl2	0.812	57	67	True	1
cg17994788	C1GALT1_gene_body_CpG	hg19	chr7	7261534	MA0157.4	Foxo3	0.8669	37	44	False	0
cg17994788	C1GALT1_gene_body_CpG	hg19	chr7	7261534	MA0157.4	Foxo3	0.8602	60	67	False	0
cg17994788	C1GALT1_gene_body_CpG	hg19	chr7	7261534	MA0615.2	Gmeb1	0.8766	57	63	True	1
cg17994788	C1GALT1_gene_body_CpG	hg19	chr7	7261534	MA0896.2	Hmx1	0.8041	9	18	False	0
cg17994788	C1GALT1_gene_body_CpG	hg19	chr7	7261534	MA0897.2	Hmx2	0.8065	8	23	False	0
cg17994788	C1GALT1_gene_body_CpG	hg19	chr7	7261534	MA0898.2	Hmx3	0.8075	9	18	False	0
cg17994788	C1GALT1_gene_body_CpG	hg19	chr7	7261534	MA0704.2	Lhx4	0.8403	26	32	False	0
cg17994788	C1GALT1_gene_body_CpG	hg19	chr7	7261534	MA0704.2	Lhx4	0.8694	94	100	False	0
cg17994788	C1GALT1_gene_body_CpG	hg19	chr7	7261534	MA0705.2	Lhx8	0.8509	26	32	False	0
cg17994788	C1GALT1_gene_body_CpG	hg19	chr7	7261534	MA0705.2	Lhx8	0.8433	94	100	False	0
cg17994788	C1GALT1_gene_body_CpG	hg19	chr7	7261534	MA0709.2	Msx3	0.8348	19	25	False	0
cg17994788	C1GALT1_gene_body_CpG	hg19	chr7	7261534	MA0709.2	Msx3	0.8737	94	100	False	0
cg17994788	C1GALT1_gene_body_CpG	hg19	chr7	7261534	MA0125.2	Nobox	0.8462	26	32	False	0
cg17994788	C1GALT1_gene_body_CpG	hg19	chr7	7261534	MA0494.2	Nr1h3::Rxra	0.8404	52	68	True	1
cg17994788	C1GALT1_gene_body_CpG	hg19	chr7	7261534	MA0494.2	Nr1h3::Rxra	0.8585	87	103	False	0
cg17994788	C1GALT1_gene_body_CpG	hg19	chr7	7261534	MA0680.3	Pax7	0.8032	15	25	False	0
cg17994788	C1GALT1_gene_body_CpG	hg19	chr7	7261534	MA0002.3	Runx1	0.8046	44	53	False	0
cg17994788	C1GALT1_gene_body_CpG	hg19	chr7	7261534	MA0720.2	Shox2	0.8452	19	25	False	0
cg17994788	C1GALT1_gene_body_CpG	hg19	chr7	7261534	MA0720.2	Shox2	0.8462	26	32	False	0
cg17994788	C1GALT1_gene_body_CpG	hg19	chr7	7261534	MA0720.2	Shox2	0.9014	94	100	False	0
cg17994788	C1GALT1_gene_body_CpG	hg19	chr7	7261534	MA2001.2	Six4	0.8629	75	82	False	0
cg17994788	C1GALT1_gene_body_CpG	hg19	chr7	7261534	MA1567.3	Tbx6	0.9048	47	56	False	0
cg04827551	C1GALT1_gene_body_CpG	hg19	chr7	7268745	MA0130.1	ZNF354C	0.8351	44	50	False	0
cg04827551	C1GALT1_gene_body_CpG	hg19	chr7	7268745	MA0151.1	Arid3a	0.8225	75	81	False	0
cg04827551	C1GALT1_gene_body_CpG	hg19	chr7	7268745	MA0515.1	Sox6	0.8039	36	46	False	0
cg04827551	C1GALT1_gene_body_CpG	hg19	chr7	7268745	MA0515.1	Sox6	0.9244	87	97	False	0
cg04827551	C1GALT1_gene_body_CpG	hg19	chr7	7268745	MA0878.3	CDX1	0.8319	72	82	False	0
cg04827551	C1GALT1_gene_body_CpG	hg19	chr7	7268745	MA2327.1	PGR	0.8646	79	88	False	0
cg04827551	C1GALT1_gene_body_CpG	hg19	chr7	7268745	MA1100.3	ASCL1	0.827	70	78	False	0
cg04827551	C1GALT1_gene_body_CpG	hg19	chr7	7268745	MA1466.2	ATF6	0.8336	106	119	False	0
cg04827551	C1GALT1_gene_body_CpG	hg19	chr7	7268745	MA0635.2	BARHL2	0.8322	6	12	False	0
cg04827551	C1GALT1_gene_body_CpG	hg19	chr7	7268745	MA1635.2	BHLHE22	0.8335	71	77	False	0
cg04827551	C1GALT1_gene_body_CpG	hg19	chr7	7268745	MA0465.3	CDX2	0.8832	73	81	False	0
cg04827551	C1GALT1_gene_body_CpG	hg19	chr7	7268745	MA1473.2	CDX4	0.878	73	82	False	0
cg04827551	C1GALT1_gene_body_CpG	hg19	chr7	7268745	MA0901.3	HOXB13	0.8297	73	82	False	0
cg04827551	C1GALT1_gene_body_CpG	hg19	chr7	7268745	MA1937.2	ERF::HOXB13	0.8018	68	81	False	0
cg04827551	C1GALT1_gene_body_CpG	hg19	chr7	7268745	MA1137.2	FOSL1::JUNB	0.804	27	36	False	0
cg04827551	C1GALT1_gene_body_CpG	hg19	chr7	7268745	MA0035.5	GATA1	0.8087	95	102	False	0
cg04827551	C1GALT1_gene_body_CpG	hg19	chr7	7268745	MA0036.4	GATA2	0.8519	95	102	False	0
cg04827551	C1GALT1_gene_body_CpG	hg19	chr7	7268745	MA0482.3	GATA4	0.8223	94	102	False	0
cg04827551	C1GALT1_gene_body_CpG	hg19	chr7	7268745	MA1104.3	GATA6	0.8727	94	102	False	0
cg04827551	C1GALT1_gene_body_CpG	hg19	chr7	7268745	MA1638.2	HAND2	0.8337	102	108	False	0
cg04827551	C1GALT1_gene_body_CpG	hg19	chr7	7268745	MA0894.2	HESX1	0.8251	6	12	False	0
cg04827551	C1GALT1_gene_body_CpG	hg19	chr7	7268745	MA0738.2	HIC2	0.9264	49	55	False	0
cg04827551	C1GALT1_gene_body_CpG	hg19	chr7	7268745	MA0899.2	HOXA10	0.8912	73	82	False	0
cg04827551	C1GALT1_gene_body_CpG	hg19	chr7	7268745	MA1500.2	HOXB6	0.8126	17	24	False	0
cg04827551	C1GALT1_gene_body_CpG	hg19	chr7	7268745	MA0905.2	HOXC10	0.8016	73	82	False	0
cg04827551	C1GALT1_gene_body_CpG	hg19	chr7	7268745	MA0913.3	HOXD9	0.8871	73	82	False	0
cg04827551	C1GALT1_gene_body_CpG	hg19	chr7	7268745	MA0618.2	LBX1	0.8053	6	13	False	0
cg04827551	C1GALT1_gene_body_CpG	hg19	chr7	7268745	MA0498.3	MEIS1	0.8	20	25	False	0
cg04827551	C1GALT1_gene_body_CpG	hg19	chr7	7268745	MA0498.3	MEIS1	0.8276	28	33	False	0
cg04827551	C1GALT1_gene_body_CpG	hg19	chr7	7268745	MA0498.3	MEIS1	0.8132	50	55	False	0
cg04827551	C1GALT1_gene_body_CpG	hg19	chr7	7268745	MA0775.2	MEIS3	0.8082	49	56	False	0
cg04827551	C1GALT1_gene_body_CpG	hg19	chr7	7268745	MA1960.2	MGA::EVX1	0.8112	7	18	False	0
cg04827551	C1GALT1_gene_body_CpG	hg19	chr7	7268745	MA0707.3	MNX1	0.802	28	34	False	0
cg04827551	C1GALT1_gene_body_CpG	hg19	chr7	7268745	MA0100.4	MYB	0.836	31	37	False	0
cg04827551	C1GALT1_gene_body_CpG	hg19	chr7	7268745	MA1641.2	MYF5	0.8052	70	78	False	0
cg04827551	C1GALT1_gene_body_CpG	hg19	chr7	7268745	MA0500.3	MYOG	0.8456	70	78	False	0
cg04827551	C1GALT1_gene_body_CpG	hg19	chr7	7268745	MA1642.2	NEUROG2	0.8559	102	109	False	0
cg04827551	C1GALT1_gene_body_CpG	hg19	chr7	7268745	MA0670.2	NFIA	0.8333	2	8	False	0
cg04827551	C1GALT1_gene_body_CpG	hg19	chr7	7268745	MA0670.2	NFIA	0.8333	50	56	False	0
cg04827551	C1GALT1_gene_body_CpG	hg19	chr7	7268745	MA0671.2	NFIX	0.8232	2	8	False	0
cg04827551	C1GALT1_gene_body_CpG	hg19	chr7	7268745	MA0671.2	NFIX	0.932	50	56	False	0
cg04827551	C1GALT1_gene_body_CpG	hg19	chr7	7268745	MA1542.2	OSR1	0.8085	30	38	False	0
cg04827551	C1GALT1_gene_body_CpG	hg19	chr7	7268745	MA1646.2	OSR2	0.8372	52	60	True	1
cg04827551	C1GALT1_gene_body_CpG	hg19	chr7	7268745	MA0508.4	PRDM1	0.8604	37	44	False	0
cg04827551	C1GALT1_gene_body_CpG	hg19	chr7	7268745	MA0630.2	SHOX	0.8294	6	12	False	0
cg04827551	C1GALT1_gene_body_CpG	hg19	chr7	7268745	MA1152.2	SOX15	0.9154	22	29	False	0
cg04827551	C1GALT1_gene_body_CpG	hg19	chr7	7268745	MA1152.2	SOX15	0.9052	87	94	False	0
cg04827551	C1GALT1_gene_body_CpG	hg19	chr7	7268745	MA1152.2	SOX15	0.8168	95	102	False	0
cg04827551	C1GALT1_gene_body_CpG	hg19	chr7	7268745	MA0077.2	SOX9	0.8202	22	30	False	0
cg04827551	C1GALT1_gene_body_CpG	hg19	chr7	7268745	MA0769.3	TCF7	0.8566	88	95	False	0
cg04827551	C1GALT1_gene_body_CpG	hg19	chr7	7268745	MA1970.2	TRPS1	0.8734	94	102	False	0
cg04827551	C1GALT1_gene_body_CpG	hg19	chr7	7268745	MA1583.2	ZFP57	0.8615	69	76	False	0
cg04827551	C1GALT1_gene_body_CpG	hg19	chr7	7268745	MA2337.1	Nr1h3	0.802	19	25	False	0
cg04827551	C1GALT1_gene_body_CpG	hg19	chr7	7268745	MA0602.2	Arid5a	0.8143	79	87	False	0
cg04827551	C1GALT1_gene_body_CpG	hg19	chr7	7268745	MA1467.3	Atoh1	0.8575	102	109	False	0
cg04827551	C1GALT1_gene_body_CpG	hg19	chr7	7268745	MA1472.3	Bhlha15	0.8005	70	78	False	0
cg04827551	C1GALT1_gene_body_CpG	hg19	chr7	7268745	MA0650.4	Hoxa13	0.8029	73	81	False	0
cg04827551	C1GALT1_gene_body_CpG	hg19	chr7	7268745	MA0037.5	Gata3	0.8805	94	102	False	0
cg04827551	C1GALT1_gene_body_CpG	hg19	chr7	7268745	MA0739.2	Hic1	0.8441	49	57	False	0
cg04827551	C1GALT1_gene_body_CpG	hg19	chr7	7268745	MA1991.2	Hnf1A	0.8575	87	97	False	0
cg04827551	C1GALT1_gene_body_CpG	hg19	chr7	7268745	MA0909.4	Hoxd13	0.8542	74	81	False	0
cg04827551	C1GALT1_gene_body_CpG	hg19	chr7	7268745	MA1993.2	Neurod2	0.834	71	77	False	0
cg04827551	C1GALT1_gene_body_CpG	hg19	chr7	7268745	MA0125.2	Nobox	0.8513	6	12	False	0
cg04827551	C1GALT1_gene_body_CpG	hg19	chr7	7268745	MA1995.2	Npas4	0.8712	25	32	False	0
cg04827551	C1GALT1_gene_body_CpG	hg19	chr7	7268745	MA1997.2	Olig2	0.8345	71	77	False	0
cg04827551	C1GALT1_gene_body_CpG	hg19	chr7	7268745	MA1619.2	Ptf1A	0.8104	70	78	False	0
cg04827551	C1GALT1_gene_body_CpG	hg19	chr7	7268745	MA0629.2	Rhox11	0.8167	72	81	False	0
cg04827551	C1GALT1_gene_body_CpG	hg19	chr7	7268745	MA0521.3	Tcf12	0.8344	71	77	False	0
cg04827551	C1GALT1_gene_body_CpG	hg19	chr7	7268745	MA0633.3	Twist2	0.834	71	77	False	0
cg04827551	C1GALT1_gene_body_CpG	hg19	chr7	7268745	MA1628.2	Zic1::Zic2	0.8595	71	78	False	0
cg04827551	C1GALT1_gene_body_CpG	hg19	chr7	7268745	MA0697.3	Zic3	0.8641	71	78	False	0
cg16101574	C1GALT1_gene_body_CpG	hg19	chr7	7291454	MA0004.1	Arnt	0.8339	57	63	True	1
cg16101574	C1GALT1_gene_body_CpG	hg19	chr7	7291454	MA0130.1	ZNF354C	1.0	13	19	False	0
cg16101574	C1GALT1_gene_body_CpG	hg19	chr7	7291454	MA0130.1	ZNF354C	0.8151	52	58	False	0
cg16101574	C1GALT1_gene_body_CpG	hg19	chr7	7291454	MA0130.1	ZNF354C	0.8351	93	99	False	0
cg16101574	C1GALT1_gene_body_CpG	hg19	chr7	7291454	MA0151.1	Arid3a	0.8225	5	11	False	0
cg16101574	C1GALT1_gene_body_CpG	hg19	chr7	7291454	MA0515.1	Sox6	0.8601	15	25	False	0
cg16101574	C1GALT1_gene_body_CpG	hg19	chr7	7291454	MA0259.2	ARNT::HIF1A	0.8321	58	63	True	1
cg16101574	C1GALT1_gene_body_CpG	hg19	chr7	7291454	MA2102.1	ZBTB17	0.8262	0	8	False	0
cg16101574	C1GALT1_gene_body_CpG	hg19	chr7	7291454	MA2336.1	ZSCAN21	0.9093	96	103	False	0
cg16101574	C1GALT1_gene_body_CpG	hg19	chr7	7291454	MA0875.2	BARX1	0.8094	3	9	False	0
cg16101574	C1GALT1_gene_body_CpG	hg19	chr7	7291454	MA0876.2	BSX	0.8239	3	9	False	0
cg16101574	C1GALT1_gene_body_CpG	hg19	chr7	7291454	MA0836.3	CEBPD	0.9061	103	111	False	0
cg16101574	C1GALT1_gene_body_CpG	hg19	chr7	7291454	MA0610.2	DMRT3	0.8466	19	26	False	0
cg16101574	C1GALT1_gene_body_CpG	hg19	chr7	7291454	MA0610.2	DMRT3	0.9348	49	56	False	0
cg16101574	C1GALT1_gene_body_CpG	hg19	chr7	7291454	MA1478.2	DMRTA2	0.8207	20	26	False	0
cg16101574	C1GALT1_gene_body_CpG	hg19	chr7	7291454	MA1478.2	DMRTA2	0.8144	102	108	False	0
cg16101574	C1GALT1_gene_body_CpG	hg19	chr7	7291454	MA0058.4	MAX	0.8327	57	63	True	1
cg16101574	C1GALT1_gene_body_CpG	hg19	chr7	7291454	MA0887.2	EVX1	0.8095	3	9	False	0
cg16101574	C1GALT1_gene_body_CpG	hg19	chr7	7291454	MA0888.2	EVX2	0.8084	3	9	False	0
cg16101574	C1GALT1_gene_body_CpG	hg19	chr7	7291454	MA0766.3	GATA5	0.8054	86	94	False	0
cg16101574	C1GALT1_gene_body_CpG	hg19	chr7	7291454	MA0738.2	HIC2	0.8544	52	58	False	0
cg16101574	C1GALT1_gene_body_CpG	hg19	chr7	7291454	MA0895.2	HMBOX1	0.9263	61	68	False	0
cg16101574	C1GALT1_gene_body_CpG	hg19	chr7	7291454	MA0895.2	HMBOX1	0.8733	85	92	False	0
cg16101574	C1GALT1_gene_body_CpG	hg19	chr7	7291454	MA1496.2	HOXA4	0.8162	60	67	False	0
cg16101574	C1GALT1_gene_body_CpG	hg19	chr7	7291454	MA0594.3	HOXA9	0.8228	60	67	False	0
cg16101574	C1GALT1_gene_body_CpG	hg19	chr7	7291454	MA0914.2	ISL2	0.9011	99	105	False	0
cg16101574	C1GALT1_gene_body_CpG	hg19	chr7	7291454	MA0059.2	MAX::MYC	0.8088	55	65	True	1
cg16101574	C1GALT1_gene_body_CpG	hg19	chr7	7291454	MA0147.4	MYC	0.8318	56	64	True	1
cg16101574	C1GALT1_gene_body_CpG	hg19	chr7	7291454	MA0825.2	MNT	0.8332	57	63	True	1
cg16101574	C1GALT1_gene_body_CpG	hg19	chr7	7291454	MA0707.3	MNX1	0.8501	3	9	False	0
cg16101574	C1GALT1_gene_body_CpG	hg19	chr7	7291454	MA0707.3	MNX1	0.802	61	67	False	0
cg16101574	C1GALT1_gene_body_CpG	hg19	chr7	7291454	MA0100.4	MYB	0.8349	15	21	False	0
cg16101574	C1GALT1_gene_body_CpG	hg19	chr7	7291454	MA0100.4	MYB	0.836	31	37	False	0
cg16101574	C1GALT1_gene_body_CpG	hg19	chr7	7291454	MA0100.4	MYB	0.836	75	81	False	0
cg16101574	C1GALT1_gene_body_CpG	hg19	chr7	7291454	MA0104.5	MYCN	0.8766	56	64	True	1
cg16101574	C1GALT1_gene_body_CpG	hg19	chr7	7291454	MA0056.3	MZF1	0.8106	51	59	False	0
cg16101574	C1GALT1_gene_body_CpG	hg19	chr7	7291454	MA0625.3	NFATC3	0.8099	70	76	False	0
cg16101574	C1GALT1_gene_body_CpG	hg19	chr7	7291454	MA0625.3	NFATC3	0.8099	114	120	False	0
cg16101574	C1GALT1_gene_body_CpG	hg19	chr7	7291454	MA0161.3	NFIC	0.8726	42	49	False	0
cg16101574	C1GALT1_gene_body_CpG	hg19	chr7	7291454	MA0672.2	NKX2-3	0.8805	98	106	False	0
cg16101574	C1GALT1_gene_body_CpG	hg19	chr7	7291454	MA2003.2	NKX2-4	0.8756	98	106	False	0
cg16101574	C1GALT1_gene_body_CpG	hg19	chr7	7291454	MA0673.2	NKX2-8	0.8983	98	106	False	0
cg16101574	C1GALT1_gene_body_CpG	hg19	chr7	7291454	MA1542.2	OSR1	0.898	74	82	False	0
cg16101574	C1GALT1_gene_body_CpG	hg19	chr7	7291454	MA0712.3	OTX2	0.953	2	9	False	0
cg16101574	C1GALT1_gene_body_CpG	hg19	chr7	7291454	MA1116.2	RBPJ	0.8334	35	41	False	0
cg16101574	C1GALT1_gene_body_CpG	hg19	chr7	7291454	MA1116.2	RBPJ	0.8324	69	75	False	0
cg16101574	C1GALT1_gene_body_CpG	hg19	chr7	7291454	MA1116.2	RBPJ	0.8324	113	119	False	0
cg16101574	C1GALT1_gene_body_CpG	hg19	chr7	7291454	MA1117.2	RELB	0.8662	52	59	False	0
cg16101574	C1GALT1_gene_body_CpG	hg19	chr7	7291454	MA0684.3	RUNX3	0.871	90	98	False	0
cg16101574	C1GALT1_gene_body_CpG	hg19	chr7	7291454	MA0442.3	SOX10	0.8347	107	113	False	0
cg16101574	C1GALT1_gene_body_CpG	hg19	chr7	7291454	MA1152.2	SOX15	0.8257	15	22	False	0
cg16101574	C1GALT1_gene_body_CpG	hg19	chr7	7291454	MA1152.2	SOX15	0.8385	75	82	False	0
cg16101574	C1GALT1_gene_body_CpG	hg19	chr7	7291454	MA1152.2	SOX15	0.8564	82	89	False	0
cg16101574	C1GALT1_gene_body_CpG	hg19	chr7	7291454	MA0867.3	SOX4	0.8363	106	114	False	0
cg16101574	C1GALT1_gene_body_CpG	hg19	chr7	7291454	MA0077.2	SOX9	0.8678	15	23	False	0
cg16101574	C1GALT1_gene_body_CpG	hg19	chr7	7291454	MA1965.2	SP5	0.8336	54	60	True	1
cg16101574	C1GALT1_gene_body_CpG	hg19	chr7	7291454	MA1965.2	SP5	0.833	92	98	False	0
cg16101574	C1GALT1_gene_body_CpG	hg19	chr7	7291454	MA0084.2	SRY	0.8458	105	112	False	0
cg16101574	C1GALT1_gene_body_CpG	hg19	chr7	7291454	MA1122.2	TFDP1	0.8188	67	75	False	0
cg16101574	C1GALT1_gene_body_CpG	hg19	chr7	7291454	MA1578.2	VEZF1	0.8489	53	59	False	0
cg16101574	C1GALT1_gene_body_CpG	hg19	chr7	7291454	MA1578.2	VEZF1	1.0	54	60	True	1
cg16101574	C1GALT1_gene_body_CpG	hg19	chr7	7291454	MA1578.2	VEZF1	0.8326	55	61	True	1
cg16101574	C1GALT1_gene_body_CpG	hg19	chr7	7291454	MA1579.2	ZBTB26	0.8716	93	101	False	0
cg16101574	C1GALT1_gene_body_CpG	hg19	chr7	7291454	MA0751.2	ZIC4	0.8017	52	66	True	1
cg16101574	C1GALT1_gene_body_CpG	hg19	chr7	7291454	MA2337.1	Nr1h3	0.8013	112	118	False	0
cg16101574	C1GALT1_gene_body_CpG	hg19	chr7	7291454	MA0006.2	Ahr::Arnt	0.8017	58	63	True	1
cg16101574	C1GALT1_gene_body_CpG	hg19	chr7	7291454	MA0467.3	Crx	1.0	3	9	False	0
cg16101574	C1GALT1_gene_body_CpG	hg19	chr7	7291454	MA0615.2	Gmeb1	0.8118	47	53	False	0
cg16101574	C1GALT1_gene_body_CpG	hg19	chr7	7291454	MA0896.2	Hmx1	0.8069	97	106	False	0
cg16101574	C1GALT1_gene_body_CpG	hg19	chr7	7291454	MA0898.2	Hmx3	0.8147	97	106	False	0
cg16101574	C1GALT1_gene_body_CpG	hg19	chr7	7291454	MA0622.2	Mlxip	0.8333	57	63	True	1
cg16101574	C1GALT1_gene_body_CpG	hg19	chr7	7291454	MA1994.2	Nkx2-1	0.8727	99	106	False	0
cg16101574	C1GALT1_gene_body_CpG	hg19	chr7	7291454	MA0124.3	Nkx3-1	0.8273	98	105	False	0
cg16101574	C1GALT1_gene_body_CpG	hg19	chr7	7291454	MA0626.2	Npas2	0.8023	56	64	True	1
cg16101574	C1GALT1_gene_body_CpG	hg19	chr7	7291454	MA0164.2	Nr2e3	0.8327	25	31	False	0
cg16101574	C1GALT1_gene_body_CpG	hg19	chr7	7291454	MA0002.3	Runx1	0.8401	58	67	True	1
cg16101574	C1GALT1_gene_body_CpG	hg19	chr7	7291454	MA1627.2	Wt1	0.8093	92	102	False	0
cg16101574	C1GALT1_gene_body_CpG	hg19	chr7	7291454	MA0095.4	Yy1	0.8752	108	116	False	0
cg16101574	C1GALT1_gene_body_CpG	hg19	chr7	7291454	MA2002.2	Zfp335	0.8643	23	30	False	0
C1GALT1C1_promoter_CpG_island	C1GALT1C1_promoter_island	hg38	chrX	120629882	MA0004.1	Arnt	0.8295	75	81	True	1
C1GALT1C1_promoter_CpG_island	C1GALT1C1_promoter_island	hg38	chrX	120629882	MA0004.1	Arnt	0.8295	89	95	True	1
C1GALT1C1_promoter_CpG_island	C1GALT1C1_promoter_island	hg38	chrX	120629882	MA0130.1	ZNF354C	0.8377	24	30	True	1
C1GALT1C1_promoter_CpG_island	C1GALT1C1_promoter_island	hg38	chrX	120629882	MA0130.1	ZNF354C	0.9009	99	105	False	0
C1GALT1C1_promoter_CpG_island	C1GALT1C1_promoter_island	hg38	chrX	120629882	MA0130.1	ZNF354C	0.8041	319	325	True	1
C1GALT1C1_promoter_CpG_island	C1GALT1C1_promoter_island	hg38	chrX	120629882	MA0145.2	Tfcp2l1	0.805	357	371	True	2
C1GALT1C1_promoter_CpG_island	C1GALT1C1_promoter_island	hg38	chrX	120629882	MA0515.1	Sox6	0.8175	314	324	False	0
C1GALT1C1_promoter_CpG_island	C1GALT1C1_promoter_island	hg38	chrX	120629882	MA0258.2	ESR2	0.8158	354	369	True	2
C1GALT1C1_promoter_CpG_island	C1GALT1C1_promoter_island	hg38	chrX	120629882	MA0599.1	KLF5	0.8857	20	30	True	1
C1GALT1C1_promoter_CpG_island	C1GALT1C1_promoter_island	hg38	chrX	120629882	MA0599.1	KLF5	0.8207	25	35	False	0
C1GALT1C1_promoter_CpG_island	C1GALT1C1_promoter_island	hg38	chrX	120629882	MA0599.1	KLF5	0.9562	320	330	True	1
C1GALT1C1_promoter_CpG_island	C1GALT1C1_promoter_island	hg38	chrX	120629882	MA0696.1	ZIC1	0.8021	324	338	True	2
C1GALT1C1_promoter_CpG_island	C1GALT1C1_promoter_island	hg38	chrX	120629882	MA0472.2	EGR2	0.8867	259	270	True	3
C1GALT1C1_promoter_CpG_island	C1GALT1C1_promoter_island	hg38	chrX	120629882	MA0736.1	GLIS2	0.8098	257	271	True	3
C1GALT1C1_promoter_CpG_island	C1GALT1C1_promoter_island	hg38	chrX	120629882	MA0741.1	KLF16	0.8084	20	31	True	1
C1GALT1C1_promoter_CpG_island	C1GALT1C1_promoter_island	hg38	chrX	120629882	MA0741.1	KLF16	0.8487	25	36	True	1
C1GALT1C1_promoter_CpG_island	C1GALT1C1_promoter_island	hg38	chrX	120629882	MA0741.1	KLF16	0.9072	320	331	True	1
C1GALT1C1_promoter_CpG_island	C1GALT1C1_promoter_island	hg38	chrX	120629882	MA0774.1	MEIS2	0.8043	53	61	False	0
C1GALT1C1_promoter_CpG_island	C1GALT1C1_promoter_island	hg38	chrX	120629882	MA0774.1	MEIS2	0.8209	424	432	False	0
C1GALT1C1_promoter_CpG_island	C1GALT1C1_promoter_island	hg38	chrX	120629882	MA0789.1	POU3F4	0.8032	451	460	False	0
C1GALT1C1_promoter_CpG_island	C1GALT1C1_promoter_island	hg38	chrX	120629882	MA0792.1	POU5F1B	0.8542	451	460	False	0
C1GALT1C1_promoter_CpG_island	C1GALT1C1_promoter_island	hg38	chrX	120629882	MA0795.1	SMAD3	0.8266	37	47	True	2
C1GALT1C1_promoter_CpG_island	C1GALT1C1_promoter_island	hg38	chrX	120629882	MA0511.2	RUNX2	0.8181	61	70	True	1
C1GALT1C1_promoter_CpG_island	C1GALT1C1_promoter_island	hg38	chrX	120629882	MA0807.1	TBX5	0.8212	168	176	False	0
C1GALT1C1_promoter_CpG_island	C1GALT1C1_promoter_island	hg38	chrX	120629882	MA0808.1	TEAD3	0.8372	441	449	False	0
C1GALT1C1_promoter_CpG_island	C1GALT1C1_promoter_island	hg38	chrX	120629882	MA1493.1	HES6	0.8305	73	83	True	2
C1GALT1C1_promoter_CpG_island	C1GALT1C1_promoter_island	hg38	chrX	120629882	MA1555.1	RXRB	0.8146	11	25	True	2
C1GALT1C1_promoter_CpG_island	C1GALT1C1_promoter_island	hg38	chrX	120629882	MA1557.1	SMAD5	0.8257	37	47	True	2
C1GALT1C1_promoter_CpG_island	C1GALT1C1_promoter_island	hg38	chrX	120629882	MA1571.1	TGIF2LX	0.8028	425	437	False	0
C1GALT1C1_promoter_CpG_island	C1GALT1C1_promoter_island	hg38	chrX	120629882	MA1572.1	TGIF2LY	0.8121	425	437	False	0
C1GALT1C1_promoter_CpG_island	C1GALT1C1_promoter_island	hg38	chrX	120629882	MA1684.1	Foxn1	1.0	369	375	True	1
C1GALT1C1_promoter_CpG_island	C1GALT1C1_promoter_island	hg38	chrX	120629882	MA1684.1	Foxn1	0.8262	403	409	False	0
C1GALT1C1_promoter_CpG_island	C1GALT1C1_promoter_island	hg38	chrX	120629882	MA1972.1	ZFP14	0.8374	174	189	True	2
C1GALT1C1_promoter_CpG_island	C1GALT1C1_promoter_island	hg38	chrX	120629882	MA1972.1	ZFP14	0.8172	267	282	True	2
C1GALT1C1_promoter_CpG_island	C1GALT1C1_promoter_island	hg38	chrX	120629882	MA0079.5	SP1	0.9002	5	14	False	0
C1GALT1C1_promoter_CpG_island	C1GALT1C1_promoter_island	hg38	chrX	120629882	MA0079.5	SP1	1.0	213	222	True	1
C1GALT1C1_promoter_CpG_island	C1GALT1C1_promoter_island	hg38	chrX	120629882	MA0079.5	SP1	0.8546	238	247	True	1
C1GALT1C1_promoter_CpG_island	C1GALT1C1_promoter_island	hg38	chrX	120629882	MA0079.5	SP1	0.802	280	289	True	2
C1GALT1C1_promoter_CpG_island	C1GALT1C1_promoter_island	hg38	chrX	120629882	MA0516.3	SP2	0.8884	5	14	False	0
C1GALT1C1_promoter_CpG_island	C1GALT1C1_promoter_island	hg38	chrX	120629882	MA0516.3	SP2	0.8615	199	208	True	1
C1GALT1C1_promoter_CpG_island	C1GALT1C1_promoter_island	hg38	chrX	120629882	MA0516.3	SP2	1.0	213	222	True	1
C1GALT1C1_promoter_CpG_island	C1GALT1C1_promoter_island	hg38	chrX	120629882	MA0516.3	SP2	0.8347	238	247	True	1
C1GALT1C1_promoter_CpG_island	C1GALT1C1_promoter_island	hg38	chrX	120629882	MA0685.2	SP4	0.8998	5	14	False	0
C1GALT1C1_promoter_CpG_island	C1GALT1C1_promoter_island	hg38	chrX	120629882	MA0685.2	SP4	0.8208	199	208	True	1
C1GALT1C1_promoter_CpG_island	C1GALT1C1_promoter_island	hg38	chrX	120629882	MA0685.2	SP4	1.0	213	222	True	1
C1GALT1C1_promoter_CpG_island	C1GALT1C1_promoter_island	hg38	chrX	120629882	MA0685.2	SP4	0.9089	238	247	True	1
C1GALT1C1_promoter_CpG_island	C1GALT1C1_promoter_island	hg38	chrX	120629882	MA0740.2	KLF14	0.9146	5	14	False	0
C1GALT1C1_promoter_CpG_island	C1GALT1C1_promoter_island	hg38	chrX	120629882	MA0740.2	KLF14	1.0	213	222	True	1
C1GALT1C1_promoter_CpG_island	C1GALT1C1_promoter_island	hg38	chrX	120629882	MA0740.2	KLF14	0.8854	238	247	True	1
C1GALT1C1_promoter_CpG_island	C1GALT1C1_promoter_island	hg38	chrX	120629882	MA0742.2	KLF12	0.8863	5	14	False	0
C1GALT1C1_promoter_CpG_island	C1GALT1C1_promoter_island	hg38	chrX	120629882	MA0742.2	KLF12	0.837	199	208	True	1
C1GALT1C1_promoter_CpG_island	C1GALT1C1_promoter_island	hg38	chrX	120629882	MA0742.2	KLF12	1.0	213	222	True	1
C1GALT1C1_promoter_CpG_island	C1GALT1C1_promoter_island	hg38	chrX	120629882	MA0742.2	KLF12	0.8478	238	247	True	1
C1GALT1C1_promoter_CpG_island	C1GALT1C1_promoter_island	hg38	chrX	120629882	MA1511.2	KLF10	0.9298	5	14	False	0
C1GALT1C1_promoter_CpG_island	C1GALT1C1_promoter_island	hg38	chrX	120629882	MA1511.2	KLF10	1.0	213	222	True	1
C1GALT1C1_promoter_CpG_island	C1GALT1C1_promoter_island	hg38	chrX	120629882	MA1511.2	KLF10	0.8244	238	247	True	1
C1GALT1C1_promoter_CpG_island	C1GALT1C1_promoter_island	hg38	chrX	120629882	MA1563.2	SOX18	0.8045	302	310	True	1
C1GALT1C1_promoter_CpG_island	C1GALT1C1_promoter_island	hg38	chrX	120629882	MA0259.2	ARNT::HIF1A	0.9036	308	313	True	1
C1GALT1C1_promoter_CpG_island	C1GALT1C1_promoter_island	hg38	chrX	120629882	MA0259.2	ARNT::HIF1A	0.9036	360	365	True	1
C1GALT1C1_promoter_CpG_island	C1GALT1C1_promoter_island	hg38	chrX	120629882	MA0259.2	ARNT::HIF1A	0.8321	408	413	True	1
C1GALT1C1_promoter_CpG_island	C1GALT1C1_promoter_island	hg38	chrX	120629882	MA2121.1	ZNF213	0.8194	119	131	False	0
C1GALT1C1_promoter_CpG_island	C1GALT1C1_promoter_island	hg38	chrX	120629882	MA2121.1	ZNF213	0.8012	196	208	True	2
C1GALT1C1_promoter_CpG_island	C1GALT1C1_promoter_island	hg38	chrX	120629882	MA2121.1	ZNF213	0.8288	265	277	True	3
C1GALT1C1_promoter_CpG_island	C1GALT1C1_promoter_island	hg38	chrX	120629882	MA2324.1	BCL11A	1.0	117	124	False	0
C1GALT1C1_promoter_CpG_island	C1GALT1C1_promoter_island	hg38	chrX	120629882	MA2325.1	EPAS1	0.8002	87	96	True	1
C1GALT1C1_promoter_CpG_island	C1GALT1C1_promoter_island	hg38	chrX	120629882	MA2326.1	IKZF2	0.8337	58	64	False	0
C1GALT1C1_promoter_CpG_island	C1GALT1C1_promoter_island	hg38	chrX	120629882	MA2326.1	IKZF2	0.8337	182	188	False	0
C1GALT1C1_promoter_CpG_island	C1GALT1C1_promoter_island	hg38	chrX	120629882	MA2326.1	IKZF2	0.8416	275	281	True	1
C1GALT1C1_promoter_CpG_island	C1GALT1C1_promoter_island	hg38	chrX	120629882	MA2327.1	PGR	0.8572	121	130	False	0
C1GALT1C1_promoter_CpG_island	C1GALT1C1_promoter_island	hg38	chrX	120629882	MA2327.1	PGR	0.8526	303	312	True	1
C1GALT1C1_promoter_CpG_island	C1GALT1C1_promoter_island	hg38	chrX	120629882	MA2328.1	ZBED4	0.8108	22	32	True	1
C1GALT1C1_promoter_CpG_island	C1GALT1C1_promoter_island	hg38	chrX	120629882	MA2328.1	ZBED4	0.8838	291	301	True	3
C1GALT1C1_promoter_CpG_island	C1GALT1C1_promoter_island	hg38	chrX	120629882	MA2328.1	ZBED4	0.8056	322	332	True	1
C1GALT1C1_promoter_CpG_island	C1GALT1C1_promoter_island	hg38	chrX	120629882	MA2332.1	ZNF175	0.8184	56	65	False	0
C1GALT1C1_promoter_CpG_island	C1GALT1C1_promoter_island	hg38	chrX	120629882	MA2341.1	FEZF2	0.8088	120	128	False	0
C1GALT1C1_promoter_CpG_island	C1GALT1C1_promoter_island	hg38	chrX	120629882	MA1100.3	ASCL1	0.8637	66	74	True	2
C1GALT1C1_promoter_CpG_island	C1GALT1C1_promoter_island	hg38	chrX	120629882	MA1100.3	ASCL1	0.8057	233	241	True	1
C1GALT1C1_promoter_CpG_island	C1GALT1C1_promoter_island	hg38	chrX	120629882	MA1631.2	ASCL1	0.8422	326	335	True	1
C1GALT1C1_promoter_CpG_island	C1GALT1C1_promoter_island	hg38	chrX	120629882	MA1631.2	ASCL1	0.835	427	436	False	0
C1GALT1C1_promoter_CpG_island	C1GALT1C1_promoter_island	hg38	chrX	120629882	MA1631.2	ASCL1	0.8186	439	448	False	0
C1GALT1C1_promoter_CpG_island	C1GALT1C1_promoter_island	hg38	chrX	120629882	MA0877.4	BARHL1	0.8274	37	43	True	1
C1GALT1C1_promoter_CpG_island	C1GALT1C1_promoter_island	hg38	chrX	120629882	MA0877.4	BARHL1	0.8331	252	258	True	1
C1GALT1C1_promoter_CpG_island	C1GALT1C1_promoter_island	hg38	chrX	120629882	MA0877.4	BARHL1	0.8473	378	384	False	0
C1GALT1C1_promoter_CpG_island	C1GALT1C1_promoter_island	hg38	chrX	120629882	MA0635.2	BARHL2	0.8612	165	171	False	0
C1GALT1C1_promoter_CpG_island	C1GALT1C1_promoter_island	hg38	chrX	120629882	MA0635.2	BARHL2	0.8196	184	190	True	1
C1GALT1C1_promoter_CpG_island	C1GALT1C1_promoter_island	hg38	chrX	120629882	MA0635.2	BARHL2	0.8612	222	228	False	0
C1GALT1C1_promoter_CpG_island	C1GALT1C1_promoter_island	hg38	chrX	120629882	MA1635.2	BHLHE22	0.8346	67	73	True	1
C1GALT1C1_promoter_CpG_island	C1GALT1C1_promoter_island	hg38	chrX	120629882	MA1635.2	BHLHE22	0.8335	132	138	False	0
C1GALT1C1_promoter_CpG_island	C1GALT1C1_promoter_island	hg38	chrX	120629882	MA1635.2	BHLHE22	0.8346	234	240	True	1
C1GALT1C1_promoter_CpG_island	C1GALT1C1_promoter_island	hg38	chrX	120629882	MA1635.2	BHLHE22	0.8343	292	298	True	1
C1GALT1C1_promoter_CpG_island	C1GALT1C1_promoter_island	hg38	chrX	120629882	MA0876.2	BSX	0.8328	106	112	True	1
C1GALT1C1_promoter_CpG_island	C1GALT1C1_promoter_island	hg38	chrX	120629882	MA0836.3	CEBPD	0.8069	381	389	False	0
C1GALT1C1_promoter_CpG_island	C1GALT1C1_promoter_island	hg38	chrX	120629882	MA1474.2	CREB3L4	0.8024	20	30	True	1
C1GALT1C1_promoter_CpG_island	C1GALT1C1_promoter_island	hg38	chrX	120629882	MA1478.2	DMRTA2	0.8463	108	114	True	1
C1GALT1C1_promoter_CpG_island	C1GALT1C1_promoter_island	hg38	chrX	120629882	MA0471.3	E2F6	0.8185	201	209	True	1
C1GALT1C1_promoter_CpG_island	C1GALT1C1_promoter_island	hg38	chrX	120629882	MA0865.3	E2F8	0.841	20	29	True	1
C1GALT1C1_promoter_CpG_island	C1GALT1C1_promoter_island	hg38	chrX	120629882	MA0865.3	E2F8	0.8165	256	265	True	2
C1GALT1C1_promoter_CpG_island	C1GALT1C1_promoter_island	hg38	chrX	120629882	MA0865.3	E2F8	0.8312	320	329	True	1
C1GALT1C1_promoter_CpG_island	C1GALT1C1_promoter_island	hg38	chrX	120629882	MA1637.2	EBF3	0.8057	384	393	True	1
C1GALT1C1_promoter_CpG_island	C1GALT1C1_promoter_island	hg38	chrX	120629882	MA0162.5	EGR1	0.8073	70	80	True	3
C1GALT1C1_promoter_CpG_island	C1GALT1C1_promoter_island	hg38	chrX	120629882	MA0162.5	EGR1	0.9073	259	269	True	3
C1GALT1C1_promoter_CpG_island	C1GALT1C1_promoter_island	hg38	chrX	120629882	MA0162.5	EGR1	0.8027	286	296	True	3
C1GALT1C1_promoter_CpG_island	C1GALT1C1_promoter_island	hg38	chrX	120629882	MA0162.5	EGR1	0.8029	297	307	True	2
C1GALT1C1_promoter_CpG_island	C1GALT1C1_promoter_island	hg38	chrX	120629882	MA0732.2	EGR3	0.9059	259	270	True	3
C1GALT1C1_promoter_CpG_island	C1GALT1C1_promoter_island	hg38	chrX	120629882	MA0733.2	EGR4	0.9133	259	270	True	3
C1GALT1C1_promoter_CpG_island	C1GALT1C1_promoter_island	hg38	chrX	120629882	MA0598.4	EHF	0.837	441	450	False	0
C1GALT1C1_promoter_CpG_island	C1GALT1C1_promoter_island	hg38	chrX	120629882	MA0473.4	ELF1	0.8133	181	190	True	1
C1GALT1C1_promoter_CpG_island	C1GALT1C1_promoter_island	hg38	chrX	120629882	MA1483.3	ELF2	0.8187	365	375	True	2
C1GALT1C1_promoter_CpG_island	C1GALT1C1_promoter_island	hg38	chrX	120629882	MA0640.3	ELF3	0.842	441	450	False	0
C1GALT1C1_promoter_CpG_island	C1GALT1C1_promoter_island	hg38	chrX	120629882	MA1708.2	ETV7	0.8482	274	283	True	1
C1GALT1C1_promoter_CpG_island	C1GALT1C1_promoter_island	hg38	chrX	120629882	MA0014.4	PAX5	0.8835	308	316	True	1
C1GALT1C1_promoter_CpG_island	C1GALT1C1_promoter_island	hg38	chrX	120629882	MA0014.4	PAX5	1.0	360	368	True	1
C1GALT1C1_promoter_CpG_island	C1GALT1C1_promoter_island	hg38	chrX	120629882	MA0686.2	SPDEF	0.8492	365	375	True	2
C1GALT1C1_promoter_CpG_island	C1GALT1C1_promoter_island	hg38	chrX	120629882	MA0820.2	FIGLA	0.8285	31	37	True	1
C1GALT1C1_promoter_CpG_island	C1GALT1C1_promoter_island	hg38	chrX	120629882	MA0820.2	FIGLA	0.8311	114	120	False	0
C1GALT1C1_promoter_CpG_island	C1GALT1C1_promoter_island	hg38	chrX	120629882	MA0820.2	FIGLA	0.8382	327	333	False	0
C1GALT1C1_promoter_CpG_island	C1GALT1C1_promoter_island	hg38	chrX	120629882	MA0820.2	FIGLA	0.8385	428	434	False	0
C1GALT1C1_promoter_CpG_island	C1GALT1C1_promoter_island	hg38	chrX	120629882	MA0820.2	FIGLA	0.8451	440	446	False	0
C1GALT1C1_promoter_CpG_island	C1GALT1C1_promoter_island	hg38	chrX	120629882	MA1935.2	ERF::FOXI1	0.8583	54	64	False	0
C1GALT1C1_promoter_CpG_island	C1GALT1C1_promoter_island	hg38	chrX	120629882	MA1936.2	ERF::FOXO1	0.8228	52	64	False	0
C1GALT1C1_promoter_CpG_island	C1GALT1C1_promoter_island	hg38	chrX	120629882	MA0058.4	MAX	0.8353	75	81	True	1
C1GALT1C1_promoter_CpG_island	C1GALT1C1_promoter_island	hg38	chrX	120629882	MA0058.4	MAX	0.8341	89	95	True	1
C1GALT1C1_promoter_CpG_island	C1GALT1C1_promoter_island	hg38	chrX	120629882	MA0048.3	NHLH1	0.8814	65	74	True	3
C1GALT1C1_promoter_CpG_island	C1GALT1C1_promoter_island	hg38	chrX	120629882	MA0098.4	ETS1	0.8119	56	65	False	0
C1GALT1C1_promoter_CpG_island	C1GALT1C1_promoter_island	hg38	chrX	120629882	MA1484.2	ETS2	0.8008	366	375	True	2
C1GALT1C1_promoter_CpG_island	C1GALT1C1_promoter_island	hg38	chrX	120629882	MA0761.3	ETV1	0.838	56	65	False	0
C1GALT1C1_promoter_CpG_island	C1GALT1C1_promoter_island	hg38	chrX	120629882	MA0762.2	ETV2	0.8232	56	65	False	0
C1GALT1C1_promoter_CpG_island	C1GALT1C1_promoter_island	hg38	chrX	120629882	MA0645.2	ETV6	0.8204	274	283	True	1
C1GALT1C1_promoter_CpG_island	C1GALT1C1_promoter_island	hg38	chrX	120629882	MA1950.2	FLI1::FOXI1	0.8007	53	64	False	0
C1GALT1C1_promoter_CpG_island	C1GALT1C1_promoter_island	hg38	chrX	120629882	MA0766.3	GATA5	0.848	398	406	False	0
C1GALT1C1_promoter_CpG_island	C1GALT1C1_promoter_island	hg38	chrX	120629882	MA0767.2	GCM2	0.8303	8	16	False	0
C1GALT1C1_promoter_CpG_island	C1GALT1C1_promoter_island	hg38	chrX	120629882	MA0522.4	TCF3	0.8807	31	38	True	2
C1GALT1C1_promoter_CpG_island	C1GALT1C1_promoter_island	hg38	chrX	120629882	MA0522.4	TCF3	0.8605	327	334	False	0
C1GALT1C1_promoter_CpG_island	C1GALT1C1_promoter_island	hg38	chrX	120629882	MA0522.4	TCF3	0.8682	428	435	False	0
C1GALT1C1_promoter_CpG_island	C1GALT1C1_promoter_island	hg38	chrX	120629882	MA0522.4	TCF3	0.8623	440	447	False	0
C1GALT1C1_promoter_CpG_island	C1GALT1C1_promoter_island	hg38	chrX	120629882	MA0894.2	HESX1	0.8454	456	462	False	0
C1GALT1C1_promoter_CpG_island	C1GALT1C1_promoter_island	hg38	chrX	120629882	MA0738.2	HIC2	0.8144	18	24	False	0
C1GALT1C1_promoter_CpG_island	C1GALT1C1_promoter_island	hg38	chrX	120629882	MA0738.2	HIC2	0.905	255	261	True	1
C1GALT1C1_promoter_CpG_island	C1GALT1C1_promoter_island	hg38	chrX	120629882	MA0738.2	HIC2	0.8151	288	294	True	2
C1GALT1C1_promoter_CpG_island	C1GALT1C1_promoter_island	hg38	chrX	120629882	MA0738.2	HIC2	0.9903	310	316	False	0
C1GALT1C1_promoter_CpG_island	C1GALT1C1_promoter_island	hg38	chrX	120629882	MA0738.2	HIC2	0.8054	362	368	False	0
C1GALT1C1_promoter_CpG_island	C1GALT1C1_promoter_island	hg38	chrX	120629882	MA1106.2	HIF1A	0.8332	187	193	True	2
C1GALT1C1_promoter_CpG_island	C1GALT1C1_promoter_island	hg38	chrX	120629882	MA1106.2	HIF1A	0.8295	308	314	True	1
C1GALT1C1_promoter_CpG_island	C1GALT1C1_promoter_island	hg38	chrX	120629882	MA1106.2	HIF1A	0.8284	345	351	False	0
C1GALT1C1_promoter_CpG_island	C1GALT1C1_promoter_island	hg38	chrX	120629882	MA1106.2	HIF1A	0.837	388	394	True	2
C1GALT1C1_promoter_CpG_island	C1GALT1C1_promoter_island	hg38	chrX	120629882	MA1106.2	HIF1A	0.8286	408	414	True	2
C1GALT1C1_promoter_CpG_island	C1GALT1C1_promoter_island	hg38	chrX	120629882	MA0131.3	HINFP	0.811	247	255	True	2
C1GALT1C1_promoter_CpG_island	C1GALT1C1_promoter_island	hg38	chrX	120629882	MA0131.3	HINFP	0.8527	288	296	True	2
C1GALT1C1_promoter_CpG_island	C1GALT1C1_promoter_island	hg38	chrX	120629882	MA1498.3	HOXA7	0.8312	106	112	True	1
C1GALT1C1_promoter_CpG_island	C1GALT1C1_promoter_island	hg38	chrX	120629882	MA1498.3	HOXA7	0.8173	378	384	False	0
C1GALT1C1_promoter_CpG_island	C1GALT1C1_promoter_island	hg38	chrX	120629882	MA1498.3	HOXA7	0.8413	434	440	False	0
C1GALT1C1_promoter_CpG_island	C1GALT1C1_promoter_island	hg38	chrX	120629882	MA0594.3	HOXA9	0.8043	105	112	True	1
C1GALT1C1_promoter_CpG_island	C1GALT1C1_promoter_island	hg38	chrX	120629882	MA0594.3	HOXA9	0.8318	273	280	True	1
C1GALT1C1_promoter_CpG_island	C1GALT1C1_promoter_island	hg38	chrX	120629882	MA1500.2	HOXB6	0.8393	456	463	True	1
C1GALT1C1_promoter_CpG_island	C1GALT1C1_promoter_island	hg38	chrX	120629882	MA0907.2	HOXC13	0.8017	160	169	True	1
C1GALT1C1_promoter_CpG_island	C1GALT1C1_promoter_island	hg38	chrX	120629882	MA1508.2	IKZF1	0.9119	55	63	False	0
C1GALT1C1_promoter_CpG_island	C1GALT1C1_promoter_island	hg38	chrX	120629882	MA1508.2	IKZF1	0.8036	179	187	False	0
C1GALT1C1_promoter_CpG_island	C1GALT1C1_promoter_island	hg38	chrX	120629882	MA0914.2	ISL2	0.8703	27	33	False	0
C1GALT1C1_promoter_CpG_island	C1GALT1C1_promoter_island	hg38	chrX	120629882	MA0493.3	KLF1	0.9777	6	14	False	0
C1GALT1C1_promoter_CpG_island	C1GALT1C1_promoter_island	hg38	chrX	120629882	MA0493.3	KLF1	0.8441	168	176	False	0
C1GALT1C1_promoter_CpG_island	C1GALT1C1_promoter_island	hg38	chrX	120629882	MA0493.3	KLF1	0.8664	200	208	True	1
C1GALT1C1_promoter_CpG_island	C1GALT1C1_promoter_island	hg38	chrX	120629882	MA0493.3	KLF1	1.0	214	222	True	1
C1GALT1C1_promoter_CpG_island	C1GALT1C1_promoter_island	hg38	chrX	120629882	MA0493.3	KLF1	0.8968	239	247	True	1
C1GALT1C1_promoter_CpG_island	C1GALT1C1_promoter_island	hg38	chrX	120629882	MA1512.2	KLF11	0.9209	321	331	True	1
C1GALT1C1_promoter_CpG_island	C1GALT1C1_promoter_island	hg38	chrX	120629882	MA1513.2	KLF15	0.871	21	29	True	1
C1GALT1C1_promoter_CpG_island	C1GALT1C1_promoter_island	hg38	chrX	120629882	MA1513.2	KLF15	0.9488	257	265	True	2
C1GALT1C1_promoter_CpG_island	C1GALT1C1_promoter_island	hg38	chrX	120629882	MA1513.2	KLF15	0.8307	261	269	True	2
C1GALT1C1_promoter_CpG_island	C1GALT1C1_promoter_island	hg38	chrX	120629882	MA1513.2	KLF15	0.8302	286	294	True	3
C1GALT1C1_promoter_CpG_island	C1GALT1C1_promoter_island	hg38	chrX	120629882	MA1513.2	KLF15	1.0	321	329	True	1
C1GALT1C1_promoter_CpG_island	C1GALT1C1_promoter_island	hg38	chrX	120629882	MA1515.2	KLF2	0.8349	21	29	True	1
C1GALT1C1_promoter_CpG_island	C1GALT1C1_promoter_island	hg38	chrX	120629882	MA1515.2	KLF2	0.8067	70	78	True	3
C1GALT1C1_promoter_CpG_island	C1GALT1C1_promoter_island	hg38	chrX	120629882	MA1515.2	KLF2	0.8659	257	265	True	2
C1GALT1C1_promoter_CpG_island	C1GALT1C1_promoter_island	hg38	chrX	120629882	MA1515.2	KLF2	0.8373	286	294	True	3
C1GALT1C1_promoter_CpG_island	C1GALT1C1_promoter_island	hg38	chrX	120629882	MA1515.2	KLF2	0.962	321	329	True	1
C1GALT1C1_promoter_CpG_island	C1GALT1C1_promoter_island	hg38	chrX	120629882	MA1515.2	KLF2	0.8464	323	331	True	1
C1GALT1C1_promoter_CpG_island	C1GALT1C1_promoter_island	hg38	chrX	120629882	MA1516.2	KLF3	0.8079	68	78	True	3
C1GALT1C1_promoter_CpG_island	C1GALT1C1_promoter_island	hg38	chrX	120629882	MA1516.2	KLF3	0.8008	284	294	True	4
C1GALT1C1_promoter_CpG_island	C1GALT1C1_promoter_island	hg38	chrX	120629882	MA0039.5	KLF4	0.9121	321	329	True	1
C1GALT1C1_promoter_CpG_island	C1GALT1C1_promoter_island	hg38	chrX	120629882	MA1517.2	KLF6	0.8962	321	330	True	1
C1GALT1C1_promoter_CpG_island	C1GALT1C1_promoter_island	hg38	chrX	120629882	MA1959.2	KLF7	0.9246	6	14	False	0
C1GALT1C1_promoter_CpG_island	C1GALT1C1_promoter_island	hg38	chrX	120629882	MA1959.2	KLF7	0.8045	139	147	True	1
C1GALT1C1_promoter_CpG_island	C1GALT1C1_promoter_island	hg38	chrX	120629882	MA1959.2	KLF7	0.8674	200	208	True	1
C1GALT1C1_promoter_CpG_island	C1GALT1C1_promoter_island	hg38	chrX	120629882	MA1959.2	KLF7	1.0	214	222	True	1
C1GALT1C1_promoter_CpG_island	C1GALT1C1_promoter_island	hg38	chrX	120629882	MA1959.2	KLF7	0.9337	239	247	True	1
C1GALT1C1_promoter_CpG_island	C1GALT1C1_promoter_island	hg38	chrX	120629882	MA1522.2	MAZ	0.8031	101	109	True	1
C1GALT1C1_promoter_CpG_island	C1GALT1C1_promoter_island	hg38	chrX	120629882	MA1522.2	MAZ	0.8738	321	329	True	1
C1GALT1C1_promoter_CpG_island	C1GALT1C1_promoter_island	hg38	chrX	120629882	MA1522.2	MAZ	0.8711	327	335	True	1
C1GALT1C1_promoter_CpG_island	C1GALT1C1_promoter_island	hg38	chrX	120629882	MA1522.2	MAZ	0.8734	428	436	False	0
C1GALT1C1_promoter_CpG_island	C1GALT1C1_promoter_island	hg38	chrX	120629882	MA0498.3	MEIS1	0.8281	54	59	False	0
C1GALT1C1_promoter_CpG_island	C1GALT1C1_promoter_island	hg38	chrX	120629882	MA0498.3	MEIS1	0.8071	118	123	False	0
C1GALT1C1_promoter_CpG_island	C1GALT1C1_promoter_island	hg38	chrX	120629882	MA0498.3	MEIS1	0.8071	363	368	False	0
C1GALT1C1_promoter_CpG_island	C1GALT1C1_promoter_island	hg38	chrX	120629882	MA0498.3	MEIS1	1.0	425	430	False	0
C1GALT1C1_promoter_CpG_island	C1GALT1C1_promoter_island	hg38	chrX	120629882	MA0498.3	MEIS1	0.8	448	453	False	0
C1GALT1C1_promoter_CpG_island	C1GALT1C1_promoter_island	hg38	chrX	120629882	MA0775.2	MEIS3	0.8247	53	60	False	0
C1GALT1C1_promoter_CpG_island	C1GALT1C1_promoter_island	hg38	chrX	120629882	MA0775.2	MEIS3	0.8255	424	431	False	0
C1GALT1C1_promoter_CpG_island	C1GALT1C1_promoter_island	hg38	chrX	120629882	MA0825.2	MNT	0.8412	75	81	True	1
C1GALT1C1_promoter_CpG_island	C1GALT1C1_promoter_island	hg38	chrX	120629882	MA0825.2	MNT	0.8476	89	95	True	1
C1GALT1C1_promoter_CpG_island	C1GALT1C1_promoter_island	hg38	chrX	120629882	MA1523.2	MSANTD3	1.0	27	34	False	0
C1GALT1C1_promoter_CpG_island	C1GALT1C1_promoter_island	hg38	chrX	120629882	MA1523.2	MSANTD3	0.8489	85	92	True	1
C1GALT1C1_promoter_CpG_island	C1GALT1C1_promoter_island	hg38	chrX	120629882	MA1523.2	MSANTD3	0.8099	102	109	True	1
C1GALT1C1_promoter_CpG_island	C1GALT1C1_promoter_island	hg38	chrX	120629882	MA0100.4	MYB	0.8559	386	392	True	1
C1GALT1C1_promoter_CpG_island	C1GALT1C1_promoter_island	hg38	chrX	120629882	MA0500.3	MYOG	0.8679	66	74	True	2
C1GALT1C1_promoter_CpG_island	C1GALT1C1_promoter_island	hg38	chrX	120629882	MA0500.3	MYOG	0.8086	131	139	False	0
C1GALT1C1_promoter_CpG_island	C1GALT1C1_promoter_island	hg38	chrX	120629882	MA0500.3	MYOG	0.8098	233	241	True	1
C1GALT1C1_promoter_CpG_island	C1GALT1C1_promoter_island	hg38	chrX	120629882	MA0500.3	MYOG	0.8091	291	299	True	2
C1GALT1C1_promoter_CpG_island	C1GALT1C1_promoter_island	hg38	chrX	120629882	MA0625.3	NFATC3	0.8867	58	64	False	0
C1GALT1C1_promoter_CpG_island	C1GALT1C1_promoter_island	hg38	chrX	120629882	MA0625.3	NFATC3	0.8867	182	188	False	0
C1GALT1C1_promoter_CpG_island	C1GALT1C1_promoter_island	hg38	chrX	120629882	MA0625.3	NFATC3	0.8435	275	281	True	1
C1GALT1C1_promoter_CpG_island	C1GALT1C1_promoter_island	hg38	chrX	120629882	MA0625.3	NFATC3	1.0	453	459	False	0
C1GALT1C1_promoter_CpG_island	C1GALT1C1_promoter_island	hg38	chrX	120629882	MA1525.3	NFATC4	0.9383	452	461	False	0
C1GALT1C1_promoter_CpG_island	C1GALT1C1_promoter_island	hg38	chrX	120629882	MA0670.2	NFIA	0.8333	331	337	True	1
C1GALT1C1_promoter_CpG_island	C1GALT1C1_promoter_island	hg38	chrX	120629882	MA0161.3	NFIC	0.8659	446	453	False	0
C1GALT1C1_promoter_CpG_island	C1GALT1C1_promoter_island	hg38	chrX	120629882	MA0671.2	NFIX	0.8558	178	184	True	1
C1GALT1C1_promoter_CpG_island	C1GALT1C1_promoter_island	hg38	chrX	120629882	MA0671.2	NFIX	0.8241	331	337	True	1
C1GALT1C1_promoter_CpG_island	C1GALT1C1_promoter_island	hg38	chrX	120629882	MA0060.4	NFYA	0.8334	26	34	False	0
C1GALT1C1_promoter_CpG_island	C1GALT1C1_promoter_island	hg38	chrX	120629882	MA1644.2	NFYC	0.867	26	33	False	0
C1GALT1C1_promoter_CpG_island	C1GALT1C1_promoter_island	hg38	chrX	120629882	MA1645.2	NKX2-2	0.9067	26	34	False	0
C1GALT1C1_promoter_CpG_island	C1GALT1C1_promoter_island	hg38	chrX	120629882	MA1645.2	NKX2-2	0.8171	101	109	True	1
C1GALT1C1_promoter_CpG_island	C1GALT1C1_promoter_island	hg38	chrX	120629882	MA0672.2	NKX2-3	0.8055	434	442	False	0
C1GALT1C1_promoter_CpG_island	C1GALT1C1_promoter_island	hg38	chrX	120629882	MA2003.2	NKX2-4	0.8138	101	109	True	1
C1GALT1C1_promoter_CpG_island	C1GALT1C1_promoter_island	hg38	chrX	120629882	MA2003.2	NKX2-4	0.8462	434	442	False	0
C1GALT1C1_promoter_CpG_island	C1GALT1C1_promoter_island	hg38	chrX	120629882	MA0063.3	NKX2-5	0.8679	27	34	False	0
C1GALT1C1_promoter_CpG_island	C1GALT1C1_promoter_island	hg38	chrX	120629882	MA0673.2	NKX2-8	0.8046	101	109	True	1
C1GALT1C1_promoter_CpG_island	C1GALT1C1_promoter_island	hg38	chrX	120629882	MA0673.2	NKX2-8	0.8234	434	442	False	0
C1GALT1C1_promoter_CpG_island	C1GALT1C1_promoter_island	hg38	chrX	120629882	MA1531.2	NR1D1	0.8252	205	219	True	1
C1GALT1C1_promoter_CpG_island	C1GALT1C1_promoter_island	hg38	chrX	120629882	MA1535.2	NR2C1	0.8856	12	18	True	1
C1GALT1C1_promoter_CpG_island	C1GALT1C1_promoter_island	hg38	chrX	120629882	MA1535.2	NR2C1	0.8206	53	59	False	0
C1GALT1C1_promoter_CpG_island	C1GALT1C1_promoter_island	hg38	chrX	120629882	MA1535.2	NR2C1	0.8211	219	225	False	0
C1GALT1C1_promoter_CpG_island	C1GALT1C1_promoter_island	hg38	chrX	120629882	MA1535.2	NR2C1	0.8198	336	342	False	0
C1GALT1C1_promoter_CpG_island	C1GALT1C1_promoter_island	hg38	chrX	120629882	MA1536.2	NR2C2	0.9068	12	18	True	1
C1GALT1C1_promoter_CpG_island	C1GALT1C1_promoter_island	hg38	chrX	120629882	MA1536.2	NR2C2	0.8012	53	59	False	0
C1GALT1C1_promoter_CpG_island	C1GALT1C1_promoter_island	hg38	chrX	120629882	MA1536.2	NR2C2	0.8194	219	225	False	0
C1GALT1C1_promoter_CpG_island	C1GALT1C1_promoter_island	hg38	chrX	120629882	MA1536.2	NR2C2	0.9011	336	342	False	0
C1GALT1C1_promoter_CpG_island	C1GALT1C1_promoter_island	hg38	chrX	120629882	MA1544.2	OVOL1	0.8264	103	113	True	2
C1GALT1C1_promoter_CpG_island	C1GALT1C1_promoter_island	hg38	chrX	120629882	MA1545.2	OVOL2	0.9493	105	112	True	1
C1GALT1C1_promoter_CpG_island	C1GALT1C1_promoter_island	hg38	chrX	120629882	MA1545.2	OVOL2	0.8011	250	257	True	1
C1GALT1C1_promoter_CpG_island	C1GALT1C1_promoter_island	hg38	chrX	120629882	MA1545.2	OVOL2	0.8002	377	384	False	0
C1GALT1C1_promoter_CpG_island	C1GALT1C1_promoter_island	hg38	chrX	120629882	MA1961.2	PATZ1	0.8977	4	15	False	0
C1GALT1C1_promoter_CpG_island	C1GALT1C1_promoter_island	hg38	chrX	120629882	MA1961.2	PATZ1	0.8807	198	209	True	1
C1GALT1C1_promoter_CpG_island	C1GALT1C1_promoter_island	hg38	chrX	120629882	MA1961.2	PATZ1	0.8721	212	223	True	1
C1GALT1C1_promoter_CpG_island	C1GALT1C1_promoter_island	hg38	chrX	120629882	MA1961.2	PATZ1	0.8152	232	243	True	2
C1GALT1C1_promoter_CpG_island	C1GALT1C1_promoter_island	hg38	chrX	120629882	MA1546.2	PAX3	0.8036	107	121	True	2
C1GALT1C1_promoter_CpG_island	C1GALT1C1_promoter_island	hg38	chrX	120629882	MA0785.2	POU2F1	0.8401	451	460	False	0
C1GALT1C1_promoter_CpG_island	C1GALT1C1_promoter_island	hg38	chrX	120629882	MA0627.3	POU2F3	0.8279	451	460	False	0
C1GALT1C1_promoter_CpG_island	C1GALT1C1_promoter_island	hg38	chrX	120629882	MA0786.2	POU3F1	0.8019	450	460	False	0
C1GALT1C1_promoter_CpG_island	C1GALT1C1_promoter_island	hg38	chrX	120629882	MA1115.2	POU5F1	0.8808	452	459	False	0
C1GALT1C1_promoter_CpG_island	C1GALT1C1_promoter_island	hg38	chrX	120629882	MA0508.4	PRDM1	1.0	315	322	False	0
C1GALT1C1_promoter_CpG_island	C1GALT1C1_promoter_island	hg38	chrX	120629882	MA0508.4	PRDM1	0.8601	477	484	False	0
C1GALT1C1_promoter_CpG_island	C1GALT1C1_promoter_island	hg38	chrX	120629882	MA1116.2	RBPJ	0.8334	51	57	False	0
C1GALT1C1_promoter_CpG_island	C1GALT1C1_promoter_island	hg38	chrX	120629882	MA1116.2	RBPJ	0.8334	171	177	False	0
C1GALT1C1_promoter_CpG_island	C1GALT1C1_promoter_island	hg38	chrX	120629882	MA1116.2	RBPJ	0.8379	274	280	True	1
C1GALT1C1_promoter_CpG_island	C1GALT1C1_promoter_island	hg38	chrX	120629882	MA1116.2	RBPJ	0.836	453	459	False	0
C1GALT1C1_promoter_CpG_island	C1GALT1C1_promoter_island	hg38	chrX	120629882	MA1554.2	RFX7	0.8244	91	99	True	2
C1GALT1C1_promoter_CpG_island	C1GALT1C1_promoter_island	hg38	chrX	120629882	MA1554.2	RFX7	0.8012	153	161	True	1
C1GALT1C1_promoter_CpG_island	C1GALT1C1_promoter_island	hg38	chrX	120629882	MA0719.2	RHOXF1	0.8422	363	369	True	1
C1GALT1C1_promoter_CpG_island	C1GALT1C1_promoter_island	hg38	chrX	120629882	MA0719.2	RHOXF1	0.8066	479	485	False	0
C1GALT1C1_promoter_CpG_island	C1GALT1C1_promoter_island	hg38	chrX	120629882	MA0744.3	SCRT2	0.809	163	173	False	0
C1GALT1C1_promoter_CpG_island	C1GALT1C1_promoter_island	hg38	chrX	120629882	MA0630.2	SHOX	0.8534	456	462	False	0
C1GALT1C1_promoter_CpG_island	C1GALT1C1_promoter_island	hg38	chrX	120629882	MA1964.2	SMAD2	0.8384	116	122	False	0
C1GALT1C1_promoter_CpG_island	C1GALT1C1_promoter_island	hg38	chrX	120629882	MA1964.2	SMAD2	0.8305	121	127	False	0
C1GALT1C1_promoter_CpG_island	C1GALT1C1_promoter_island	hg38	chrX	120629882	MA1964.2	SMAD2	0.8535	367	373	True	2
C1GALT1C1_promoter_CpG_island	C1GALT1C1_promoter_island	hg38	chrX	120629882	MA1964.2	SMAD2	0.8303	396	402	False	0
C1GALT1C1_promoter_CpG_island	C1GALT1C1_promoter_island	hg38	chrX	120629882	MA1558.2	SNAI1	0.8483	137	144	True	1
C1GALT1C1_promoter_CpG_island	C1GALT1C1_promoter_island	hg38	chrX	120629882	MA1558.2	SNAI1	0.8237	166	173	False	0
C1GALT1C1_promoter_CpG_island	C1GALT1C1_promoter_island	hg38	chrX	120629882	MA1558.2	SNAI1	0.8483	267	274	True	1
C1GALT1C1_promoter_CpG_island	C1GALT1C1_promoter_island	hg38	chrX	120629882	MA1152.2	SOX15	0.804	314	321	False	0
C1GALT1C1_promoter_CpG_island	C1GALT1C1_promoter_island	hg38	chrX	120629882	MA0746.3	SP3	0.8019	20	31	True	1
C1GALT1C1_promoter_CpG_island	C1GALT1C1_promoter_island	hg38	chrX	120629882	MA0746.3	SP3	0.8162	25	36	True	1
C1GALT1C1_promoter_CpG_island	C1GALT1C1_promoter_island	hg38	chrX	120629882	MA0746.3	SP3	0.8807	320	331	True	1
C1GALT1C1_promoter_CpG_island	C1GALT1C1_promoter_island	hg38	chrX	120629882	MA1965.2	SP5	0.8336	84	90	False	0
C1GALT1C1_promoter_CpG_island	C1GALT1C1_promoter_island	hg38	chrX	120629882	MA1965.2	SP5	0.8381	259	265	True	2
C1GALT1C1_promoter_CpG_island	C1GALT1C1_promoter_island	hg38	chrX	120629882	MA1965.2	SP5	0.8328	318	324	False	0
C1GALT1C1_promoter_CpG_island	C1GALT1C1_promoter_island	hg38	chrX	120629882	MA1965.2	SP5	0.8381	323	329	True	1
C1GALT1C1_promoter_CpG_island	C1GALT1C1_promoter_island	hg38	chrX	120629882	MA1965.2	SP5	0.8328	329	335	True	1
C1GALT1C1_promoter_CpG_island	C1GALT1C1_promoter_island	hg38	chrX	120629882	MA1965.2	SP5	1.0	430	436	False	0
C1GALT1C1_promoter_CpG_island	C1GALT1C1_promoter_island	hg38	chrX	120629882	MA1965.2	SP5	0.8328	442	448	False	0
C1GALT1C1_promoter_CpG_island	C1GALT1C1_promoter_island	hg38	chrX	120629882	MA1965.2	SP5	0.8327	480	486	True	1
C1GALT1C1_promoter_CpG_island	C1GALT1C1_promoter_island	hg38	chrX	120629882	MA0747.2	SP8	0.9375	321	332	True	1
C1GALT1C1_promoter_CpG_island	C1GALT1C1_promoter_island	hg38	chrX	120629882	MA1564.2	SP9	0.8141	21	31	True	1
C1GALT1C1_promoter_CpG_island	C1GALT1C1_promoter_island	hg38	chrX	120629882	MA1564.2	SP9	0.8247	257	267	True	3
C1GALT1C1_promoter_CpG_island	C1GALT1C1_promoter_island	hg38	chrX	120629882	MA1564.2	SP9	0.9645	321	331	True	1
C1GALT1C1_promoter_CpG_island	C1GALT1C1_promoter_island	hg38	chrX	120629882	MA0137.4	STAT1	0.8171	444	453	False	0
C1GALT1C1_promoter_CpG_island	C1GALT1C1_promoter_island	hg38	chrX	120629882	MA0144.3	STAT3	0.8246	444	453	False	0
C1GALT1C1_promoter_CpG_island	C1GALT1C1_promoter_island	hg38	chrX	120629882	MA1565.2	TBX18	0.8048	168	177	False	0
C1GALT1C1_promoter_CpG_island	C1GALT1C1_promoter_island	hg38	chrX	120629882	MA1648.2	TCF12	0.8799	31	38	True	2
C1GALT1C1_promoter_CpG_island	C1GALT1C1_promoter_island	hg38	chrX	120629882	MA1648.2	TCF12	0.8723	327	334	False	0
C1GALT1C1_promoter_CpG_island	C1GALT1C1_promoter_island	hg38	chrX	120629882	MA1648.2	TCF12	0.8681	428	435	False	0
C1GALT1C1_promoter_CpG_island	C1GALT1C1_promoter_island	hg38	chrX	120629882	MA1648.2	TCF12	0.8624	440	447	False	0
C1GALT1C1_promoter_CpG_island	C1GALT1C1_promoter_island	hg38	chrX	120629882	MA0830.3	TCF4	0.8156	326	334	False	0
C1GALT1C1_promoter_CpG_island	C1GALT1C1_promoter_island	hg38	chrX	120629882	MA0830.3	TCF4	0.805	427	435	False	0
C1GALT1C1_promoter_CpG_island	C1GALT1C1_promoter_island	hg38	chrX	120629882	MA0523.2	TCF7L2	0.8092	56	65	False	0
C1GALT1C1_promoter_CpG_island	C1GALT1C1_promoter_island	hg38	chrX	120629882	MA0523.2	TCF7L2	0.8478	336	345	False	0
C1GALT1C1_promoter_CpG_island	C1GALT1C1_promoter_island	hg38	chrX	120629882	MA0632.3	TCFL5	0.8638	30	38	True	2
C1GALT1C1_promoter_CpG_island	C1GALT1C1_promoter_island	hg38	chrX	120629882	MA0632.3	TCFL5	0.8641	261	269	True	2
C1GALT1C1_promoter_CpG_island	C1GALT1C1_promoter_island	hg38	chrX	120629882	MA0632.3	TCFL5	0.8067	297	305	True	2
C1GALT1C1_promoter_CpG_island	C1GALT1C1_promoter_island	hg38	chrX	120629882	MA0090.4	TEAD1	0.8109	441	450	False	0
C1GALT1C1_promoter_CpG_island	C1GALT1C1_promoter_island	hg38	chrX	120629882	MA1121.2	TEAD2	0.8576	441	448	False	0
C1GALT1C1_promoter_CpG_island	C1GALT1C1_promoter_island	hg38	chrX	120629882	MA0810.2	TFAP2A	0.8157	256	267	True	3
C1GALT1C1_promoter_CpG_island	C1GALT1C1_promoter_island	hg38	chrX	120629882	MA0810.2	TFAP2A	0.8037	262	273	True	3
C1GALT1C1_promoter_CpG_island	C1GALT1C1_promoter_island	hg38	chrX	120629882	MA0810.2	TFAP2A	0.8383	324	335	True	2
C1GALT1C1_promoter_CpG_island	C1GALT1C1_promoter_island	hg38	chrX	120629882	MA0812.2	TFAP2B	0.8282	134	143	True	1
C1GALT1C1_promoter_CpG_island	C1GALT1C1_promoter_island	hg38	chrX	120629882	MA0812.2	TFAP2B	0.8488	229	238	True	2
C1GALT1C1_promoter_CpG_island	C1GALT1C1_promoter_island	hg38	chrX	120629882	MA0814.3	TFAP2C	0.8224	229	238	True	2
C1GALT1C1_promoter_CpG_island	C1GALT1C1_promoter_island	hg38	chrX	120629882	MA1569.2	TFAP2E	0.8124	134	143	True	1
C1GALT1C1_promoter_CpG_island	C1GALT1C1_promoter_island	hg38	chrX	120629882	MA1569.2	TFAP2E	0.8908	229	238	True	2
C1GALT1C1_promoter_CpG_island	C1GALT1C1_promoter_island	hg38	chrX	120629882	MA1578.2	VEZF1	0.8304	21	27	True	1
C1GALT1C1_promoter_CpG_island	C1GALT1C1_promoter_island	hg38	chrX	120629882	MA1578.2	VEZF1	0.8297	22	28	True	1
C1GALT1C1_promoter_CpG_island	C1GALT1C1_promoter_island	hg38	chrX	120629882	MA1578.2	VEZF1	0.8297	258	264	True	1
C1GALT1C1_promoter_CpG_island	C1GALT1C1_promoter_island	hg38	chrX	120629882	MA1578.2	VEZF1	0.8299	259	265	True	2
C1GALT1C1_promoter_CpG_island	C1GALT1C1_promoter_island	hg38	chrX	120629882	MA1578.2	VEZF1	0.8297	319	325	True	1
C1GALT1C1_promoter_CpG_island	C1GALT1C1_promoter_island	hg38	chrX	120629882	MA1578.2	VEZF1	0.8304	321	327	True	1
C1GALT1C1_promoter_CpG_island	C1GALT1C1_promoter_island	hg38	chrX	120629882	MA1578.2	VEZF1	0.8297	322	328	True	1
C1GALT1C1_promoter_CpG_island	C1GALT1C1_promoter_island	hg38	chrX	120629882	MA1578.2	VEZF1	0.8299	323	329	True	1
C1GALT1C1_promoter_CpG_island	C1GALT1C1_promoter_island	hg38	chrX	120629882	MA1578.2	VEZF1	0.8297	324	330	True	1
C1GALT1C1_promoter_CpG_island	C1GALT1C1_promoter_island	hg38	chrX	120629882	MA1578.2	VEZF1	0.8952	325	331	False	0
C1GALT1C1_promoter_CpG_island	C1GALT1C1_promoter_island	hg38	chrX	120629882	MA1578.2	VEZF1	0.8347	326	332	False	0
C1GALT1C1_promoter_CpG_island	C1GALT1C1_promoter_island	hg38	chrX	120629882	MA1578.2	VEZF1	0.8299	430	436	False	0
C1GALT1C1_promoter_CpG_island	C1GALT1C1_promoter_island	hg38	chrX	120629882	MA0748.3	YY2	0.8602	199	206	True	1
C1GALT1C1_promoter_CpG_island	C1GALT1C1_promoter_island	hg38	chrX	120629882	MA1649.2	ZBTB12	0.9739	40	47	True	1
C1GALT1C1_promoter_CpG_island	C1GALT1C1_promoter_island	hg38	chrX	120629882	MA1650.2	ZBTB14	1.0	70	78	True	3
C1GALT1C1_promoter_CpG_island	C1GALT1C1_promoter_island	hg38	chrX	120629882	MA1650.2	ZBTB14	0.9184	263	271	True	2
C1GALT1C1_promoter_CpG_island	C1GALT1C1_promoter_island	hg38	chrX	120629882	MA1650.2	ZBTB14	0.9192	297	305	True	2
C1GALT1C1_promoter_CpG_island	C1GALT1C1_promoter_island	hg38	chrX	120629882	MA1650.2	ZBTB14	0.8033	299	307	True	1
C1GALT1C1_promoter_CpG_island	C1GALT1C1_promoter_island	hg38	chrX	120629882	MA1579.2	ZBTB26	0.8163	38	46	False	0
C1GALT1C1_promoter_CpG_island	C1GALT1C1_promoter_island	hg38	chrX	120629882	MA1579.2	ZBTB26	0.8514	394	402	False	0
C1GALT1C1_promoter_CpG_island	C1GALT1C1_promoter_island	hg38	chrX	120629882	MA0527.2	ZBTB33	0.8065	159	169	True	1
C1GALT1C1_promoter_CpG_island	C1GALT1C1_promoter_island	hg38	chrX	120629882	MA0750.3	ZBTB7A	0.8282	274	283	True	1
C1GALT1C1_promoter_CpG_island	C1GALT1C1_promoter_island	hg38	chrX	120629882	MA0103.4	ZEB1	0.8442	31	37	True	1
C1GALT1C1_promoter_CpG_island	C1GALT1C1_promoter_island	hg38	chrX	120629882	MA0103.4	ZEB1	0.8315	114	120	False	0
C1GALT1C1_promoter_CpG_island	C1GALT1C1_promoter_island	hg38	chrX	120629882	MA0103.4	ZEB1	0.8315	327	333	False	0
C1GALT1C1_promoter_CpG_island	C1GALT1C1_promoter_island	hg38	chrX	120629882	MA0103.4	ZEB1	0.8374	428	434	False	0
C1GALT1C1_promoter_CpG_island	C1GALT1C1_promoter_island	hg38	chrX	120629882	MA0103.4	ZEB1	0.8364	440	446	False	0
C1GALT1C1_promoter_CpG_island	C1GALT1C1_promoter_island	hg38	chrX	120629882	MA1583.2	ZFP57	0.8537	94	101	True	1
C1GALT1C1_promoter_CpG_island	C1GALT1C1_promoter_island	hg38	chrX	120629882	MA0751.2	ZIC4	0.8157	286	300	True	4
C1GALT1C1_promoter_CpG_island	C1GALT1C1_promoter_island	hg38	chrX	120629882	MA0751.2	ZIC4	0.8567	324	338	True	2
C1GALT1C1_promoter_CpG_island	C1GALT1C1_promoter_island	hg38	chrX	120629882	MA1584.2	ZIC5	0.803	286	301	True	5
C1GALT1C1_promoter_CpG_island	C1GALT1C1_promoter_island	hg38	chrX	120629882	MA1653.2	ZNF148	0.8049	26	36	True	1
C1GALT1C1_promoter_CpG_island	C1GALT1C1_promoter_island	hg38	chrX	120629882	MA1653.2	ZNF148	0.9185	321	331	True	1
C1GALT1C1_promoter_CpG_island	C1GALT1C1_promoter_island	hg38	chrX	120629882	MA1725.2	ZNF189	0.8368	124	133	False	0
C1GALT1C1_promoter_CpG_island	C1GALT1C1_promoter_island	hg38	chrX	120629882	MA1710.2	ZNF257	0.8047	199	209	True	1
C1GALT1C1_promoter_CpG_island	C1GALT1C1_promoter_island	hg38	chrX	120629882	MA0528.3	ZNF263	0.8659	239	246	True	1
C1GALT1C1_promoter_CpG_island	C1GALT1C1_promoter_island	hg38	chrX	120629882	MA1630.3	ZNF281	0.8299	4	14	False	0
C1GALT1C1_promoter_CpG_island	C1GALT1C1_promoter_island	hg38	chrX	120629882	MA1630.3	ZNF281	0.8091	5	15	False	0
C1GALT1C1_promoter_CpG_island	C1GALT1C1_promoter_island	hg38	chrX	120629882	MA1630.3	ZNF281	0.8443	212	222	True	1
C1GALT1C1_promoter_CpG_island	C1GALT1C1_promoter_island	hg38	chrX	120629882	MA1655.2	ZNF341	0.8107	43	51	True	1
C1GALT1C1_promoter_CpG_island	C1GALT1C1_promoter_island	hg38	chrX	120629882	MA1727.2	ZNF417	0.8562	176	183	True	1
C1GALT1C1_promoter_CpG_island	C1GALT1C1_promoter_island	hg38	chrX	120629882	MA1656.2	ZNF449	0.8162	62	72	True	2
C1GALT1C1_promoter_CpG_island	C1GALT1C1_promoter_island	hg38	chrX	120629882	MA1712.2	ZNF454	0.8251	12	29	True	2
C1GALT1C1_promoter_CpG_island	C1GALT1C1_promoter_island	hg38	chrX	120629882	MA1713.2	ZNF610	0.8084	23	33	True	1
C1GALT1C1_promoter_CpG_island	C1GALT1C1_promoter_island	hg38	chrX	120629882	MA1713.2	ZNF610	0.8013	283	293	True	3
C1GALT1C1_promoter_CpG_island	C1GALT1C1_promoter_island	hg38	chrX	120629882	MA0753.3	ZNF740	0.8046	20	30	True	1
C1GALT1C1_promoter_CpG_island	C1GALT1C1_promoter_island	hg38	chrX	120629882	MA0753.3	ZNF740	0.8403	321	331	True	1
C1GALT1C1_promoter_CpG_island	C1GALT1C1_promoter_island	hg38	chrX	120629882	MA1717.2	ZNF784	0.8176	441	449	False	0
C1GALT1C1_promoter_CpG_island	C1GALT1C1_promoter_island	hg38	chrX	120629882	MA1719.2	ZNF816	0.8488	51	66	True	1
C1GALT1C1_promoter_CpG_island	C1GALT1C1_promoter_island	hg38	chrX	120629882	MA2123.1	Hand1	0.8288	115	124	False	0
C1GALT1C1_promoter_CpG_island	C1GALT1C1_promoter_island	hg38	chrX	120629882	MA2125.1	Zfp809	0.8156	319	328	True	1
C1GALT1C1_promoter_CpG_island	C1GALT1C1_promoter_island	hg38	chrX	120629882	MA2126.1	Zfp961	0.8778	175	183	True	1
C1GALT1C1_promoter_CpG_island	C1GALT1C1_promoter_island	hg38	chrX	120629882	MA2337.1	Nr1h3	0.8034	63	69	True	1
C1GALT1C1_promoter_CpG_island	C1GALT1C1_promoter_island	hg38	chrX	120629882	MA2337.1	Nr1h3	0.8022	279	285	True	1
C1GALT1C1_promoter_CpG_island	C1GALT1C1_promoter_island	hg38	chrX	120629882	MA2337.1	Nr1h3	0.8263	336	342	False	0
C1GALT1C1_promoter_CpG_island	C1GALT1C1_promoter_island	hg38	chrX	120629882	MA0006.2	Ahr::Arnt	0.8208	1	6	False	0
C1GALT1C1_promoter_CpG_island	C1GALT1C1_promoter_island	hg38	chrX	120629882	MA0006.2	Ahr::Arnt	0.8017	6	11	False	0
C1GALT1C1_promoter_CpG_island	C1GALT1C1_promoter_island	hg38	chrX	120629882	MA0006.2	Ahr::Arnt	0.8208	48	53	False	0
C1GALT1C1_promoter_CpG_island	C1GALT1C1_promoter_island	hg38	chrX	120629882	MA0006.2	Ahr::Arnt	1.0	308	313	True	1
C1GALT1C1_promoter_CpG_island	C1GALT1C1_promoter_island	hg38	chrX	120629882	MA0006.2	Ahr::Arnt	0.8017	356	361	False	0
C1GALT1C1_promoter_CpG_island	C1GALT1C1_promoter_island	hg38	chrX	120629882	MA0006.2	Ahr::Arnt	1.0	360	365	True	1
C1GALT1C1_promoter_CpG_island	C1GALT1C1_promoter_island	hg38	chrX	120629882	MA0006.2	Ahr::Arnt	0.8017	408	413	True	1
C1GALT1C1_promoter_CpG_island	C1GALT1C1_promoter_island	hg38	chrX	120629882	MA0006.2	Ahr::Arnt	0.8017	450	455	False	0
C1GALT1C1_promoter_CpG_island	C1GALT1C1_promoter_island	hg38	chrX	120629882	MA0007.4	Ar	0.8039	299	315	True	2
C1GALT1C1_promoter_CpG_island	C1GALT1C1_promoter_island	hg38	chrX	120629882	MA0603.2	Arntl	0.8194	87	95	True	1
C1GALT1C1_promoter_CpG_island	C1GALT1C1_promoter_island	hg38	chrX	120629882	MA0474.4	Erg	0.8113	56	66	True	1
C1GALT1C1_promoter_CpG_island	C1GALT1C1_promoter_island	hg38	chrX	120629882	MA0474.4	Erg	0.8023	180	190	True	1
C1GALT1C1_promoter_CpG_island	C1GALT1C1_promoter_island	hg38	chrX	120629882	MA0483.2	Gfi1B	0.8205	61	71	True	1
C1GALT1C1_promoter_CpG_island	C1GALT1C1_promoter_island	hg38	chrX	120629882	MA1990.2	Gli1	0.8167	427	437	False	0
C1GALT1C1_promoter_CpG_island	C1GALT1C1_promoter_island	hg38	chrX	120629882	MA0734.4	Gli2	0.8048	428	437	False	0
C1GALT1C1_promoter_CpG_island	C1GALT1C1_promoter_island	hg38	chrX	120629882	MA0615.2	Gmeb1	0.8121	95	101	True	1
C1GALT1C1_promoter_CpG_island	C1GALT1C1_promoter_island	hg38	chrX	120629882	MA0615.2	Gmeb1	0.805	110	116	True	1
C1GALT1C1_promoter_CpG_island	C1GALT1C1_promoter_island	hg38	chrX	120629882	MA0615.2	Gmeb1	0.8393	270	276	True	2
C1GALT1C1_promoter_CpG_island	C1GALT1C1_promoter_island	hg38	chrX	120629882	MA0615.2	Gmeb1	0.8009	307	313	True	1
C1GALT1C1_promoter_CpG_island	C1GALT1C1_promoter_island	hg38	chrX	120629882	MA0615.2	Gmeb1	0.8009	359	365	True	1
C1GALT1C1_promoter_CpG_island	C1GALT1C1_promoter_island	hg38	chrX	120629882	MA0615.2	Gmeb1	0.8393	391	397	True	1
C1GALT1C1_promoter_CpG_island	C1GALT1C1_promoter_island	hg38	chrX	120629882	MA0615.2	Gmeb1	0.9283	411	417	True	1
C1GALT1C1_promoter_CpG_island	C1GALT1C1_promoter_island	hg38	chrX	120629882	MA0092.2	Hand1::Tcf3	0.8449	445	454	False	0
C1GALT1C1_promoter_CpG_island	C1GALT1C1_promoter_island	hg38	chrX	120629882	MA1992.2	Ikzf3	0.8428	181	190	True	1
C1GALT1C1_promoter_CpG_island	C1GALT1C1_promoter_island	hg38	chrX	120629882	MA0117.3	Mafb	0.8424	418	429	True	1
C1GALT1C1_promoter_CpG_island	C1GALT1C1_promoter_island	hg38	chrX	120629882	MA0622.2	Mlxip	0.8333	75	81	True	1
C1GALT1C1_promoter_CpG_island	C1GALT1C1_promoter_island	hg38	chrX	120629882	MA0622.2	Mlxip	0.8333	89	95	True	1
C1GALT1C1_promoter_CpG_island	C1GALT1C1_promoter_island	hg38	chrX	120629882	MA1993.2	Neurod2	0.8373	67	73	True	1
C1GALT1C1_promoter_CpG_island	C1GALT1C1_promoter_island	hg38	chrX	120629882	MA1993.2	Neurod2	0.8333	132	138	False	0
C1GALT1C1_promoter_CpG_island	C1GALT1C1_promoter_island	hg38	chrX	120629882	MA1993.2	Neurod2	0.8373	234	240	True	1
C1GALT1C1_promoter_CpG_island	C1GALT1C1_promoter_island	hg38	chrX	120629882	MA1993.2	Neurod2	0.8364	292	298	True	1
C1GALT1C1_promoter_CpG_island	C1GALT1C1_promoter_island	hg38	chrX	120629882	MA0606.3	Nfat5	0.8877	452	460	False	0
C1GALT1C1_promoter_CpG_island	C1GALT1C1_promoter_island	hg38	chrX	120629882	MA0624.3	Nfatc1	0.8451	58	64	False	0
C1GALT1C1_promoter_CpG_island	C1GALT1C1_promoter_island	hg38	chrX	120629882	MA0624.3	Nfatc1	0.8451	182	188	False	0
C1GALT1C1_promoter_CpG_island	C1GALT1C1_promoter_island	hg38	chrX	120629882	MA0624.3	Nfatc1	1.0	453	459	False	0
C1GALT1C1_promoter_CpG_island	C1GALT1C1_promoter_island	hg38	chrX	120629882	MA0152.3	Nfatc2	0.9296	451	459	False	0
C1GALT1C1_promoter_CpG_island	C1GALT1C1_promoter_island	hg38	chrX	120629882	MA0124.3	Nkx3-1	0.8684	26	33	False	0
C1GALT1C1_promoter_CpG_island	C1GALT1C1_promoter_island	hg38	chrX	120629882	MA0125.2	Nobox	0.8226	456	462	False	0
C1GALT1C1_promoter_CpG_island	C1GALT1C1_promoter_island	hg38	chrX	120629882	MA0626.2	Npas2	0.8615	74	82	True	1
C1GALT1C1_promoter_CpG_island	C1GALT1C1_promoter_island	hg38	chrX	120629882	MA1995.2	Npas4	0.8694	115	122	False	0
C1GALT1C1_promoter_CpG_island	C1GALT1C1_promoter_island	hg38	chrX	120629882	MA1995.2	Npas4	0.8888	360	367	True	1
C1GALT1C1_promoter_CpG_island	C1GALT1C1_promoter_island	hg38	chrX	120629882	MA1996.2	Nr1H2	0.837	336	342	False	0
C1GALT1C1_promoter_CpG_island	C1GALT1C1_promoter_island	hg38	chrX	120629882	MA1110.3	Nr1H4	0.8343	336	342	False	0
C1GALT1C1_promoter_CpG_island	C1GALT1C1_promoter_island	hg38	chrX	120629882	MA0506.3	Nrf1	0.8194	263	275	True	3
C1GALT1C1_promoter_CpG_island	C1GALT1C1_promoter_island	hg38	chrX	120629882	MA1997.2	Olig2	0.8394	67	73	True	1
C1GALT1C1_promoter_CpG_island	C1GALT1C1_promoter_island	hg38	chrX	120629882	MA1997.2	Olig2	0.8332	132	138	False	0
C1GALT1C1_promoter_CpG_island	C1GALT1C1_promoter_island	hg38	chrX	120629882	MA1997.2	Olig2	0.8394	234	240	True	1
C1GALT1C1_promoter_CpG_island	C1GALT1C1_promoter_island	hg38	chrX	120629882	MA1997.2	Olig2	0.839	292	298	True	1
C1GALT1C1_promoter_CpG_island	C1GALT1C1_promoter_island	hg38	chrX	120629882	MA1615.2	Plagl1	0.8902	51	59	False	0
C1GALT1C1_promoter_CpG_island	C1GALT1C1_promoter_island	hg38	chrX	120629882	MA1620.2	Ptf1A	0.8047	427	435	False	0
C1GALT1C1_promoter_CpG_island	C1GALT1C1_promoter_island	hg38	chrX	120629882	MA0629.2	Rhox11	0.8032	217	226	True	1
C1GALT1C1_promoter_CpG_island	C1GALT1C1_promoter_island	hg38	chrX	120629882	MA1153.2	Smad4	0.9515	37	44	True	1
C1GALT1C1_promoter_CpG_island	C1GALT1C1_promoter_island	hg38	chrX	120629882	MA0518.2	Stat4	0.8225	178	188	True	1
C1GALT1C1_promoter_CpG_island	C1GALT1C1_promoter_island	hg38	chrX	120629882	MA0519.2	Stat5a::Stat5b	0.806	444	453	False	0
C1GALT1C1_promoter_CpG_island	C1GALT1C1_promoter_island	hg38	chrX	120629882	MA0520.2	Stat6	0.8715	394	404	False	0
C1GALT1C1_promoter_CpG_island	C1GALT1C1_promoter_island	hg38	chrX	120629882	MA1567.3	Tbx6	0.8007	168	177	False	0
C1GALT1C1_promoter_CpG_island	C1GALT1C1_promoter_island	hg38	chrX	120629882	MA0521.3	Tcf12	0.836	67	73	True	1
C1GALT1C1_promoter_CpG_island	C1GALT1C1_promoter_island	hg38	chrX	120629882	MA0521.3	Tcf12	0.8351	132	138	False	0
C1GALT1C1_promoter_CpG_island	C1GALT1C1_promoter_island	hg38	chrX	120629882	MA0521.3	Tcf12	0.836	234	240	True	1
C1GALT1C1_promoter_CpG_island	C1GALT1C1_promoter_island	hg38	chrX	120629882	MA0521.3	Tcf12	0.8366	292	298	True	1
C1GALT1C1_promoter_CpG_island	C1GALT1C1_promoter_island	hg38	chrX	120629882	MA0633.3	Twist2	0.8371	67	73	True	1
C1GALT1C1_promoter_CpG_island	C1GALT1C1_promoter_island	hg38	chrX	120629882	MA0633.3	Twist2	0.8336	132	138	False	0
C1GALT1C1_promoter_CpG_island	C1GALT1C1_promoter_island	hg38	chrX	120629882	MA0633.3	Twist2	0.8371	234	240	True	1
C1GALT1C1_promoter_CpG_island	C1GALT1C1_promoter_island	hg38	chrX	120629882	MA0633.3	Twist2	0.8369	292	298	True	1
C1GALT1C1_promoter_CpG_island	C1GALT1C1_promoter_island	hg38	chrX	120629882	MA0693.4	Vdr	1.0	335	342	False	0
C1GALT1C1_promoter_CpG_island	C1GALT1C1_promoter_island	hg38	chrX	120629882	MA1627.2	Wt1	0.8002	28	38	True	2
C1GALT1C1_promoter_CpG_island	C1GALT1C1_promoter_island	hg38	chrX	120629882	MA2002.2	Zfp335	0.8299	137	144	True	1
C1GALT1C1_promoter_CpG_island	C1GALT1C1_promoter_island	hg38	chrX	120629882	MA2002.2	Zfp335	0.8299	267	274	True	1
C1GALT1C1_promoter_CpG_island	C1GALT1C1_promoter_island	hg38	chrX	120629882	MA0146.3	Zfx	0.8097	14	24	True	1
C1GALT1C1_promoter_CpG_island	C1GALT1C1_promoter_island	hg38	chrX	120629882	MA1628.2	Zic1::Zic2	0.8582	135	142	False	0
C1GALT1C1_promoter_CpG_island	C1GALT1C1_promoter_island	hg38	chrX	120629882	MA0697.3	Zic3	0.8661	135	142	False	0
