b_subset	n_donors	tf	target	rho	p	n_targets	q	null_med	null_q95	null_max	emp_p	q_emp
B_memory	26	FOXA1	AxisComposite	0.9117948717948718	9.27484552364444e-11	70	4.3294978904372246e-07	0.8577778021876286	0.8994872050839581	0.9268376332126987	0.012	1.0
B_memory	26	BCOR	AxisComposite	0.9029059829059828	2.8007484801802003e-10	7	4.495943229533587e-07	0.7370940380695605	0.8708034435839412	0.9247863511030432	0.004	1.0
B_memory	26	MBD1	AxisComposite	0.9022222222222221	3.0357959666648915e-10	17	4.495943229533587e-07	0.813333356478425	0.8879316491995651	0.9254701118062617	0.025	1.0
B_memory	26	KMT2B	AxisComposite	0.9001709401709401	3.852564892488078e-10	15	4.495943229533587e-07	0.7996581424140548	0.8851282303163692	0.9323077188384469	0.025	1.0
B_memory	26	MYCN	AxisComposite	0.8967521367521367	5.667027560768769e-10	138	4.5315126795932013e-07	0.8642735288682044	0.8926495980517729	0.916581222664421	0.029	1.0
B_memory	26	NRF1	AxisComposite	0.8953846153846153	6.588282915616066e-10	90	4.5315126795932013e-07	0.8618803664069397	0.8967863503062449	0.9220513082901691	0.059	1.0
B_memory	26	ZNF143	AxisComposite	0.8926495726495726	8.850163618408371e-10	29	4.5315126795932013e-07	0.8406837846071656	0.8933333587549914	0.9268376332126987	0.056	1.0
B_memory	26	ASCL1	AxisComposite	0.8919658119658118	9.516108806257505e-10	69	4.5315126795932013e-07	0.8577778021876286	0.896752162271084	0.9206837868837321	0.073	1.0
B_memory	26	SRSF2	AxisComposite	0.8912820512820512	1.02272352417786e-09	11	4.5315126795932013e-07	0.7784615606142807	0.8776410506161264	0.917948744070858	0.022	1.0
B_memory	26	NKX2-1	AxisComposite	0.8899145299145298	1.1796104222331633e-09	62	4.5315126795932013e-07	0.8577778021876286	0.8967863503062449	0.9220513082901691	0.1	1.0
B_memory	26	SRY	AxisComposite	0.8899145299145298	1.1796104222331633e-09	41	4.5315126795932013e-07	0.8471795112877416	0.898119683677521	0.9329914795416654	0.085	1.0
B_memory	26	NR1H4	AxisComposite	0.8892307692307693	1.2659752044394572e-09	134	4.5315126795932013e-07	0.8639316485165952	0.8933333587549914	0.9302564367287913	0.081	1.0
B_memory	26	SMAD3	AxisComposite	0.8885470085470085	1.3580405152241714e-09	189	4.5315126795932013e-07	0.8646154092198137	0.8899145552388988	0.9206837868837321	0.061	1.0
B_memory	26	DNMT3B	AxisComposite	0.8878632478632477	1.4561416065530853e-09	70	4.5315126795932013e-07	0.8577778021876286	0.8994872050839581	0.9268376332126987	0.11	1.0
B_memory	26	TCF3	AxisComposite	0.8878632478632477	1.4561416065530853e-09	127	4.5315126795932013e-07	0.8646154092198137	0.8947008801614285	0.9241025903998247	0.097	1.0
B_memory	26	TBX5	AxisComposite	0.8858119658119656	1.7902762089458104e-09	25	5.223130839599402e-07	0.8263248098395768	0.8913504527156577	0.9282051546191358	0.074	1.0
B_memory	26	CUX1	AxisComposite	0.8851282051282051	1.916230611141857e-09	109	5.26174381930011e-07	0.862222246758549	0.8961025896030264	0.9200000261805136	0.151	1.0
B_memory	26	SOX4	AxisComposite	0.8830769230769231	2.343844523605759e-09	23	5.79701117621031e-07	0.8276923312460138	0.8940513074933708	0.9350427616513209	0.095	1.0
B_memory	26	CTCF	AxisComposite	0.8817094017094015	2.6751757420956864e-09	142	5.79701117621031e-07	0.8639316485165952	0.8940171194582099	0.9268376332126987	0.161	1.0
B_memory	26	NR4A1	AxisComposite	0.8817094017094015	2.6751757420956864e-09	109	5.79701117621031e-07	0.862222246758549	0.8961025896030264	0.9200000261805136	0.191	1.0
B_memory	26	ATF6	AxisComposite	0.881025641025641	2.8562822847651483e-09	56	5.79701117621031e-07	0.8577778021876286	0.898119683677521	0.9158974619612025	0.21	1.0
B_memory	26	HDAC3	AxisComposite	0.881025641025641	2.8562822847651483e-09	27	5.79701117621031e-07	0.8362393400362453	0.8940171194582099	0.936410283057758	0.107	1.0
B_memory	26	NCOA3	AxisComposite	0.881025641025641	2.8562822847651483e-09	73	5.79701117621031e-07	0.8608547253521119	0.8974359229743025	0.9275213939159173	0.206	1.0
B_memory	26	NEUROG2	AxisComposite	0.8803418803418802	3.0484375818931065e-09	25	5.929211096782092e-07	0.8263248098395768	0.8913504527156577	0.9282051546191358	0.104	1.0
B_memory	26	CREBZF	AxisComposite	0.8796581196581197	3.2522417556825923e-09	20	6.072585806210536e-07	0.8191453224557823	0.8878974611644042	0.9282051546191358	0.089	1.0
B_memory	26	IRF8	AxisComposite	0.8776068376068377	3.939984240489251e-09	68	6.706977744089829e-07	0.85709404148441	0.8974359229743025	0.9323077188384469	0.217	1.0
B_memory	26	ZNF148	AxisComposite	0.8769230769230769	4.196974127521972e-09	29	6.706977744089829e-07	0.8406837846071656	0.8933333587549914	0.9268376332126987	0.165	1.0
B_memory	26	BCL6	AxisComposite	0.8762393162393161	4.4690658572283696e-09	99	6.706977744089829e-07	0.8632478878133767	0.8988034443807396	0.9234188296966062	0.282	1.0
B_memory	26	STAT2	AxisComposite	0.8762393162393161	4.4690658572283696e-09	49	6.706977744089829e-07	0.8536752379683175	0.9008547264903951	0.9316239581352284	0.245	1.0
B_memory	26	E2F6	AxisComposite	0.8755555555555555	4.757049216822535e-09	40	6.706977744089829e-07	0.8488889130457878	0.8988376324159004	0.936410283057758	0.218	1.0
B_memory	26	NFATC1	AxisComposite	0.8755555555555555	4.757049216822535e-09	122	6.706977744089829e-07	0.8646154092198137	0.896752162271084	0.9254701118062617	0.29	1.0
B_memory	26	RORA	AxisComposite	0.8748717948717948	5.061750161863463e-09	86	6.706977744089829e-07	0.8618803664069397	0.8974701110094634	0.9268376332126987	0.289	1.0
B_memory	26	SIX4	AxisComposite	0.8748717948717948	5.061750161863463e-09	8	6.706977744089829e-07	0.7524786538919771	0.8708034435839412	0.9309401974320098	0.043	1.0
B_memory	26	HOXD10	AxisComposite	0.874188034188034	5.384032234361566e-09	5	6.706977744089829e-07	0.6936752334151847	0.8523077165618804	0.9193162654772951	0.01701701701701702	1.0
B_memory	26	SP3	AxisComposite	0.874188034188034	5.384032234361566e-09	445	6.706977744089829e-07	0.8652991699230322	0.8830769482067137	0.8988034443807396	0.225	1.0
B_memory	26	KMT2A	AxisComposite	0.8735042735042735	5.724798026906526e-09	69	6.706977744089829e-07	0.8577778021876286	0.896752162271084	0.9206837868837321	0.274	1.0
B_memory	26	NFAT5	AxisComposite	0.8735042735042735	5.724798026906526e-09	51	6.706977744089829e-07	0.8536752379683175	0.9015726752287745	0.939145325870632	0.272	1.0
B_memory	26	E2F4	AxisComposite	0.8728205128205128	6.084990693982169e-09	163	6.706977744089829e-07	0.8646154092198137	0.8933333587549914	0.9138461798515469	0.32	1.0
B_memory	26	NCOA2	AxisComposite	0.8728205128205128	6.084990693982169e-09	62	6.706977744089829e-07	0.8577778021876286	0.8967863503062449	0.9220513082901691	0.291	1.0
B_memory	26	SMAD4	AxisComposite	0.8728205128205128	6.084990693982169e-09	142	6.706977744089829e-07	0.8639316485165952	0.8940171194582099	0.9268376332126987	0.308	1.0
B_memory	26	MYBL2	AxisComposite	0.8721367521367521	6.46559551165472e-09	50	6.706977744089829e-07	0.8529914772650989	0.8974359229743025	0.9405128472770691	0.263	1.0
B_memory	26	PPARD	AxisComposite	0.8721367521367521	6.46559551165472e-09	100	6.706977744089829e-07	0.8625641271101582	0.898119683677521	0.9186325047740765	0.338	1.0
B_memory	26	RB1	AxisComposite	0.8721367521367521	6.46559551165472e-09	32	6.706977744089829e-07	0.8386325024975101	0.896752162271084	0.9309401974320098	0.201	1.0
B_memory	26	TBX2	AxisComposite	0.8721367521367521	6.46559551165472e-09	32	6.706977744089829e-07	0.8386325024975101	0.896752162271084	0.9309401974320098	0.201	1.0
B_memory	26	TP73	AxisComposite	0.8714529914529915	6.8676414868445615e-09	125	6.753347233854398e-07	0.8639316485165952	0.895384640864647	0.9186325047740765	0.352	1.0
B_memory	26	NKX2-5	AxisComposite	0.8707692307692306	7.292203017407885e-09	72	6.753347233854398e-07	0.8591453235940656	0.8994872050839581	0.9288889153223543	0.351	1.0
B_memory	26	PDX1	AxisComposite	0.8707692307692306	7.292203017407885e-09	85	6.753347233854398e-07	0.8629060074617674	0.8988034443807396	0.9439316507931617	0.378	1.0
B_memory	26	AHR	AxisComposite	0.87008547008547	7.740401604277592e-09	193	6.753347233854398e-07	0.8659829306262508	0.8919658373485544	0.915213701257984	0.398	1.0
B_memory	26	EP300	AxisComposite	0.8694017094017094	8.213407616936534e-09	74	6.753347233854398e-07	0.8611966057037211	0.8995213931191189	0.9261538725094802	0.356	1.0
B_memory	26	GLI2	AxisComposite	0.8694017094017094	8.213407616936534e-09	149	6.753347233854398e-07	0.8652991699230322	0.8926495980517729	0.9288889153223543	0.421	1.0
B_memory	26	GABPA	AxisComposite	0.8687179487179486	8.712442113511008e-09	48	6.753347233854398e-07	0.8529914772650989	0.898119683677521	0.937777804464195	0.298	1.0
B_memory	26	POU4F2	AxisComposite	0.8687179487179486	8.712442113511008e-09	34	6.753347233854398e-07	0.8434188274200397	0.896752162271084	0.939145325870632	0.255	1.0
B_memory	26	SMARCA1	AxisComposite	0.8687179487179486	8.712442113511008e-09	52	6.753347233854398e-07	0.8550427593747545	0.895384640864647	0.9398290865738506	0.318	1.0
B_memory	26	TCF12	AxisComposite	0.8687179487179486	8.712442113511008e-09	51	6.753347233854398e-07	0.8536752379683175	0.9015726752287745	0.939145325870632	0.334	1.0
B_memory	26	ELK1	AxisComposite	0.868034188034188	9.238778716799467e-09	61	6.753347233854398e-07	0.85709404148441	0.9008547264903951	0.9254701118062617	0.351	1.0
B_memory	26	MBD2	AxisComposite	0.868034188034188	9.238778716799467e-09	89	6.753347233854398e-07	0.8625641271101582	0.8933333587549914	0.9268376332126987	0.402	1.0
B_memory	26	NCOA1	AxisComposite	0.868034188034188	9.238778716799467e-09	90	6.753347233854398e-07	0.8618803664069397	0.8967863503062449	0.9220513082901691	0.409	1.0
B_memory	26	TFDP3	AxisComposite	0.868034188034188	9.238778716799467e-09	6	6.753347233854398e-07	0.7145299348633494	0.8620854946179052	0.9323077188384469	0.04008016032064128	1.0
B_memory	26	ID1	AxisComposite	0.8673504273504273	9.793745547570646e-09	76	6.753347233854398e-07	0.8598290842972841	0.8961025896030264	0.9370940437609765	0.383	1.0
B_memory	26	STAT1	AxisComposite	0.8673504273504273	9.793745547570646e-09	301	6.753347233854398e-07	0.8666666913294693	0.8858119910195877	0.9124786584451099	0.477	1.0
B_memory	26	CEBPA	AxisComposite	0.8666666666666666	1.037872721648654e-08	232	6.753347233854398e-07	0.8659829306262508	0.8892307945356803	0.9097436156322358	0.496	1.0
B_memory	26	DNMT3A	AxisComposite	0.8666666666666666	1.037872721648654e-08	60	6.753347233854398e-07	0.8577778021876286	0.898119683677521	0.9268376332126987	0.375	1.0
B_memory	26	KLF2	AxisComposite	0.8666666666666666	1.037872721648654e-08	66	6.753347233854398e-07	0.8577778021876286	0.8954188288998078	0.9309401974320098	0.38	1.0
B_memory	26	NANOG	AxisComposite	0.8666666666666666	1.037872721648654e-08	57	6.753347233854398e-07	0.8564102807811915	0.8974359229743025	0.9254701118062617	0.362	1.0
B_memory	26	NR1I2	AxisComposite	0.8666666666666666	1.037872721648654e-08	228	6.753347233854398e-07	0.8652991699230322	0.8885470338324618	0.9117948977418914	0.477	1.0
B_memory	26	RBPJ	AxisComposite	0.8666666666666666	1.037872721648654e-08	155	6.753347233854398e-07	0.8646154092198137	0.8926495980517729	0.915213701257984	0.455	1.0
B_memory	26	CREB1	AxisComposite	0.865982905982906	1.0995166876026869e-08	460	6.753347233854398e-07	0.8652991699230322	0.8837607089099322	0.8988034443807396	0.493	1.0
B_memory	26	MYC	AxisComposite	0.865982905982906	1.0995166876026869e-08	873	6.753347233854398e-07	0.8652991699230322	0.8789743839874026	0.8960684015678655	0.498	1.0
B_memory	26	PAX6	AxisComposite	0.865982905982906	1.0995166876026869e-08	165	6.753347233854398e-07	0.8652991699230322	0.8926495980517729	0.915213701257984	0.488	1.0
B_memory	26	RELA	AxisComposite	0.865982905982906	1.0995166876026869e-08	958	6.753347233854398e-07	0.8652991699230322	0.8789743839874026	0.8905983159421174	0.466	1.0
B_memory	26	SP7	AxisComposite	0.865982905982906	1.0995166876026869e-08	45	6.753347233854398e-07	0.8488889130457878	0.8994872050839581	0.9323077188384469	0.325	1.0
B_memory	26	TAF1	AxisComposite	0.865982905982906	1.0995166876026869e-08	42	6.753347233854398e-07	0.8482051523425693	0.898119683677521	0.9268376332126987	0.311	1.0
B_memory	26	HOXA1	AxisComposite	0.8652991452991453	1.164456833381706e-08	26	6.794605622782254e-07	0.8324786561685434	0.8947350681965893	0.9343590009481024	0.238	1.0
B_memory	26	RCOR2	AxisComposite	0.8652991452991453	1.164456833381706e-08	16	6.794605622782254e-07	0.8078632708526768	0.8871795124260248	0.9350427616513209	0.146	1.0
B_memory	26	YBX3	AxisComposite	0.8652991452991453	1.164456833381706e-08	26	6.794605622782254e-07	0.8324786561685434	0.8947350681965893	0.9343590009481024	0.238	1.0
B_memory	26	ZNF236	AxisComposite	0.8652991452991453	1.164456833381706e-08	14	6.794605622782254e-07	0.802735065578538	0.8837948969450931	0.9411966079802876	0.124	1.0
B_memory	26	EBF1	AxisComposite	0.8646153846153846	1.2328498228777593e-08	33	6.933666232763109e-07	0.8420513060136027	0.8940171194582099	0.9336752402448839	0.288	1.0
B_memory	26	ESRRA	AxisComposite	0.8646153846153846	1.2328498228777593e-08	48	6.933666232763109e-07	0.8529914772650989	0.898119683677521	0.937777804464195	0.352	1.0
B_memory	26	MAFG	AxisComposite	0.8639316239316238	1.304858827154053e-08	8	7.160990809576761e-07	0.7524786538919771	0.8708034435839412	0.9309401974320098	0.073	1.0
B_memory	26	SMAD7	AxisComposite	0.8639316239316238	1.304858827154053e-08	66	7.160990809576761e-07	0.8577778021876286	0.8954188288998078	0.9309401974320098	0.409	1.0
B_memory	26	MSC	AxisComposite	0.8632478632478632	1.3806537550597868e-08	29	7.160990809576761e-07	0.8406837846071656	0.8933333587549914	0.9268376332126987	0.286	1.0
B_memory	26	MYB	AxisComposite	0.8632478632478632	1.3806537550597868e-08	179	7.160990809576761e-07	0.8652991699230322	0.8899145552388988	0.9124786584451099	0.542	1.0
B_memory	26	POU1F1	AxisComposite	0.8632478632478632	1.3806537550597868e-08	56	7.160990809576761e-07	0.8577778021876286	0.898119683677521	0.9158974619612025	0.446	1.0
B_memory	26	POU2F3	AxisComposite	0.8632478632478632	1.3806537550597868e-08	9	7.160990809576761e-07	0.76957267147244	0.8790085720225634	0.9323077188384469	0.09	1.0
B_memory	26	THRA	AxisComposite	0.8632478632478632	1.3806537550597868e-08	83	7.160990809576761e-07	0.8608547253521119	0.898119683677521	0.9261538725094802	0.473	1.0
B_memory	26	CRX	AxisComposite	0.8625641025641025	1.4604114905670068e-08	31	7.330323481684718e-07	0.8400000239039471	0.8974701110094634	0.9275213939159173	0.298	1.0
B_memory	26	E2F1	AxisComposite	0.8625641025641025	1.4604114905670068e-08	310	7.330323481684718e-07	0.8652991699230322	0.8864957517228063	0.9070085728193618	0.606	1.0
B_memory	26	NOTCH1	AxisComposite	0.8625641025641025	1.4604114905670068e-08	67	7.330323481684718e-07	0.8598290842972841	0.8974359229743025	0.939145325870632	0.463	1.0
B_memory	26	SP1	AxisComposite	0.8618803418803418	1.5443161369804112e-08	1322	7.353137168341885e-07	0.8646154092198137	0.87555558047131	0.8926495980517729	0.695	1.0
B_memory	26	SREBF2	AxisComposite	0.8618803418803418	1.5443161369804112e-08	70	7.353137168341885e-07	0.8577778021876286	0.8994872050839581	0.9268376332126987	0.454	1.0
B_memory	26	TP53	AxisComposite	0.8618803418803418	1.5443161369804112e-08	963	7.353137168341885e-07	0.8652991699230322	0.8789743839874026	0.8926495980517729	0.708	1.0
B_memory	26	CXXC1	AxisComposite	0.8611965811965812	1.6325592681733792e-08	21	7.353137168341885e-07	0.8263248098395768	0.8933675467901523	0.939145325870632	0.227	1.0
B_memory	26	FOXO1	AxisComposite	0.8611965811965812	1.6325592681733792e-08	277	7.353137168341885e-07	0.8659829306262508	0.8864957517228063	0.9076923335225803	0.655	1.0
B_memory	26	HOXA9	AxisComposite	0.8611965811965812	1.6325592681733792e-08	39	7.353137168341885e-07	0.8482051523425693	0.8988034443807396	0.9316239581352284	0.343	1.0
B_memory	26	CTCFL	AxisComposite	0.8605128205128205	1.7253401870060042e-08	11	7.353137168341885e-07	0.7784615606142807	0.8776410506161264	0.917948744070858	0.095	1.0
B_memory	26	ESR1	AxisComposite	0.8605128205128205	1.7253401870060042e-08	622	7.353137168341885e-07	0.8652991699230322	0.8803419053938396	0.9001709657871766	0.734	1.0
B_memory	26	FOXO4	AxisComposite	0.8605128205128205	1.7253401870060042e-08	31	7.353137168341885e-07	0.8400000239039471	0.8974701110094634	0.9275213939159173	0.314	1.0
B_memory	26	GTF3A	AxisComposite	0.8605128205128205	1.7253401870060042e-08	26	7.353137168341885e-07	0.8324786561685434	0.8947350681965893	0.9343590009481024	0.272	1.0
B_memory	26	IRF1	AxisComposite	0.8605128205128205	1.7253401870060042e-08	165	7.353137168341885e-07	0.8652991699230322	0.8926495980517729	0.915213701257984	0.63	1.0
B_memory	26	NCOR1	AxisComposite	0.8605128205128205	1.7253401870060042e-08	88	7.353137168341885e-07	0.862222246758549	0.896752162271084	0.9309401974320098	0.532	1.0
B_memory	26	PPARG	AxisComposite	0.8605128205128205	1.7253401870060042e-08	362	7.353137168341885e-07	0.8659829306262508	0.8844786576483116	0.9035897693032692	0.683	1.0
B_memory	26	REST	AxisComposite	0.8605128205128205	1.7253401870060042e-08	81	7.353137168341885e-07	0.8605128450005026	0.8974359229743025	0.9411966079802876	0.516	1.0
B_memory	26	SALL3	AxisComposite	0.8605128205128205	1.7253401870060042e-08	10	7.353137168341885e-07	0.7757265178014067	0.8776752386512874	0.9261538725094802	0.108	1.0
B_memory	26	BRCA1	AxisComposite	0.8598290598290598	1.8228661910825657e-08	60	7.353137168341885e-07	0.8577778021876286	0.898119683677521	0.9268376332126987	0.465	1.0
B_memory	26	KAT7	AxisComposite	0.8598290598290598	1.8228661910825657e-08	83	7.353137168341885e-07	0.8608547253521119	0.898119683677521	0.9261538725094802	0.529	1.0
B_memory	26	DLX4	AxisComposite	0.859145299145299	1.9253528460087283e-08	42	7.353137168341885e-07	0.8482051523425693	0.898119683677521	0.9268376332126987	0.393	1.0
B_memory	26	FOXM1	AxisComposite	0.859145299145299	1.9253528460087283e-08	96	7.353137168341885e-07	0.8605128450005026	0.896752162271084	0.9384615651674135	0.534	1.0
B_memory	26	JUND	AxisComposite	0.859145299145299	1.9253528460087283e-08	620	7.353137168341885e-07	0.8652991699230322	0.8810256660970581	0.8974359229743025	0.787	1.0
B_memory	26	NFE2L2	AxisComposite	0.8584615384615384	2.0330242663109863e-08	201	7.353137168341885e-07	0.8666666913294693	0.8899487432740597	0.9247863511030432	0.716	1.0
B_memory	26	NKX3-1	AxisComposite	0.8584615384615384	2.0330242663109863e-08	70	7.353137168341885e-07	0.8577778021876286	0.8994872050839581	0.9268376332126987	0.495	1.0
B_memory	26	TFCP2	AxisComposite	0.8584615384615384	2.0330242663109863e-08	73	7.353137168341885e-07	0.8608547253521119	0.8974359229743025	0.9275213939159173	0.54	1.0
B_memory	26	HOXD8	AxisComposite	0.8577777777777776	2.146113404182745e-08	5	7.353137168341885e-07	0.6936752334151847	0.8523077165618804	0.9193162654772951	0.04004004004004004	1.0
B_memory	26	NFKB1	AxisComposite	0.8577777777777776	2.146113404182745e-08	931	7.353137168341885e-07	0.8646154092198137	0.876923101877747	0.8899145552388988	0.858	1.0
B_memory	26	FOSB_JUN	AxisComposite	0.8570940170940171	2.264862346224148e-08	589	7.353137168341885e-07	0.8652991699230322	0.8817094268002766	0.9042735300064877	0.835	1.0
B_memory	26	FOSB_JUNB	AxisComposite	0.8570940170940171	2.264862346224148e-08	589	7.353137168341885e-07	0.8652991699230322	0.8817094268002766	0.9042735300064877	0.835	1.0
B_memory	26	FOSB_JUND	AxisComposite	0.8570940170940171	2.264862346224148e-08	589	7.353137168341885e-07	0.8652991699230322	0.8817094268002766	0.9042735300064877	0.835	1.0
B_memory	26	FOSL1_JUN	AxisComposite	0.8570940170940171	2.264862346224148e-08	589	7.353137168341885e-07	0.8652991699230322	0.8817094268002766	0.9042735300064877	0.835	1.0
B_memory	26	FOSL1_JUNB	AxisComposite	0.8570940170940171	2.264862346224148e-08	589	7.353137168341885e-07	0.8652991699230322	0.8817094268002766	0.9042735300064877	0.835	1.0
B_memory	26	FOSL1_JUND	AxisComposite	0.8570940170940171	2.264862346224148e-08	589	7.353137168341885e-07	0.8652991699230322	0.8817094268002766	0.9042735300064877	0.835	1.0
B_memory	26	FOSL2_JUN	AxisComposite	0.8570940170940171	2.264862346224148e-08	589	7.353137168341885e-07	0.8652991699230322	0.8817094268002766	0.9042735300064877	0.835	1.0
B_memory	26	FOSL2_JUNB	AxisComposite	0.8570940170940171	2.264862346224148e-08	589	7.353137168341885e-07	0.8652991699230322	0.8817094268002766	0.9042735300064877	0.835	1.0
B_memory	26	FOSL2_JUND	AxisComposite	0.8570940170940171	2.264862346224148e-08	589	7.353137168341885e-07	0.8652991699230322	0.8817094268002766	0.9042735300064877	0.835	1.0
B_memory	26	FOS_JUN	AxisComposite	0.8570940170940171	2.264862346224148e-08	589	7.353137168341885e-07	0.8652991699230322	0.8817094268002766	0.9042735300064877	0.835	1.0
B_memory	26	FOS_JUNB	AxisComposite	0.8570940170940171	2.264862346224148e-08	589	7.353137168341885e-07	0.8652991699230322	0.8817094268002766	0.9042735300064877	0.835	1.0
B_memory	26	FOS_JUND	AxisComposite	0.8570940170940171	2.264862346224148e-08	589	7.353137168341885e-07	0.8652991699230322	0.8817094268002766	0.9042735300064877	0.835	1.0
B_memory	26	HDAC1	AxisComposite	0.8570940170940171	2.264862346224148e-08	82	7.353137168341885e-07	0.8618803664069397	0.8960684015678655	0.9370940437609765	0.581	1.0
B_memory	26	IRF3	AxisComposite	0.8570940170940171	2.264862346224148e-08	82	7.353137168341885e-07	0.8618803664069397	0.8960684015678655	0.9370940437609765	0.581	1.0
B_memory	26	JUNB_JUND	AxisComposite	0.8570940170940171	2.264862346224148e-08	589	7.353137168341885e-07	0.8652991699230322	0.8817094268002766	0.9042735300064877	0.835	1.0
B_memory	26	JUN_JUNB	AxisComposite	0.8570940170940171	2.264862346224148e-08	589	7.353137168341885e-07	0.8652991699230322	0.8817094268002766	0.9042735300064877	0.835	1.0
B_memory	26	JUN_JUND	AxisComposite	0.8570940170940171	2.264862346224148e-08	589	7.353137168341885e-07	0.8652991699230322	0.8817094268002766	0.9042735300064877	0.835	1.0
B_memory	26	KDM5B	AxisComposite	0.8570940170940171	2.264862346224148e-08	36	7.353137168341885e-07	0.8413675453103842	0.898119683677521	0.9247863511030432	0.344	1.0
B_memory	26	NR5A1	AxisComposite	0.8570940170940171	2.264862346224148e-08	107	7.353137168341885e-07	0.8618803664069397	0.8926495980517729	0.9295726760255728	0.597	1.0
B_memory	26	RXRA	AxisComposite	0.8570940170940171	2.264862346224148e-08	110	7.353137168341885e-07	0.8618803664069397	0.8947008801614285	0.9213675475869506	0.601	1.0
B_memory	26	XBP1	AxisComposite	0.8570940170940171	2.264862346224148e-08	54	7.353137168341885e-07	0.855726520077973	0.896752162271084	0.9411966079802876	0.487	1.0
B_memory	26	ZBTB38	AxisComposite	0.8570940170940171	2.264862346224148e-08	5	7.353137168341885e-07	0.6936752334151847	0.8523077165618804	0.9193162654772951	0.042042042042042045	1.0
B_memory	26	E2F3	AxisComposite	0.8564102564102564	2.3895226183452023e-08	68	7.353137168341885e-07	0.85709404148441	0.8974359229743025	0.9323077188384469	0.519	1.0
B_memory	26	FOXP3	AxisComposite	0.8564102564102564	2.3895226183452023e-08	52	7.353137168341885e-07	0.8550427593747545	0.895384640864647	0.9398290865738506	0.48	1.0
B_memory	26	SATB1	AxisComposite	0.8564102564102564	2.3895226183452023e-08	44	7.353137168341885e-07	0.8516239558586619	0.900888914525556	0.9323077188384469	0.449	1.0
B_memory	26	TBP	AxisComposite	0.8564102564102564	2.3895226183452023e-08	162	7.353137168341885e-07	0.8646154092198137	0.8913162646804967	0.9172649833676395	0.694	1.0
B_memory	26	NFKB1_NFKB2	AxisComposite	0.8557264957264956	2.5203554990032168e-08	794	7.353137168341885e-07	0.8652991699230322	0.8796581446906211	0.8926495980517729	0.902	1.0
B_memory	26	NFKB1_REL	AxisComposite	0.8557264957264956	2.5203554990032168e-08	794	7.353137168341885e-07	0.8652991699230322	0.8796581446906211	0.8926495980517729	0.902	1.0
B_memory	26	NFKB1_RELA	AxisComposite	0.8557264957264956	2.5203554990032168e-08	794	7.353137168341885e-07	0.8652991699230322	0.8796581446906211	0.8926495980517729	0.902	1.0
B_memory	26	NFKB1_RELB	AxisComposite	0.8557264957264956	2.5203554990032168e-08	794	7.353137168341885e-07	0.8652991699230322	0.8796581446906211	0.8926495980517729	0.902	1.0
B_memory	26	NFKB2	AxisComposite	0.8557264957264956	2.5203554990032168e-08	815	7.353137168341885e-07	0.8652991699230322	0.8796581446906211	0.8933333587549914	0.906	1.0
B_memory	26	NFKB2_REL	AxisComposite	0.8557264957264956	2.5203554990032168e-08	794	7.353137168341885e-07	0.8652991699230322	0.8796581446906211	0.8926495980517729	0.902	1.0
B_memory	26	NFKB2_RELA	AxisComposite	0.8557264957264956	2.5203554990032168e-08	794	7.353137168341885e-07	0.8652991699230322	0.8796581446906211	0.8926495980517729	0.902	1.0
B_memory	26	NFKB2_RELB	AxisComposite	0.8557264957264956	2.5203554990032168e-08	794	7.353137168341885e-07	0.8652991699230322	0.8796581446906211	0.8926495980517729	0.902	1.0
B_memory	26	REL	AxisComposite	0.8557264957264956	2.5203554990032168e-08	812	7.353137168341885e-07	0.8646154092198137	0.8782906232841841	0.8912820766453359	0.907	1.0
B_memory	26	RELA_RELB	AxisComposite	0.8557264957264956	2.5203554990032168e-08	794	7.353137168341885e-07	0.8652991699230322	0.8796581446906211	0.8926495980517729	0.902	1.0
B_memory	26	RELB	AxisComposite	0.8557264957264956	2.5203554990032168e-08	811	7.353137168341885e-07	0.864957289571423	0.8789743839874026	0.8926495980517729	0.903	1.0
B_memory	26	REL_RELA	AxisComposite	0.8557264957264956	2.5203554990032168e-08	794	7.353137168341885e-07	0.8652991699230322	0.8796581446906211	0.8926495980517729	0.902	1.0
B_memory	26	REL_RELB	AxisComposite	0.8557264957264956	2.5203554990032168e-08	794	7.353137168341885e-07	0.8652991699230322	0.8796581446906211	0.8926495980517729	0.902	1.0
B_memory	26	ETV3	AxisComposite	0.8550427350427351	2.6576323409491527e-08	11	7.428639381766853e-07	0.7784615606142807	0.8776410506161264	0.917948744070858	0.121	1.0
B_memory	26	HNF4A	AxisComposite	0.8550427350427351	2.6576323409491527e-08	278	7.428639381766853e-07	0.8659829306262508	0.8871795124260248	0.9083760942257988	0.8	1.0
B_memory	26	JUNB	AxisComposite	0.8550427350427351	2.6576323409491527e-08	617	7.428639381766853e-07	0.8652991699230322	0.8817094268002766	0.8947008801614285	0.897	1.0
B_memory	26	MXI1	AxisComposite	0.8550427350427351	2.6576323409491527e-08	8	7.428639381766853e-07	0.7524786538919771	0.8708034435839412	0.9309401974320098	0.094	1.0
B_memory	26	NR5A2	AxisComposite	0.8550427350427351	2.6576323409491527e-08	64	7.428639381766853e-07	0.8584615628908471	0.9022222478968321	0.9309401974320098	0.538	1.0
B_memory	26	SIRT1	AxisComposite	0.8550427350427351	2.6576323409491527e-08	62	7.428639381766853e-07	0.8577778021876286	0.8967863503062449	0.9220513082901691	0.549	1.0
B_memory	26	SPI1	AxisComposite	0.8550427350427351	2.6576323409491527e-08	338	7.428639381766853e-07	0.8659829306262508	0.8864957517228063	0.9083760942257988	0.828	1.0
B_memory	26	GATA1	AxisComposite	0.8543589743589743	2.8016349016591608e-08	147	7.692959835849978e-07	0.8646154092198137	0.8960684015678655	0.9220513082901691	0.707	1.0
B_memory	26	GATA6	AxisComposite	0.8543589743589743	2.8016349016591608e-08	86	7.692959835849978e-07	0.8618803664069397	0.8974701110094634	0.9268376332126987	0.628	1.0
B_memory	26	NR1H2	AxisComposite	0.8543589743589743	2.8016349016591608e-08	48	7.692959835849978e-07	0.8529914772650989	0.898119683677521	0.937777804464195	0.486	1.0
B_memory	26	ESRRG	AxisComposite	0.8536752136752135	2.9526556826290766e-08	25	7.967050130932097e-07	0.8263248098395768	0.8913504527156577	0.9282051546191358	0.292	1.0
B_memory	26	YBX1	AxisComposite	0.8536752136752135	2.9526556826290766e-08	91	7.967050130932097e-07	0.8605128450005026	0.8974701110094634	0.9329914795416654	0.61	1.0
B_memory	26	NCOR2	AxisComposite	0.852991452991453	3.110998277713922e-08	68	8.204598847665869e-07	0.85709404148441	0.8974359229743025	0.9323077188384469	0.556	1.0
B_memory	26	TFDP1	AxisComposite	0.852991452991453	3.110998277713922e-08	31	8.204598847665869e-07	0.8400000239039471	0.8974701110094634	0.9275213939159173	0.388	1.0
B_memory	26	TWIST1	AxisComposite	0.852991452991453	3.110998277713922e-08	78	8.204598847665869e-07	0.8591453235940656	0.898119683677521	0.9323077188384469	0.584	1.0
B_memory	26	PAX8	AxisComposite	0.8523076923076922	3.276977730695691e-08	33	8.451343672313529e-07	0.8420513060136027	0.8940171194582099	0.9336752402448839	0.415	1.0
B_memory	26	RARA	AxisComposite	0.8523076923076922	3.276977730695691e-08	186	8.451343672313529e-07	0.8659829306262508	0.8912820766453359	0.9111111370386729	0.811	1.0
B_memory	26	SP6	AxisComposite	0.8523076923076922	3.276977730695691e-08	5	8.451343672313529e-07	0.6936752334151847	0.8523077165618804	0.9193162654772951	0.05205205205205205	1.0
B_memory	26	HIF1A	AxisComposite	0.8516239316239315	3.4509209022639105e-08	458	8.802676924463352e-07	0.8659829306262508	0.8823931875034952	0.8974359229743025	0.921	1.0
B_memory	26	JUN	AxisComposite	0.8509401709401709	3.6331668465986875e-08	894	9.167363697255498e-07	0.8652991699230322	0.8782906232841841	0.8919658373485544	0.977	1.0
B_memory	26	FOS	AxisComposite	0.8502564102564102	3.824067197745775e-08	340	9.5458533043194e-07	0.8652991699230322	0.8858119910195877	0.9049572907097062	0.9	1.0
B_memory	26	NR1H3	AxisComposite	0.8502564102564102	3.824067197745775e-08	135	9.5458533043194e-07	0.8646154092198137	0.8947008801614285	0.9282051546191358	0.782	1.0
B_memory	26	DDIT3	AxisComposite	0.8495726495726494	4.023986565976352e-08	99	9.834538895276237e-07	0.8632478878133767	0.8988034443807396	0.9234188296966062	0.727	1.0
B_memory	26	NFIA	AxisComposite	0.8495726495726494	4.023986565976352e-08	60	9.834538895276237e-07	0.8577778021876286	0.898119683677521	0.9268376332126987	0.607	1.0
B_memory	26	PBX1	AxisComposite	0.8495726495726494	4.023986565976352e-08	61	9.834538895276237e-07	0.85709404148441	0.9008547264903951	0.9254701118062617	0.598	1.0
B_memory	26	TP63	AxisComposite	0.8495726495726494	4.023986565976352e-08	200	9.834538895276237e-07	0.8659829306262508	0.8899145552388988	0.9268376332126987	0.868	1.0
B_memory	26	GATA4	AxisComposite	0.8488888888888889	4.23330294432722e-08	139	1.0133875971343313e-06	0.8646154092198137	0.8933333587549914	0.9247863511030432	0.783	1.0
B_memory	26	KLF3	AxisComposite	0.8488888888888889	4.23330294432722e-08	14	1.0133875971343313e-06	0.802735065578538	0.8837948969450931	0.9411966079802876	0.209	1.0
B_memory	26	MTA3	AxisComposite	0.8488888888888889	4.23330294432722e-08	12	1.0133875971343313e-06	0.7852991676464659	0.8823931875034952	0.939145325870632	0.181	1.0
B_memory	26	PPARA	AxisComposite	0.8488888888888889	4.23330294432722e-08	263	1.0133875971343313e-06	0.8652991699230322	0.8878974611644042	0.9076923335225803	0.894	1.0
B_memory	26	EZH2	AxisComposite	0.8482051282051282	4.4524081255191716e-08	154	1.0391920564961747e-06	0.8646154092198137	0.8940513074933708	0.9452991721995987	0.828	1.0
B_memory	26	HSF1	AxisComposite	0.8482051282051282	4.4524081255191716e-08	97	1.0391920564961747e-06	0.8611966057037211	0.8960684015678655	0.9241025903998247	0.727	1.0
B_memory	26	SF1	AxisComposite	0.8482051282051282	4.4524081255191716e-08	12	1.0391920564961747e-06	0.7852991676464659	0.8823931875034952	0.939145325870632	0.189	1.0
B_memory	26	ERF	AxisComposite	0.8475213675213674	4.6817081294523816e-08	18	1.071284977857045e-06	0.8105983136655509	0.8933675467901523	0.9309401974320098	0.269	1.0
B_memory	26	NR2F1	AxisComposite	0.8475213675213674	4.6817081294523816e-08	67	1.071284977857045e-06	0.8598290842972841	0.8974359229743025	0.939145325870632	0.647	1.0
B_memory	26	YY1	AxisComposite	0.8475213675213674	4.6817081294523816e-08	260	1.071284977857045e-06	0.8666666913294693	0.8871795124260248	0.9117948977418914	0.913	1.0
B_memory	26	NFATC4	AxisComposite	0.8468376068376068	4.921623641482485e-08	41	1.1152494737106913e-06	0.8471795112877416	0.898119683677521	0.9329914795416654	0.507	1.0
B_memory	26	TAL1	AxisComposite	0.8468376068376068	4.921623641482485e-08	95	1.1152494737106913e-06	0.8639316485165952	0.8960684015678655	0.917948744070858	0.744	1.0
B_memory	26	ZKSCAN7	AxisComposite	0.846153846153846	5.172590461681601e-08	14	1.1552943672310867e-06	0.802735065578538	0.8837948969450931	0.9411966079802876	0.229	1.0
B_memory	26	AR	AxisComposite	0.8454700854700854	5.4350599652906915e-08	506	1.1800399961849744e-06	0.8659829306262508	0.8823931875034952	0.9029060086000507	0.986	1.0
B_memory	26	KDM5D	AxisComposite	0.8454700854700854	5.4350599652906915e-08	6	1.1800399961849744e-06	0.7145299348633494	0.8620854946179052	0.9323077188384469	0.0841683366733467	1.0
B_memory	26	PATZ1	AxisComposite	0.8454700854700854	5.4350599652906915e-08	12	1.1800399961849744e-06	0.7852991676464659	0.8823931875034952	0.939145325870632	0.202	1.0
B_memory	26	SALL4	AxisComposite	0.8454700854700854	5.4350599652906915e-08	20	1.1800399961849744e-06	0.8191453224557823	0.8878974611644042	0.9282051546191358	0.313	1.0
B_memory	26	SOX11	AxisComposite	0.8454700854700854	5.4350599652906915e-08	12	1.1800399961849744e-06	0.7852991676464659	0.8823931875034952	0.939145325870632	0.202	1.0
B_memory	26	IKZF3	AxisComposite	0.844102564102564	5.996393242289214e-08	6	1.2496055203127703e-06	0.7145299348633494	0.8620854946179052	0.9323077188384469	0.08817635270541083	1.0
B_memory	26	KLF4	AxisComposite	0.844102564102564	5.996393242289214e-08	128	1.2496055203127703e-06	0.8652991699230322	0.8960684015678655	0.9145299405547654	0.851	1.0
B_memory	26	NFYA	AxisComposite	0.844102564102564	5.996393242289214e-08	92	1.2496055203127703e-06	0.8618803664069397	0.8960684015678655	0.9234188296966062	0.766	1.0
B_memory	26	SMAD2	AxisComposite	0.844102564102564	5.996393242289214e-08	107	1.2496055203127703e-06	0.8618803664069397	0.8926495980517729	0.9295726760255728	0.777	1.0
B_memory	26	STAT3	AxisComposite	0.844102564102564	5.996393242289214e-08	430	1.2496055203127703e-06	0.8659829306262508	0.8844444696131507	0.8994872050839581	0.978	1.0
B_memory	26	CEBPB	AxisComposite	0.8434188034188034	6.296241946977816e-08	445	1.3004804163049755e-06	0.8652991699230322	0.8830769482067137	0.8988034443807396	0.979	1.0
B_memory	26	NR2F2	AxisComposite	0.8434188034188034	6.296241946977816e-08	79	1.3004804163049755e-06	0.8611966057037211	0.898119683677521	0.9439316507931617	0.73	1.0
B_memory	26	APEX1	AxisComposite	0.8427350427350427	6.609564200310722e-08	41	1.3414541603065414e-06	0.8471795112877416	0.898119683677521	0.9329914795416654	0.559	1.0
B_memory	26	ID2	AxisComposite	0.8427350427350427	6.609564200310722e-08	64	1.3414541603065414e-06	0.8584615628908471	0.9022222478968321	0.9309401974320098	0.68	1.0
B_memory	26	MAF	AxisComposite	0.8427350427350427	6.609564200310722e-08	64	1.3414541603065414e-06	0.8584615628908471	0.9022222478968321	0.9309401974320098	0.68	1.0
B_memory	26	POU5F1	AxisComposite	0.8427350427350427	6.609564200310722e-08	92	1.3414541603065414e-06	0.8618803664069397	0.8960684015678655	0.9234188296966062	0.777	1.0
B_memory	26	PREB	AxisComposite	0.8420512820512819	6.936896566689326e-08	23	1.3957514298838695e-06	0.8276923312460138	0.8940513074933708	0.9350427616513209	0.389	1.0
B_memory	26	PRRX1	AxisComposite	0.841655315978766	7.13307812532547e-08	6	1.4290647506016865e-06	0.7145299348633494	0.8620854946179052	0.9323077188384469	0.09418837675350701	1.0
B_memory	26	ATF1	AxisComposite	0.8413675213675212	7.278794195334366e-08	84	1.4520261240949068e-06	0.8632478878133767	0.8974359229743025	0.9398290865738506	0.792	1.0
B_memory	26	BCL11B	AxisComposite	0.8406837606837606	7.635831365084317e-08	24	1.4668337782803948e-06	0.8290598526524509	0.8940513074933708	0.9254701118062617	0.406	1.0
B_memory	26	ELF1	AxisComposite	0.8406837606837606	7.635831365084317e-08	78	1.4668337782803948e-06	0.8591453235940656	0.898119683677521	0.9323077188384469	0.76	1.0
B_memory	26	ESR2	AxisComposite	0.8406837606837606	7.635831365084317e-08	206	1.4668337782803948e-06	0.8659829306262508	0.8892307945356803	0.9206837868837321	0.938	1.0
B_memory	26	MITF	AxisComposite	0.8406837606837606	7.635831365084317e-08	110	1.4668337782803948e-06	0.8618803664069397	0.8947008801614285	0.9213675475869506	0.814	1.0
B_memory	26	NKX6-3	AxisComposite	0.8406837606837606	7.635831365084317e-08	6	1.4668337782803948e-06	0.7145299348633494	0.8620854946179052	0.9323077188384469	0.09919839679358718	1.0
B_memory	26	NR0B2	AxisComposite	0.8406837606837606	7.635831365084317e-08	116	1.4668337782803948e-06	0.8639316485165952	0.8940513074933708	0.9227350689933876	0.854	1.0
B_memory	26	PRDM1	AxisComposite	0.8406837606837606	7.635831365084317e-08	66	1.4668337782803948e-06	0.8577778021876286	0.8954188288998078	0.9309401974320098	0.721	1.0
B_memory	26	TFAP2A	AxisComposite	0.8406837606837606	7.635831365084317e-08	311	1.4668337782803948e-06	0.8659829306262508	0.8871795124260248	0.9063248121161432	0.974	1.0
B_memory	26	EGR1	AxisComposite	0.8393162393162392	8.397720450900756e-08	359	1.580667704225997e-06	0.8659829306262508	0.8851282303163692	0.9076923335225803	0.986	1.0
B_memory	26	DNMT1	AxisComposite	0.837948717948718	9.227562171988866e-08	184	1.6891866752487853e-06	0.8652991699230322	0.8933333587549914	0.9124786584451099	0.942	1.0
B_memory	26	POU3F2	AxisComposite	0.837948717948718	9.227562171988866e-08	29	1.6891866752487853e-06	0.8406837846071656	0.8933333587549914	0.9268376332126987	0.519	1.0
B_memory	26	DLX2	AxisComposite	0.8372649572649572	9.669620551410691e-08	22	1.7294171928729926e-06	0.8276923312460138	0.895384640864647	0.9268376332126987	0.429	1.0
B_memory	26	GATA3	AxisComposite	0.8372649572649572	9.669620551410691e-08	190	1.7294171928729926e-06	0.8652991699230322	0.8906325039772782	0.9111111370386729	0.951	1.0
B_memory	26	SRF	AxisComposite	0.8372649572649572	9.669620551410691e-08	104	1.7294171928729926e-06	0.8625641271101582	0.8960684015678655	0.9234188296966062	0.854	1.0
B_memory	26	ATF2	AxisComposite	0.8365811965811965	1.013069803444403e-07	118	1.7645559113725645e-06	0.8639316485165952	0.8933333587549914	0.917948744070858	0.854	1.0
B_memory	26	HDAC9	AxisComposite	0.8365811965811965	1.013069803444403e-07	19	1.7645559113725645e-06	0.8201709635106101	0.8892307945356803	0.9275213939159173	0.4	1.0
B_memory	26	KAT5	AxisComposite	0.8365811965811965	1.013069803444403e-07	57	1.7645559113725645e-06	0.8564102807811915	0.8974359229743025	0.9254701118062617	0.705	1.0
B_memory	26	USF1	AxisComposite	0.8365811965811965	1.013069803444403e-07	224	1.7645559113725645e-06	0.864957289571423	0.8892307945356803	0.9111111370386729	0.967	1.0
B_memory	26	BCL3	AxisComposite	0.8358974358974358	1.0611519177246296e-07	28	1.8211239529185923e-06	0.8362393400362453	0.8920000253837153	0.9411966079802876	0.504	1.0
B_memory	26	CDX2	AxisComposite	0.8358974358974358	1.0611519177246296e-07	77	1.8211239529185923e-06	0.8618803664069397	0.896752162271084	0.9282051546191358	0.801	1.0
B_memory	26	NONO	AxisComposite	0.8358974358974358	1.0611519177246296e-07	20	1.8211239529185923e-06	0.8191453224557823	0.8878974611644042	0.9282051546191358	0.383	1.0
B_memory	26	CTNNB1	AxisComposite	0.8352136752136751	1.1112832509144289e-07	336	1.8863528055522016e-06	0.8666666913294693	0.8858119910195877	0.9008547264903951	0.987	1.0
B_memory	26	UBTF	AxisComposite	0.8352136752136751	1.1112832509144289e-07	9	1.8863528055522016e-06	0.76957267147244	0.8790085720225634	0.9323077188384469	0.189	1.0
B_memory	26	EPAS1	AxisComposite	0.8345299145299144	1.1635411202278272e-07	91	1.9397892675798205e-06	0.8605128450005026	0.8974701110094634	0.9329914795416654	0.845	1.0
B_memory	26	HOXA5	AxisComposite	0.8345299145299144	1.1635411202278272e-07	16	1.9397892675798205e-06	0.8078632708526768	0.8871795124260248	0.9350427616513209	0.334	1.0
B_memory	26	PAX3	AxisComposite	0.8345299145299144	1.1635411202278272e-07	114	1.9397892675798205e-06	0.8639316485165952	0.8960684015678655	0.917948744070858	0.888	1.0
B_memory	26	SP4	AxisComposite	0.8345299145299144	1.1635411202278272e-07	48	1.9397892675798205e-06	0.8529914772650989	0.898119683677521	0.937777804464195	0.677	1.0
B_memory	26	JARID2	AxisComposite	0.8338461538461538	1.2180053756324018e-07	16	2.0019891174126942e-06	0.8078632708526768	0.8871795124260248	0.9350427616513209	0.337	1.0
B_memory	26	SREBF1	AxisComposite	0.8338461538461538	1.2180053756324018e-07	130	2.0019891174126942e-06	0.8646154092198137	0.8940513074933708	0.917948744070858	0.907	1.0
B_memory	26	ZEB2	AxisComposite	0.8338461538461538	1.2180053756324018e-07	29	2.0019891174126942e-06	0.8406837846071656	0.8933333587549914	0.9268376332126987	0.552	1.0
B_memory	26	MKX	AxisComposite	0.833162393162393	1.2747584698543132e-07	7	2.059021639197209e-06	0.7370940380695605	0.8708034435839412	0.9247863511030432	0.148	1.0
B_memory	26	HINFP	AxisComposite	0.8324786324786325	1.333885529941251e-07	9	2.125111827223809e-06	0.76957267147244	0.8790085720225634	0.9323077188384469	0.201	1.0
B_memory	26	KDM5C	AxisComposite	0.8324786324786325	1.333885529941251e-07	12	2.125111827223809e-06	0.7852991676464659	0.8823931875034952	0.939145325870632	0.272	1.0
B_memory	26	SON	AxisComposite	0.8324786324786325	1.333885529941251e-07	7	2.125111827223809e-06	0.7370940380695605	0.8708034435839412	0.9247863511030432	0.154	1.0
B_memory	26	ATF4	AxisComposite	0.8317948717948718	1.3954744304089752e-07	121	2.1932911249660256e-06	0.8632478878133767	0.8947008801614285	0.9200000261805136	0.916	1.0
B_memory	26	ETS2	AxisComposite	0.8317948717948718	1.3954744304089752e-07	111	2.1932911249660256e-06	0.8625641271101582	0.895384640864647	0.9261538725094802	0.913	1.0
B_memory	26	MXD1	AxisComposite	0.8317948717948718	1.3954744304089752e-07	28	2.1932911249660256e-06	0.8362393400362453	0.8920000253837153	0.9411966079802876	0.539	1.0
B_memory	26	HOXB4	AxisComposite	0.831111111111111	1.4596158679968148e-07	10	2.2561214807315e-06	0.7757265178014067	0.8776752386512874	0.9261538725094802	0.231	1.0
B_memory	26	IRF4	AxisComposite	0.831111111111111	1.4596158679968148e-07	59	2.2561214807315e-06	0.85709404148441	0.9001709657871766	0.9398290865738506	0.788	1.0
B_memory	26	MTA1	AxisComposite	0.831111111111111	1.4596158679968148e-07	51	2.2561214807315e-06	0.8536752379683175	0.9015726752287745	0.939145325870632	0.74	1.0
B_memory	26	SMAD5	AxisComposite	0.831111111111111	1.4596158679968148e-07	35	2.2561214807315e-06	0.8441025881232582	0.8947008801614285	0.956239343451095	0.616	1.0
B_memory	26	ATF3	AxisComposite	0.8304273504273504	1.526403438058306e-07	108	2.2910775719794767e-06	0.863589768164986	0.8926495980517729	0.9213675475869506	0.918	1.0
B_memory	26	GATA2	AxisComposite	0.8304273504273504	1.526403438058306e-07	105	2.2910775719794767e-06	0.8625641271101582	0.8947008801614285	0.9241025903998247	0.898	1.0
B_memory	26	HOXB13	AxisComposite	0.8304273504273504	1.526403438058306e-07	13	2.2910775719794767e-06	0.7887179711625585	0.8838632730154149	0.936410283057758	0.298	1.0
B_memory	26	NR1I3	AxisComposite	0.8304273504273504	1.526403438058306e-07	60	2.2910775719794767e-06	0.8577778021876286	0.898119683677521	0.9268376332126987	0.791	1.0
B_memory	26	TSC22D1	AxisComposite	0.8297435897435896	1.5959337126130685e-07	7	2.350100495418866e-06	0.7370940380695605	0.8708034435839412	0.9247863511030432	0.158	1.0
B_memory	26	ZNF395	AxisComposite	0.8297435897435896	1.5959337126130685e-07	7	2.350100495418866e-06	0.7370940380695605	0.8708034435839412	0.9247863511030432	0.158	1.0
B_memory	26	SMAD1	AxisComposite	0.8283760683760684	1.7436240267608167e-07	74	2.458983974900149e-06	0.8611966057037211	0.8995213931191189	0.9261538725094802	0.854	1.0
B_memory	26	ZNF331	AxisComposite	0.8283760683760684	1.7436240267608167e-07	17	2.458983974900149e-06	0.813333356478425	0.8879316491995651	0.9254701118062617	0.405	1.0
B_memory	26	HOXA10	AxisComposite	0.8276923076923076	1.8219928199744738e-07	49	2.523757413543277e-06	0.8536752379683175	0.9008547264903951	0.9316239581352284	0.732	1.0
B_memory	26	POU2F2	AxisComposite	0.8276923076923076	1.8219928199744738e-07	48	2.523757413543277e-06	0.8529914772650989	0.898119683677521	0.937777804464195	0.746	1.0
B_memory	26	THRB	AxisComposite	0.8276923076923076	1.8219928199744738e-07	57	2.523757413543277e-06	0.8564102807811915	0.8974359229743025	0.9254701118062617	0.773	1.0
B_memory	26	VSX2	AxisComposite	0.8276923076923076	1.8219928199744738e-07	30	2.523757413543277e-06	0.835897459684636	0.8947350681965893	0.9357265223545395	0.567	1.0
B_memory	26	FOXN1	AxisComposite	0.827008547008547	1.9035219930794422e-07	55	2.6057597254237054e-06	0.855726520077973	0.8960684015678655	0.9439316507931617	0.783	1.0
B_memory	26	LITAF	AxisComposite	0.827008547008547	1.9035219930794422e-07	24	2.6057597254237054e-06	0.8290598526524509	0.8940513074933708	0.9254701118062617	0.512	1.0
B_memory	26	ZNF91	AxisComposite	0.827008547008547	1.9035219930794422e-07	49	2.6057597254237054e-06	0.8536752379683175	0.9008547264903951	0.9316239581352284	0.738	1.0
B_memory	26	HIC1	AxisComposite	0.8263247863247863	1.9883242322014113e-07	21	2.698109742998892e-06	0.8263248098395768	0.8933675467901523	0.939145325870632	0.503	1.0
B_memory	26	KLF15	AxisComposite	0.8263247863247863	1.9883242322014113e-07	26	2.698109742998892e-06	0.8324786561685434	0.8947350681965893	0.9343590009481024	0.561	1.0
B_memory	26	AHRR	AxisComposite	0.8249572649572647	2.1682161501975669e-07	5	2.8917808540349263e-06	0.6936752334151847	0.8523077165618804	0.9193162654772951	0.12412412412412413	1.0
B_memory	26	HDAC5	AxisComposite	0.8242735042735042	2.263548971692127e-07	10	2.9680467977131603e-06	0.7757265178014067	0.8776752386512874	0.9261538725094802	0.266	1.0
B_memory	26	MAX	AxisComposite	0.8242735042735042	2.263548971692127e-07	48	2.9680467977131603e-06	0.8529914772650989	0.898119683677521	0.937777804464195	0.771	1.0
B_memory	26	PHF20	AxisComposite	0.8242735042735042	2.263548971692127e-07	10	2.9680467977131603e-06	0.7757265178014067	0.8776752386512874	0.9261538725094802	0.266	1.0
B_memory	26	PITX2	AxisComposite	0.8242735042735042	2.263548971692127e-07	140	2.9680467977131603e-06	0.8659829306262508	0.8940513074933708	0.916581222664421	0.969	1.0
B_memory	26	SFPQ	AxisComposite	0.8229059829059829	2.465624244154475e-07	29	3.1106848572197535e-06	0.8406837846071656	0.8933333587549914	0.9268376332126987	0.63	1.0
B_memory	26	SNAI1	AxisComposite	0.8229059829059829	2.465624244154475e-07	98	3.1106848572197535e-06	0.8625641271101582	0.8947008801614285	0.9186325047740765	0.921	1.0
B_memory	26	CEBPD	AxisComposite	0.8222222222222222	2.572632679946375e-07	95	3.219584276136643e-06	0.8639316485165952	0.8960684015678655	0.917948744070858	0.935	1.0
B_memory	26	TCF7L2	AxisComposite	0.8222222222222222	2.572632679946375e-07	116	3.219584276136643e-06	0.8639316485165952	0.8940513074933708	0.9227350689933876	0.952	1.0
B_memory	26	LEF1	AxisComposite	0.8208547008547009	2.799286359668852e-07	118	3.3940438251777144e-06	0.8639316485165952	0.8933333587549914	0.917948744070858	0.942	1.0
B_memory	26	MYBL1	AxisComposite	0.8208547008547009	2.799286359668852e-07	12	3.3940438251777144e-06	0.7852991676464659	0.8823931875034952	0.939145325870632	0.338	1.0
B_memory	26	GTF2I	AxisComposite	0.8201709401709402	2.9192222149527117e-07	22	3.5030666579432542e-06	0.8276923312460138	0.895384640864647	0.9268376332126987	0.546	1.0
B_memory	26	PITX1	AxisComposite	0.8201709401709402	2.9192222149527117e-07	39	3.5030666579432542e-06	0.8482051523425693	0.8988034443807396	0.9316239581352284	0.733	1.0
B_memory	26	ZEB1	AxisComposite	0.8201709401709402	2.9192222149527117e-07	63	3.5030666579432542e-06	0.8584615628908471	0.898119683677521	0.9295726760255728	0.857	1.0
B_memory	26	ZNF24	AxisComposite	0.8201709401709402	2.9192222149527117e-07	5	3.5030666579432542e-06	0.6936752334151847	0.8523077165618804	0.9193162654772951	0.13313313313313313	1.0
B_memory	26	HES1	AxisComposite	0.8194871794871793	3.0437650259847e-07	92	3.615342275139079e-06	0.8618803664069397	0.8960684015678655	0.9234188296966062	0.924	1.0
B_memory	26	SMARCC1	AxisComposite	0.8188034188034188	3.1730710667830426e-07	8	3.7122545713642213e-06	0.7524786538919771	0.8708034435839412	0.9309401974320098	0.237	1.0
B_memory	26	ELF2	AxisComposite	0.8174358974358973	3.44662096699826e-07	11	3.944405903835715e-06	0.7784615606142807	0.8776410506161264	0.917948744070858	0.31	1.0
B_memory	26	FOSL2	AxisComposite	0.8167521367521368	3.5912007479224056e-07	42	3.944405903835715e-06	0.8482051523425693	0.898119683677521	0.9268376332126987	0.761	1.0
B_memory	26	BHLHE40	AxisComposite	0.816068376068376	3.7412158336066577e-07	41	4.070861424539831e-06	0.8471795112877416	0.898119683677521	0.9329914795416654	0.762	1.0
B_memory	26	HNF1A	AxisComposite	0.816068376068376	3.7412158336066577e-07	151	4.070861424539831e-06	0.8652991699230322	0.8926495980517729	0.9247863511030432	0.988	1.0
B_memory	26	GRHL3	AxisComposite	0.8153846153846154	3.896846567537868e-07	29	4.172128389281368e-06	0.8406837846071656	0.8933333587549914	0.9268376332126987	0.68	1.0
B_memory	26	WT1	AxisComposite	0.8153846153846154	3.896846567537868e-07	156	4.172128389281368e-06	0.8646154092198137	0.8926495980517729	0.916581222664421	0.985	1.0
B_memory	26	TBPL1	AxisComposite	0.8147008547008547	4.058278462992169e-07	38	4.276307870259018e-06	0.8475213916393508	0.895384640864647	0.9288889153223543	0.77	1.0
B_memory	26	PPARGC1A	AxisComposite	0.8140170940170939	4.225702327012995e-07	32	4.393224601892352e-06	0.8386325024975101	0.896752162271084	0.9309401974320098	0.712	1.0
B_memory	26	RXRB	AxisComposite	0.8140170940170939	4.225702327012995e-07	15	4.393224601892352e-06	0.7996581424140548	0.8851282303163692	0.9323077188384469	0.418	1.0
B_memory	26	STAT5A	AxisComposite	0.8140170940170939	4.225702327012995e-07	210	4.393224601892352e-06	0.8652991699230322	0.8892307945356803	0.9090598549290173	0.997	1.0
B_memory	26	STAT5B	AxisComposite	0.8140170940170939	4.225702327012995e-07	103	4.393224601892352e-06	0.8632478878133767	0.896752162271084	0.9206837868837321	0.96	1.0
B_memory	26	CREBBP	AxisComposite	0.8133333333333332	4.399314386742778e-07	36	4.533333235610439e-06	0.8413675453103842	0.898119683677521	0.9247863511030432	0.712	1.0
B_memory	26	VDR	AxisComposite	0.8133333333333332	4.399314386742778e-07	148	4.533333235610439e-06	0.8652991699230322	0.8960684015678655	0.9200000261805136	0.986	1.0
B_memory	26	ZNF436	AxisComposite	0.8133333333333332	4.399314386742778e-07	7	4.533333235610439e-06	0.7370940380695605	0.8708034435839412	0.9247863511030432	0.21	1.0
B_memory	26	NRG1	AxisComposite	0.8126495726495726	4.5793164181395837e-07	35	4.677516201285684e-06	0.8441025881232582	0.8947008801614285	0.956239343451095	0.755	1.0
B_memory	26	TCF21	AxisComposite	0.8119658119658119	4.7659158771095816e-07	16	4.836368546597289e-06	0.8078632708526768	0.8871795124260248	0.9350427616513209	0.476	1.0
B_memory	26	DBP	AxisComposite	0.8112820512820512	4.959326033087666e-07	35	4.9360626700326704e-06	0.8441025881232582	0.8947008801614285	0.956239343451095	0.758	1.0
B_memory	26	MTF1	AxisComposite	0.8112820512820512	4.959326033087666e-07	32	4.9360626700326704e-06	0.8386325024975101	0.896752162271084	0.9309401974320098	0.726	1.0
B_memory	26	MYOD1	AxisComposite	0.8112820512820512	4.959326033087666e-07	142	4.9360626700326704e-06	0.8639316485165952	0.8940171194582099	0.9268376332126987	0.989	1.0
B_memory	26	NR2E1	AxisComposite	0.8112820512820512	4.959326033087666e-07	16	4.9360626700326704e-06	0.8078632708526768	0.8871795124260248	0.9350427616513209	0.48	1.0
B_memory	26	ABL1	AxisComposite	0.8105982905982906	5.159766105098348e-07	10	5.060039533319137e-06	0.7757265178014067	0.8776752386512874	0.9261538725094802	0.341	1.0
B_memory	26	FOXO3	AxisComposite	0.8099145299145298	5.36746140032812e-07	195	5.187434744664941e-06	0.8652991699230322	0.8892307945356803	0.9138461798515469	0.998	1.0
B_memory	26	GLI1	AxisComposite	0.8099145299145298	5.36746140032812e-07	176	5.187434744664941e-06	0.8659829306262508	0.8919658373485544	0.9070085728193618	0.99	1.0
B_memory	26	KLF5	AxisComposite	0.8099145299145298	5.36746140032812e-07	75	5.187434744664941e-06	0.8584615628908471	0.8967863503062449	0.9241025903998247	0.936	1.0
B_memory	26	NFIC	AxisComposite	0.8099145299145298	5.36746140032812e-07	81	5.187434744664941e-06	0.8605128450005026	0.8974359229743025	0.9411966079802876	0.941	1.0
B_memory	26	PIN1	AxisComposite	0.8099145299145298	5.36746140032812e-07	6	5.187434744664941e-06	0.7145299348633494	0.8620854946179052	0.9323077188384469	0.19238476953907815	1.0
B_memory	26	NR0B1	AxisComposite	0.8092307692307692	5.582643455242203e-07	57	5.340118780547255e-06	0.8564102807811915	0.8974359229743025	0.9254701118062617	0.88	1.0
B_memory	26	ZNF384	AxisComposite	0.8092307692307692	5.582643455242203e-07	25	5.340118780547255e-06	0.8263248098395768	0.8913504527156577	0.9282051546191358	0.634	1.0
B_memory	26	ARNT	AxisComposite	0.8085470085470086	5.80555017927817e-07	68	5.485892355641802e-06	0.85709404148441	0.8974359229743025	0.9323077188384469	0.922	1.0
B_memory	26	ID3	AxisComposite	0.8085470085470086	5.80555017927817e-07	35	5.485892355641802e-06	0.8441025881232582	0.8947008801614285	0.956239343451095	0.768	1.0
B_memory	26	KLF8	AxisComposite	0.8085470085470086	5.80555017927817e-07	21	5.485892355641802e-06	0.8263248098395768	0.8933675467901523	0.939145325870632	0.6	1.0
B_memory	26	MYT1	AxisComposite	0.8085470085470086	5.80555017927817e-07	9	5.485892355641802e-06	0.76957267147244	0.8790085720225634	0.9323077188384469	0.311	1.0
B_memory	26	SP2	AxisComposite	0.8085470085470086	5.80555017927817e-07	23	5.485892355641802e-06	0.8276923312460138	0.8940513074933708	0.9350427616513209	0.601	1.0
B_memory	26	E2F2	AxisComposite	0.8078632478632478	6.036426001148585e-07	50	5.6243585974773636e-06	0.8529914772650989	0.8974359229743025	0.9405128472770691	0.866	1.0
B_memory	26	HMGA1	AxisComposite	0.8078632478632478	6.036426001148585e-07	72	5.6243585974773636e-06	0.8591453235940656	0.8994872050839581	0.9288889153223543	0.919	1.0
B_memory	26	HEY1	AxisComposite	0.8071794871794871	6.275522017785493e-07	32	5.732707784544557e-06	0.8386325024975101	0.896752162271084	0.9309401974320098	0.757	1.0
B_memory	26	HSF2	AxisComposite	0.8071794871794871	6.275522017785493e-07	24	5.732707784544557e-06	0.8290598526524509	0.8940513074933708	0.9254701118062617	0.64	1.0
B_memory	26	MAFB	AxisComposite	0.8071794871794871	6.275522017785493e-07	46	5.732707784544557e-06	0.8536752379683175	0.9001709657871766	0.9452991721995987	0.866	1.0
B_memory	26	TEF	AxisComposite	0.8071794871794871	6.275522017785493e-07	16	5.732707784544557e-06	0.8078632708526768	0.8871795124260248	0.9350427616513209	0.505	1.0
B_memory	26	TRIM28	AxisComposite	0.8071794871794871	6.275522017785493e-07	6	5.732707784544557e-06	0.7145299348633494	0.8620854946179052	0.9323077188384469	0.20240480961923848	1.0
B_memory	26	ZBED1	AxisComposite	0.8071794871794871	6.275522017785493e-07	20	5.732707784544557e-06	0.8191453224557823	0.8878974611644042	0.9282051546191358	0.577	1.0
B_memory	26	POU2F1	AxisComposite	0.8064957264957264	6.523096145960036e-07	122	5.912585011522612e-06	0.8646154092198137	0.896752162271084	0.9254701118062617	0.988	1.0
B_memory	26	BACH1	AxisComposite	0.8058119658119658	6.779413276609926e-07	16	6.109324551199833e-06	0.8078632708526768	0.8871795124260248	0.9350427616513209	0.511	1.0
B_memory	26	OLIG2	AxisComposite	0.8058119658119658	6.779413276609926e-07	19	6.109324551199833e-06	0.8201709635106101	0.8892307945356803	0.9275213939159173	0.581	1.0
B_memory	26	USF2	AxisComposite	0.8058119658119658	6.779413276609926e-07	114	6.109324551199833e-06	0.8639316485165952	0.8960684015678655	0.917948744070858	0.974	1.0
B_memory	26	ZGLP1	AxisComposite	0.805128205128205	7.044745431908278e-07	26	6.324013783874585e-06	0.8324786561685434	0.8947350681965893	0.9343590009481024	0.698	1.0
B_memory	26	RUNX3	AxisComposite	0.8044444444444444	7.319371925106236e-07	69	6.483269097987839e-06	0.8577778021876286	0.896752162271084	0.9206837868837321	0.924	1.0
B_memory	26	TEAD1	AxisComposite	0.8044444444444444	7.319371925106236e-07	25	6.483269097987839e-06	0.8263248098395768	0.8913504527156577	0.9282051546191358	0.658	1.0
B_memory	26	TFDP2	AxisComposite	0.8044444444444444	7.319371925106236e-07	5	6.483269097987839e-06	0.6936752334151847	0.8523077165618804	0.9193162654772951	0.1871871871871872	1.0
B_memory	26	SSRP1	AxisComposite	0.8037606837606838	7.603579523184775e-07	146	6.6842766881782545e-06	0.8652991699230322	0.8933333587549914	0.9186325047740765	0.994	1.0
B_memory	26	FOXL2	AxisComposite	0.803076923076923	7.897662612347509e-07	26	6.878039006425032e-06	0.8324786561685434	0.8947350681965893	0.9343590009481024	0.707	1.0
B_memory	26	ID4	AxisComposite	0.803076923076923	7.897662612347509e-07	14	6.878039006425032e-06	0.802735065578538	0.8837948969450931	0.9411966079802876	0.5	1.0
B_memory	26	NR3C2	AxisComposite	0.803076923076923	7.897662612347509e-07	56	6.878039006425032e-06	0.8577778021876286	0.898119683677521	0.9158974619612025	0.91	1.0
B_memory	26	SOX9	AxisComposite	0.803076923076923	7.897662612347509e-07	104	6.878039006425032e-06	0.8625641271101582	0.8960684015678655	0.9234188296966062	0.983	1.0
B_memory	26	E2F5	AxisComposite	0.8023931623931623	8.201923366389125e-07	12	7.090107087834155e-06	0.7852991676464659	0.8823931875034952	0.939145325870632	0.408	1.0
B_memory	26	MZF1	AxisComposite	0.8023931623931623	8.201923366389125e-07	23	7.090107087834155e-06	0.8276923312460138	0.8940513074933708	0.9350427616513209	0.636	1.0
B_memory	26	JDP2	AxisComposite	0.8017094017094016	8.516671917973535e-07	33	7.150328149838212e-06	0.8420513060136027	0.8940171194582099	0.9336752402448839	0.797	1.0
B_memory	26	FLI1	AxisComposite	0.8003418803418804	9.178913787079526e-07	94	7.637641632457616e-06	0.8632478878133767	0.8981538717126819	0.9220513082901691	0.976	1.0
B_memory	26	CREM	AxisComposite	0.7996581196581196	9.527068747192885e-07	87	7.84344919081065e-06	0.8618803664069397	0.896752162271084	0.9247863511030432	0.973	1.0
B_memory	26	IRF9	AxisComposite	0.7996581196581196	9.527068747192885e-07	27	7.84344919081065e-06	0.8362393400362453	0.8940171194582099	0.936410283057758	0.734	1.0
B_memory	26	HR	AxisComposite	0.7989743589743589	9.887035153502194e-07	92	8.05456895227718e-06	0.8618803664069397	0.8960684015678655	0.9234188296966062	0.98	1.0
B_memory	26	KDM2A	AxisComposite	0.7982905982905983	1.0259165606413714e-06	10	8.328658269693776e-06	0.7757265178014067	0.8776752386512874	0.9261538725094802	0.399	1.0
B_memory	26	CDX1	AxisComposite	0.7976068376068376	1.0643821755888977e-06	43	8.566441371808577e-06	0.8495726737490064	0.898119683677521	0.9398290865738506	0.859	1.0
B_memory	26	NEUROG1	AxisComposite	0.7976068376068376	1.0643821755888977e-06	16	8.566441371808577e-06	0.8078632708526768	0.8871795124260248	0.9350427616513209	0.564	1.0
B_memory	26	DOT1L	AxisComposite	0.7969230769230767	1.1041374494050416e-06	8	8.750617340955405e-06	0.7524786538919771	0.8708034435839412	0.9309401974320098	0.331	1.0
B_memory	26	ETS1	AxisComposite	0.7969230769230767	1.1041374494050416e-06	230	8.750617340955405e-06	0.8652991699230322	0.8878632731292433	0.9035897693032692	1.0	1.0
B_memory	26	HIVEP1	AxisComposite	0.7969230769230767	1.1041374494050416e-06	10	8.750617340955405e-06	0.7757265178014067	0.8776752386512874	0.9261538725094802	0.403	1.0
B_memory	26	ZNF160	AxisComposite	0.7969230769230767	1.1041374494050416e-06	7	8.750617340955405e-06	0.7370940380695605	0.8708034435839412	0.9247863511030432	0.278	1.0
B_memory	26	NR2C2	AxisComposite	0.7962393162393162	1.145220415097343e-06	59	9.014989709400333e-06	0.85709404148441	0.9001709657871766	0.9398290865738506	0.928	1.0
B_memory	26	SMARCB1	AxisComposite	0.7962393162393162	1.145220415097343e-06	5	9.014989709400333e-06	0.6936752334151847	0.8523077165618804	0.9193162654772951	0.21621621621621623	1.0
B_memory	26	TTF1	AxisComposite	0.7962393162393162	1.145220415097343e-06	59	9.014989709400333e-06	0.85709404148441	0.9001709657871766	0.9398290865738506	0.928	1.0
B_memory	26	ERG	AxisComposite	0.7955555555555555	1.187670069369975e-06	57	9.255498971317266e-06	0.8564102807811915	0.8974359229743025	0.9254701118062617	0.927	1.0
B_memory	26	HHEX	AxisComposite	0.7955555555555555	1.187670069369975e-06	28	9.255498971317266e-06	0.8362393400362453	0.8920000253837153	0.9411966079802876	0.781	1.0
B_memory	26	LMX1B	AxisComposite	0.7955555555555555	1.187670069369975e-06	23	9.255498971317266e-06	0.8276923312460138	0.8940513074933708	0.9350427616513209	0.676	1.0
B_memory	26	TWIST2	AxisComposite	0.7955555555555555	1.187670069369975e-06	34	9.255498971317266e-06	0.8434188274200397	0.896752162271084	0.939145325870632	0.831	1.0
B_memory	26	CREB3L3	AxisComposite	0.7948717948717947	1.2315263928505196e-06	8	9.502091242687976e-06	0.7524786538919771	0.8708034435839412	0.9309401974320098	0.343	1.0
B_memory	26	DLX5	AxisComposite	0.7948717948717947	1.2315263928505196e-06	37	9.502091242687976e-06	0.8454701095296953	0.8947008801614285	0.9254701118062617	0.836	1.0
B_memory	26	HESX1	AxisComposite	0.7948717948717947	1.2315263928505196e-06	30	9.502091242687976e-06	0.835897459684636	0.8947350681965893	0.9357265223545395	0.785	1.0
B_memory	26	ETV4	AxisComposite	0.7941880341880342	1.2768303706459963e-06	65	9.81918314691188e-06	0.8577778021876286	0.8961025896030264	0.9398290865738506	0.951	1.0
B_memory	26	NR3C1	AxisComposite	0.7941880341880342	1.2768303706459963e-06	288	9.81918314691188e-06	0.8659829306262508	0.8871795124260248	0.9131624191483284	1.0	1.0
B_memory	26	ELF4	AxisComposite	0.7935042735042734	1.323624013231549e-06	50	1.0145610662996504e-05	0.8529914772650989	0.8974359229743025	0.9405128472770691	0.92	1.0
B_memory	26	FOXF2	AxisComposite	0.7928205128205127	1.3719503776751977e-06	13	1.0312825061172017e-05	0.7887179711625585	0.8838632730154149	0.936410283057758	0.49	1.0
B_memory	26	KAT2B	AxisComposite	0.7928205128205127	1.3719503776751977e-06	15	1.0312825061172017e-05	0.7996581424140548	0.8851282303163692	0.9323077188384469	0.538	1.0
B_memory	26	NFYB	AxisComposite	0.7928205128205127	1.3719503776751977e-06	40	1.0312825061172017e-05	0.8488889130457878	0.8988376324159004	0.936410283057758	0.864	1.0
B_memory	26	NRL	AxisComposite	0.7928205128205127	1.3719503776751977e-06	18	1.0312825061172017e-05	0.8105983136655509	0.8933675467901523	0.9309401974320098	0.603	1.0
B_memory	26	PAX4	AxisComposite	0.7928205128205127	1.3719503776751977e-06	9	1.0312825061172017e-05	0.76957267147244	0.8790085720225634	0.9323077188384469	0.386	1.0
B_memory	26	SMARCA5	AxisComposite	0.7928205128205127	1.3719503776751977e-06	16	1.0312825061172017e-05	0.8078632708526768	0.8871795124260248	0.9350427616513209	0.593	1.0
B_memory	26	HOXD1	AxisComposite	0.7921367521367522	1.4218535892024847e-06	6	1.0636558580764743e-05	0.7145299348633494	0.8620854946179052	0.9323077188384469	0.24649298597194388	1.0
B_memory	26	LMO2	AxisComposite	0.7921367521367522	1.4218535892024847e-06	29	1.0636558580764743e-05	0.8406837846071656	0.8933333587549914	0.9268376332126987	0.798	1.0
B_memory	26	RUNX2	AxisComposite	0.7914529914529914	1.4733788631044072e-06	127	1.0969270387514151e-05	0.8646154092198137	0.8947008801614285	0.9241025903998247	0.995	1.0
B_memory	26	FOSL1	AxisComposite	0.7907692307692307	1.5265725269921547e-06	51	1.1311175485713298e-05	0.8536752379683175	0.9015726752287745	0.939145325870632	0.931	1.0
B_memory	26	LHX3	AxisComposite	0.7907692307692307	1.5265725269921547e-06	13	1.1311175485713298e-05	0.7887179711625585	0.8838632730154149	0.936410283057758	0.493	1.0
B_memory	26	HEY2	AxisComposite	0.79008547008547	1.5814820434023874e-06	19	1.1662493173147463e-05	0.8201709635106101	0.8892307945356803	0.9275213939159173	0.663	1.0
B_memory	26	ZNF382	AxisComposite	0.79008547008547	1.5814820434023874e-06	11	1.1662493173147463e-05	0.7784615606142807	0.8776410506161264	0.917948744070858	0.445	1.0
B_memory	26	HOXB7	AxisComposite	0.7894017094017093	1.6381560327565768e-06	23	1.1929660469434791e-05	0.8276923312460138	0.8940513074933708	0.9350427616513209	0.716	1.0
B_memory	26	HDAC4	AxisComposite	0.788034188034188	1.7569978416693987e-06	24	1.2637389714811638e-05	0.8290598526524509	0.8940513074933708	0.9254701118062617	0.739	1.0
B_memory	26	PRDM2	AxisComposite	0.788034188034188	1.7569978416693987e-06	11	1.2637389714811638e-05	0.7784615606142807	0.8776410506161264	0.917948744070858	0.451	1.0
B_memory	26	TET1	AxisComposite	0.788034188034188	1.7569978416693987e-06	15	1.2637389714811638e-05	0.7996581424140548	0.8851282303163692	0.9323077188384469	0.566	1.0
B_memory	26	PKNOX1	AxisComposite	0.7873504273504273	1.8192689031571128e-06	20	1.3025072453891722e-05	0.8191453224557823	0.8878974611644042	0.9282051546191358	0.703	1.0
B_memory	26	BHLHE41	AxisComposite	0.7866666666666666	1.8835109699013974e-06	27	1.3402788426066651e-05	0.8362393400362453	0.8940171194582099	0.936410283057758	0.784	1.0
B_memory	26	PAX5	AxisComposite	0.7866666666666666	1.8835109699013974e-06	67	1.3402788426066651e-05	0.8598290842972841	0.8974359229743025	0.939145325870632	0.971	1.0
B_memory	26	HMGA2	AxisComposite	0.785982905982906	1.9497788087805702e-06	42	1.3811179786627772e-05	0.8482051523425693	0.898119683677521	0.9268376332126987	0.907	1.0
B_memory	26	BRD4	AxisComposite	0.7852991452991451	2.018128489950072e-06	11	1.4123873749755526e-05	0.7784615606142807	0.8776410506161264	0.917948744070858	0.468	1.0
B_memory	26	MEF2A	AxisComposite	0.7852991452991451	2.018128489950072e-06	116	1.4123873749755526e-05	0.8639316485165952	0.8940513074933708	0.9227350689933876	0.999	1.0
B_memory	26	RUNX1	AxisComposite	0.7852991452991451	2.018128489950072e-06	193	1.4123873749755526e-05	0.8659829306262508	0.8919658373485544	0.915213701257984	1.0	1.0
B_memory	26	TBX3	AxisComposite	0.7852991452991451	2.018128489950072e-06	23	1.4123873749755526e-05	0.8276923312460138	0.8940513074933708	0.9350427616513209	0.735	1.0
B_memory	26	THAP11	AxisComposite	0.7852991452991451	2.018128489950072e-06	6	1.4123873749755526e-05	0.7145299348633494	0.8620854946179052	0.9323077188384469	0.27955911823647295	1.0
B_memory	26	BARX2	AxisComposite	0.7846153846153845	2.08861741238098e-06	15	1.4551740419394648e-05	0.7996581424140548	0.8851282303163692	0.9323077188384469	0.585	1.0
B_memory	26	E4F1	AxisComposite	0.7846153846153845	2.08861741238098e-06	9	1.4551740419394648e-05	0.76957267147244	0.8790085720225634	0.9323077188384469	0.427	1.0
B_memory	26	ARID3B	AxisComposite	0.7839316239316239	2.1613043297814814e-06	6	1.4968796159376788e-05	0.7145299348633494	0.8620854946179052	0.9323077188384469	0.2845691382765531	1.0
B_memory	26	EWSR1	AxisComposite	0.7832478632478632	2.236249376904914e-06	58	1.5419220223622066e-05	0.85709404148441	0.8967863503062449	0.936410283057758	0.961	1.0
B_memory	26	ZBTB33	AxisComposite	0.7832478632478632	2.236249376904914e-06	11	1.5419220223622066e-05	0.7784615606142807	0.8776410506161264	0.917948744070858	0.473	1.0
B_memory	26	ARX	AxisComposite	0.7825641025641025	2.3135140962479255e-06	27	1.5811835726625648e-05	0.8362393400362453	0.8940171194582099	0.936410283057758	0.802	1.0
B_memory	26	GFI1	AxisComposite	0.7825641025641025	2.3135140962479255e-06	54	1.5811835726625648e-05	0.855726520077973	0.896752162271084	0.9411966079802876	0.945	1.0
B_memory	26	CLOCK	AxisComposite	0.7818803418803418	2.3931614651425286e-06	65	1.621375576093661e-05	0.8577778021876286	0.8961025896030264	0.9398290865738506	0.965	1.0
B_memory	26	HLF	AxisComposite	0.7818803418803418	2.3931614651425286e-06	18	1.621375576093661e-05	0.8105983136655509	0.8933675467901523	0.9309401974320098	0.669	1.0
B_memory	26	ZFP42	AxisComposite	0.7818803418803418	2.3931614651425286e-06	18	1.621375576093661e-05	0.8105983136655509	0.8933675467901523	0.9309401974320098	0.669	1.0
B_memory	26	OTX2	AxisComposite	0.7811965811965812	2.475255923245621e-06	42	1.6697246603627973e-05	0.8482051523425693	0.898119683677521	0.9268376332126987	0.917	1.0
B_memory	26	SPIB	AxisComposite	0.7811965811965812	2.475255923245621e-06	17	1.6697246603627973e-05	0.813333356478425	0.8879316491995651	0.9254701118062617	0.667	1.0
B_memory	26	TCF15	AxisComposite	0.7805128205128204	2.5598634004296194e-06	7	1.7243062558738044e-05	0.7370940380695605	0.8708034435839412	0.9247863511030432	0.34	1.0
B_memory	26	MSX2	AxisComposite	0.7784615384615383	2.8294461954881637e-06	47	1.878784472338371e-05	0.8502564344522249	0.8974359229743025	0.9323077188384469	0.933	1.0
B_memory	26	NEUROD1	AxisComposite	0.7784615384615383	2.8294461954881637e-06	71	1.878784472338371e-05	0.8598290842972841	0.9001709657871766	0.9254701118062617	0.979	1.0
B_memory	26	FOXA2	AxisComposite	0.7777777777777777	2.924795850968619e-06	134	1.9229502862424666e-05	0.8639316485165952	0.8933333587549914	0.9302564367287913	1.0	1.0
B_memory	26	POU2AF1	AxisComposite	0.7777777777777777	2.924795850968619e-06	5	1.9229502862424666e-05	0.6936752334151847	0.8523077165618804	0.9193162654772951	0.28428428428428426	1.0
B_memory	26	SNAI2	AxisComposite	0.7777777777777777	2.924795850968619e-06	48	1.9229502862424666e-05	0.8529914772650989	0.898119683677521	0.937777804464195	0.95	1.0
B_memory	26	TBR1	AxisComposite	0.7777777777777777	2.924795850968619e-06	6	1.9229502862424666e-05	0.7145299348633494	0.8620854946179052	0.9323077188384469	0.30360721442885774	1.0
B_memory	26	TBX15	AxisComposite	0.777094017094017	3.0230115328317732e-06	28	1.970868412745631e-05	0.8362393400362453	0.8920000253837153	0.9411966079802876	0.839	1.0
B_memory	26	AIP	AxisComposite	0.7764102564102563	3.1241687208663268e-06	6	2.017098145090458e-05	0.7145299348633494	0.8620854946179052	0.9323077188384469	0.3076152304609218	1.0
B_memory	26	NEUROG3	AxisComposite	0.7764102564102563	3.1241687208663268e-06	35	2.017098145090458e-05	0.8441025881232582	0.8947008801614285	0.956239343451095	0.885	1.0
B_memory	26	PLAGL1	AxisComposite	0.7764102564102563	3.1241687208663268e-06	19	2.017098145090458e-05	0.8201709635106101	0.8892307945356803	0.9275213939159173	0.721	1.0
B_memory	26	HBP1	AxisComposite	0.7757264957264958	3.228344591847369e-06	44	2.0786086282404853e-05	0.8516239558586619	0.900888914525556	0.9323077188384469	0.941	1.0
B_memory	26	SUPT20H	AxisComposite	0.7757264957264958	3.228344591847369e-06	5	2.0786086282404853e-05	0.6936752334151847	0.8523077165618804	0.9193162654772951	0.28428428428428426	1.0
B_memory	26	MEIS2	AxisComposite	0.7736752136752136	3.5597821838970664e-06	9	2.263905072810832e-05	0.76957267147244	0.8790085720225634	0.9323077188384469	0.475	1.0
B_memory	26	NFE2L1	AxisComposite	0.7736752136752136	3.5597821838970664e-06	8	2.263905072810832e-05	0.7524786538919771	0.8708034435839412	0.9309401974320098	0.424	1.0
B_memory	26	PEG3	AxisComposite	0.7736752136752136	3.5597821838970664e-06	8	2.263905072810832e-05	0.7524786538919771	0.8708034435839412	0.9309401974320098	0.424	1.0
B_memory	26	FOXO6	AxisComposite	0.7729914529914529	3.6768395963452965e-06	5	2.32252871931527e-05	0.6936752334151847	0.8523077165618804	0.9193162654772951	0.2882882882882883	1.0
B_memory	26	PAWR	AxisComposite	0.7729914529914529	3.6768395963452965e-06	6	2.32252871931527e-05	0.7145299348633494	0.8620854946179052	0.9323077188384469	0.32364729458917835	1.0
B_memory	26	SOX2	AxisComposite	0.7729914529914529	3.6768395963452965e-06	88	2.32252871931527e-05	0.862222246758549	0.896752162271084	0.9309401974320098	0.993	1.0
B_memory	26	NKX2-2	AxisComposite	0.7723076923076921	3.7973281387377016e-06	26	2.388939050084581e-05	0.8324786561685434	0.8947350681965893	0.9343590009481024	0.826	1.0
B_memory	26	CREB5	AxisComposite	0.7716239316239316	3.921335840918089e-06	12	2.4471652012574384e-05	0.7852991676464659	0.8823931875034952	0.939145325870632	0.557	1.0
B_memory	26	FOXA3	AxisComposite	0.7716239316239316	3.921335840918089e-06	14	2.4471652012574384e-05	0.802735065578538	0.8837948969450931	0.9411966079802876	0.634	1.0
B_memory	26	INSM1	AxisComposite	0.7716239316239316	3.921335840918089e-06	5	2.4471652012574384e-05	0.6936752334151847	0.8523077165618804	0.9193162654772951	0.2902902902902903	1.0
B_memory	26	PURA	AxisComposite	0.7716239316239316	3.921335840918089e-06	20	2.4471652012574384e-05	0.8191453224557823	0.8878974611644042	0.9282051546191358	0.759	1.0
B_memory	26	NFATC2	AxisComposite	0.7709401709401709	4.048952657567029e-06	93	2.513365825202512e-05	0.8618803664069397	0.896752162271084	0.9227350689933876	0.994	1.0
B_memory	26	TGIF1	AxisComposite	0.7709401709401709	4.048952657567029e-06	12	2.513365825202512e-05	0.7852991676464659	0.8823931875034952	0.939145325870632	0.561	1.0
B_memory	26	DMAP1	AxisComposite	0.7702564102564102	4.18027050254489e-06	5	2.5879977063500725e-05	0.6936752334151847	0.8523077165618804	0.9193162654772951	0.2932932932932933	1.0
B_memory	26	MESP2	AxisComposite	0.7695726495726496	4.315383283694357e-06	8	2.6505538379322705e-05	0.7524786538919771	0.8708034435839412	0.9309401974320098	0.443	1.0
B_memory	26	ZNF699	AxisComposite	0.7695726495726496	4.315383283694357e-06	55	2.6505538379322705e-05	0.855726520077973	0.8960684015678655	0.9439316507931617	0.969	1.0
B_memory	26	ETV1	AxisComposite	0.768205128205128	4.59737946784621e-06	22	2.7979879212393883e-05	0.8276923312460138	0.895384640864647	0.9268376332126987	0.795	1.0
B_memory	26	MECP2	AxisComposite	0.768205128205128	4.59737946784621e-06	34	2.7979879212393883e-05	0.8434188274200397	0.896752162271084	0.939145325870632	0.909	1.0
B_memory	26	ARID1B	AxisComposite	0.7675213675213675	4.7444609761649e-06	5	2.8762524463295784e-05	0.6936752334151847	0.8523077165618804	0.9193162654772951	0.3013013013013013	1.0
B_memory	26	BCLAF1	AxisComposite	0.7675213675213675	4.7444609761649e-06	7	2.8762524463295784e-05	0.7370940380695605	0.8708034435839412	0.9247863511030432	0.387	1.0
B_memory	26	ARID4A	AxisComposite	0.7668376068376067	4.895733704163621e-06	5	2.9564404826695712e-05	0.6936752334151847	0.8523077165618804	0.9193162654772951	0.3023023023023023	1.0
B_memory	26	EGR4	AxisComposite	0.7668376068376067	4.895733704163621e-06	15	2.9564404826695712e-05	0.7996581424140548	0.8851282303163692	0.9323077188384469	0.649	1.0
B_memory	26	ATOH1	AxisComposite	0.7661538461538462	5.0513020679498765e-06	14	3.0385925326275805e-05	0.802735065578538	0.8837948969450931	0.9411966079802876	0.656	1.0
B_memory	26	BMAL2	AxisComposite	0.7661538461538462	5.0513020679498765e-06	9	3.0385925326275805e-05	0.76957267147244	0.8790085720225634	0.9323077188384469	0.514	1.0
B_memory	26	FHL2	AxisComposite	0.7661538461538462	5.0513020679498765e-06	7	3.0385925326275805e-05	0.7370940380695605	0.8708034435839412	0.9247863511030432	0.397	1.0
B_memory	26	HDGF	AxisComposite	0.7654700854700854	5.211272696268864e-06	7	3.118746275151674e-05	0.7370940380695605	0.8708034435839412	0.9247863511030432	0.399	1.0
B_memory	26	ZBTB17	AxisComposite	0.7654700854700854	5.211272696268864e-06	43	3.118746275151674e-05	0.8495726737490064	0.898119683677521	0.9398290865738506	0.939	1.0
B_memory	26	BTG2	AxisComposite	0.7647863247863247	5.375754468618932e-06	7	3.20076809432566e-05	0.7370940380695605	0.8708034435839412	0.9247863511030432	0.402	1.0
B_memory	26	MSX1	AxisComposite	0.7641025641025642	5.544858553855289e-06	25	3.293053400686576e-05	0.8263248098395768	0.8913504527156577	0.9282051546191358	0.836	1.0
B_memory	26	FEZF2	AxisComposite	0.7634188034188034	5.71869844928463e-06	8	3.379099286235526e-05	0.7524786538919771	0.8708034435839412	0.9309401974320098	0.461	1.0
B_memory	26	RFX3	AxisComposite	0.7627350427350426	5.8973900202538095e-06	6	3.467130555988008e-05	0.7145299348633494	0.8620854946179052	0.9323077188384469	0.35971943887775554	1.0
B_memory	26	ZNF354C	AxisComposite	0.7627350427350426	5.8973900202538095e-06	28	3.467130555988008e-05	0.8362393400362453	0.8920000253837153	0.9411966079802876	0.875	1.0
B_memory	26	KDM5A	AxisComposite	0.7613675213675213	6.269803731424257e-06	18	3.6357073066196815e-05	0.8105983136655509	0.8933675467901523	0.9309401974320098	0.739	1.0
B_memory	26	ESRRB	AxisComposite	0.7606837606837605	6.463769805815214e-06	11	3.7296511067423255e-05	0.7784615606142807	0.8776410506161264	0.917948744070858	0.565	1.0
B_memory	26	ETV7	AxisComposite	0.7606837606837605	6.463769805815214e-06	14	3.7296511067423255e-05	0.802735065578538	0.8837948969450931	0.9411966079802876	0.67	1.0
B_memory	26	FOXD3	AxisComposite	0.76	6.663075506820231e-06	15	3.816348032618017e-05	0.7996581424140548	0.8851282303163692	0.9323077188384469	0.678	1.0
B_memory	26	PROP1	AxisComposite	0.76	6.663075506820231e-06	12	3.816348032618017e-05	0.7852991676464659	0.8823931875034952	0.939145325870632	0.606	1.0
B_memory	26	SOX17	AxisComposite	0.7593162393162393	6.867849151374753e-06	45	3.9240048762077537e-05	0.8488889130457878	0.8994872050839581	0.9323077188384469	0.96	1.0
B_memory	26	GTF2IRD1	AxisComposite	0.7586324786324786	7.078221672567577e-06	6	4.019603256392391e-05	0.7145299348633494	0.8620854946179052	0.9323077188384469	0.3727454909819639	1.0
B_memory	26	NPM1	AxisComposite	0.7586324786324786	7.078221672567577e-06	12	4.019603256392391e-05	0.7852991676464659	0.8823931875034952	0.939145325870632	0.613	1.0
B_memory	26	PBRM1	AxisComposite	0.7586324786324786	7.078221672567577e-06	9	4.019603256392391e-05	0.76957267147244	0.8790085720225634	0.9323077188384469	0.54	1.0
B_memory	26	NR2C1	AxisComposite	0.757948717948718	7.2943266627885175e-06	21	4.122265963910024e-05	0.8263248098395768	0.8933675467901523	0.939145325870632	0.83	1.0
B_memory	26	ARID4B	AxisComposite	0.7572649572649572	7.516300417397862e-06	12	4.237450525170678e-05	0.7852991676464659	0.8823931875034952	0.939145325870632	0.618	1.0
B_memory	26	GLI3	AxisComposite	0.7572649572649572	7.516300417397862e-06	43	4.237450525170678e-05	0.8495726737490064	0.898119683677521	0.9398290865738506	0.95	1.0
B_memory	26	DEAF1	AxisComposite	0.7565811965811965	7.744281978920823e-06	13	4.350217602599567e-05	0.7887179711625585	0.8838632730154149	0.936410283057758	0.653	1.0
B_memory	26	NR6A1	AxisComposite	0.7565811965811965	7.744281978920823e-06	14	4.350217602599567e-05	0.802735065578538	0.8837948969450931	0.9411966079802876	0.684	1.0
B_memory	26	TFAM	AxisComposite	0.7552136752136751	8.218838697506625e-06	14	4.572769849816559e-05	0.802735065578538	0.8837948969450931	0.9411966079802876	0.688	1.0
B_memory	26	KLF1	AxisComposite	0.7538461538461538	8.719165814865052e-06	28	4.8338558223028576e-05	0.8362393400362453	0.8920000253837153	0.9411966079802876	0.891	1.0
B_memory	26	LYL1	AxisComposite	0.7538461538461538	8.719165814865052e-06	13	4.8338558223028576e-05	0.7887179711625585	0.8838632730154149	0.936410283057758	0.662	1.0
B_memory	26	KLF6	AxisComposite	0.7531623931623931	8.979371360134841e-06	60	4.9487255618783284e-05	0.8577778021876286	0.898119683677521	0.9268376332126987	0.988	1.0
B_memory	26	MAZ	AxisComposite	0.7531623931623931	8.979371360134841e-06	47	4.9487255618783284e-05	0.8502564344522249	0.8974359229743025	0.9323077188384469	0.972	1.0
B_memory	26	GATA5	AxisComposite	0.7524786324786324	9.246479199870456e-06	27	5.06008967233239e-05	0.8362393400362453	0.8940171194582099	0.936410283057758	0.903	1.0
B_memory	26	GFI1B	AxisComposite	0.7524786324786324	9.246479199870456e-06	12	5.06008967233239e-05	0.7852991676464659	0.8823931875034952	0.939145325870632	0.634	1.0
B_memory	26	GRHL2	AxisComposite	0.7524786324786324	9.246479199870456e-06	9	5.06008967233239e-05	0.76957267147244	0.8790085720225634	0.9323077188384469	0.56	1.0
B_memory	26	ZNF362	AxisComposite	0.7524786324786324	9.246479199870456e-06	22	5.06008967233239e-05	0.8276923312460138	0.895384640864647	0.9268376332126987	0.843	1.0
B_memory	26	EGR2	AxisComposite	0.7517948717948718	9.520648889029205e-06	73	5.185809686579735e-05	0.8608547253521119	0.8974359229743025	0.9275213939159173	0.996	1.0
B_memory	26	RARG	AxisComposite	0.7517948717948718	9.520648889029205e-06	40	5.185809686579735e-05	0.8488889130457878	0.8988376324159004	0.936410283057758	0.956	1.0
B_memory	26	VHL	AxisComposite	0.751111111111111	9.802043102600025e-06	24	5.3328598138621113e-05	0.8290598526524509	0.8940513074933708	0.9254701118062617	0.865	1.0
B_memory	26	NFYC	AxisComposite	0.7504273504273503	1.0090827684673456e-05	23	5.477207399076243e-05	0.8276923312460138	0.8940513074933708	0.9350427616513209	0.85	1.0
B_memory	26	NFX1	AxisComposite	0.7497435897435897	1.0387171698070945e-05	5	5.605470229664181e-05	0.6936752334151847	0.8523077165618804	0.9193162654772951	0.3483483483483483	1.0
B_memory	26	RFX1	AxisComposite	0.7497435897435897	1.0387171698070945e-05	23	5.605470229664181e-05	0.8276923312460138	0.8940513074933708	0.9350427616513209	0.852	1.0
B_memory	26	MEF2C	AxisComposite	0.749059829059829	1.0691247474533579e-05	88	5.762903373108862e-05	0.862222246758549	0.896752162271084	0.9309401974320098	0.998	1.0
B_memory	26	NEUROD2	AxisComposite	0.7483760683760683	1.1003230665475721e-05	12	5.890261553490902e-05	0.7852991676464659	0.8823931875034952	0.939145325870632	0.64	1.0
B_memory	26	ZBTB32	AxisComposite	0.7483760683760683	1.1003230665475721e-05	5	5.890261553490902e-05	0.6936752334151847	0.8523077165618804	0.9193162654772951	0.35435435435435436	1.0
B_memory	26	ZNF202	AxisComposite	0.7483760683760683	1.1003230665475721e-05	7	5.890261553490902e-05	0.7370940380695605	0.8708034435839412	0.9247863511030432	0.46	1.0
B_memory	26	HCFC1	AxisComposite	0.7476923076923077	1.132330029330546e-05	8	6.040818945045701e-05	0.7524786538919771	0.8708034435839412	0.9309401974320098	0.515	1.0
B_memory	26	KLF11	AxisComposite	0.7476923076923077	1.132330029330546e-05	27	6.040818945045701e-05	0.8362393400362453	0.8940171194582099	0.936410283057758	0.909	1.0
B_memory	26	CEBPZ	AxisComposite	0.7463247863247863	1.1988432116146543e-05	19	6.3233899568556e-05	0.8201709635106101	0.8892307945356803	0.9275213939159173	0.814	1.0
B_memory	26	ARID5B	AxisComposite	0.7456410256410255	1.2333869680828194e-05	9	6.461784923693155e-05	0.76957267147244	0.8790085720225634	0.9323077188384469	0.584	1.0
B_memory	26	CEBPG	AxisComposite	0.7456410256410255	1.2333869680828194e-05	204	6.461784923693155e-05	0.8646154092198137	0.8905983159421174	0.9111111370386729	1.0	1.0
B_memory	26	BHLHA15	AxisComposite	0.7449572649572649	1.2688144528397227e-05	20	6.617682531682486e-05	0.8191453224557823	0.8878974611644042	0.9282051546191358	0.85	1.0
B_memory	26	MYF6	AxisComposite	0.7449572649572649	1.2688144528397227e-05	13	6.617682531682486e-05	0.7887179711625585	0.8838632730154149	0.936410283057758	0.705	1.0
B_memory	26	NFE2	AxisComposite	0.7449572649572649	1.2688144528397227e-05	22	6.617682531682486e-05	0.8276923312460138	0.895384640864647	0.9268376332126987	0.864	1.0
B_memory	26	TCF4	AxisComposite	0.7442735042735041	1.3051453326099745e-05	58	6.776883662539889e-05	0.85709404148441	0.8967863503062449	0.936410283057758	0.99	1.0
B_memory	26	GSC	AxisComposite	0.7435897435897435	1.3423996432176836e-05	14	6.924112192862041e-05	0.802735065578538	0.8837948969450931	0.9411966079802876	0.728	1.0
B_memory	26	TFE3	AxisComposite	0.7435897435897435	1.3423996432176836e-05	36	6.924112192862041e-05	0.8413675453103842	0.898119683677521	0.9247863511030432	0.955	1.0
B_memory	26	ZNF263	AxisComposite	0.7435897435897435	1.3423996432176836e-05	10	6.924112192862041e-05	0.7757265178014067	0.8776752386512874	0.9261538725094802	0.625	1.0
B_memory	26	FGF2	AxisComposite	0.7429059829059829	1.3805977951239298e-05	10	7.105436061343445e-05	0.7757265178014067	0.8776752386512874	0.9261538725094802	0.627	1.0
B_memory	26	NOTO	AxisComposite	0.7408547008547008	1.5010651407411214e-05	10	7.68308341774074e-05	0.7757265178014067	0.8776752386512874	0.9261538725094802	0.636	1.0
B_memory	26	HSF4	AxisComposite	0.7394871794871795	1.586487475011906e-05	11	8.084851018947137e-05	0.7784615606142807	0.8776410506161264	0.917948744070858	0.645	1.0
B_memory	26	NSD2	AxisComposite	0.7394871794871795	1.586487475011906e-05	8	8.084851018947137e-05	0.7524786538919771	0.8708034435839412	0.9309401974320098	0.543	1.0
B_memory	26	PAX7	AxisComposite	0.7394871794871795	1.586487475011906e-05	18	8.084851018947137e-05	0.8105983136655509	0.8933675467901523	0.9309401974320098	0.821	1.0
B_memory	26	KLF12	AxisComposite	0.7389297423777031	1.622530544486054e-05	11	8.259512084690187e-05	0.7784615606142807	0.8776410506161264	0.917948744070858	0.645	1.0
B_memory	26	KLF10	AxisComposite	0.7360683760683759	1.8192601358418314e-05	29	9.151192148825075e-05	0.8406837846071656	0.8933333587549914	0.9268376332126987	0.944	1.0
B_memory	26	SMAD6	AxisComposite	0.7353846153846154	1.8693005003810143e-05	24	9.392782277479629e-05	0.8290598526524509	0.8940513074933708	0.9254701118062617	0.902	1.0
B_memory	26	BACH2	AxisComposite	0.7347008547008547	1.9205609505225198e-05	8	9.619290254333822e-05	0.7524786538919771	0.8708034435839412	0.9309401974320098	0.556	1.0
B_memory	26	PIAS1	AxisComposite	0.7347008547008547	1.9205609505225198e-05	6	9.619290254333822e-05	0.7145299348633494	0.8620854946179052	0.9323077188384469	0.4498997995991984	1.0
B_memory	26	PML	AxisComposite	0.7340170940170939	1.9730672981671857e-05	18	9.861111507328076e-05	0.8105983136655509	0.8933675467901523	0.9309401974320098	0.829	1.0
B_memory	26	IKZF2	AxisComposite	0.7333333333333333	2.0268458137033508e-05	5	0.00010108243865776967	0.6936752334151847	0.8523077165618804	0.9193162654772951	0.40540540540540543	1.0
B_memory	26	HOXD13	AxisComposite	0.7326495726495725	2.0819232324585366e-05	19	0.00010338742179911116	0.8201709635106101	0.8892307945356803	0.9275213939159173	0.847	1.0
B_memory	26	STAT6	AxisComposite	0.7326495726495725	2.0819232324585366e-05	126	0.00010338742179911116	0.8639316485165952	0.8933333587549914	0.9370940437609765	1.0	1.0
B_memory	26	TRERF1	AxisComposite	0.7312820512820513	2.1960840847824135e-05	16	0.00010836491023006665	0.8078632708526768	0.8871795124260248	0.9350427616513209	0.79	1.0
B_memory	26	MEIS1	AxisComposite	0.7292307692307692	2.377762982875586e-05	24	0.0001165903109670508	0.8290598526524509	0.8940513074933708	0.9254701118062617	0.915	1.0
B_memory	26	MAFK	AxisComposite	0.7285470085470084	2.441222128231645e-05	23	0.0001194509947021522	0.8276923312460138	0.8940513074933708	0.9350427616513209	0.893	1.0
B_memory	26	TBX21	AxisComposite	0.7285470085470084	2.441222128231645e-05	52	0.0001194509947021522	0.8550427593747545	0.895384640864647	0.9398290865738506	0.987	1.0
B_memory	26	FOXE1	AxisComposite	0.7271794871794871	2.572669985707372e-05	8	0.0001245770071917221	0.7524786538919771	0.8708034435839412	0.9309401974320098	0.583	1.0
B_memory	26	PLAG1	AxisComposite	0.7271794871794871	2.572669985707372e-05	7	0.0001245770071917221	0.7370940380695605	0.8708034435839412	0.9247863511030432	0.538	1.0
B_memory	26	HOXD3	AxisComposite	0.7264957264957265	2.640720613090856e-05	10	0.00012760749298041527	0.7757265178014067	0.8776752386512874	0.9261538725094802	0.666	1.0
B_memory	26	NFIX	AxisComposite	0.7258119658119657	2.7103645332766626e-05	28	0.00013070228968321755	0.8362393400362453	0.8920000253837153	0.9411966079802876	0.931	1.0
B_memory	26	RARB	AxisComposite	0.7251282051282051	2.7816340398921184e-05	53	0.00013358711623679434	0.855726520077973	0.8981538717126819	0.9247863511030432	0.99	1.0
B_memory	26	IKZF1	AxisComposite	0.7244444444444444	2.854561973895683e-05	52	0.00013666764404251331	0.8550427593747545	0.895384640864647	0.9398290865738506	0.99	1.0
B_memory	26	FOXC1	AxisComposite	0.7217094017094016	3.163534369434038e-05	19	0.0001500749841109562	0.8201709635106101	0.8892307945356803	0.9275213939159173	0.863	1.0
B_memory	26	KLF13	AxisComposite	0.7217094017094016	3.163534369434038e-05	13	0.0001500749841109562	0.7887179711625585	0.8838632730154149	0.936410283057758	0.767	1.0
B_memory	26	ISL1	AxisComposite	0.7210256410256409	3.245266725080752e-05	41	0.00015317396433444841	0.8471795112877416	0.898119683677521	0.9329914795416654	0.984	1.0
B_memory	26	ZIC1	AxisComposite	0.7210256410256409	3.245266725080752e-05	17	0.00015317396433444841	0.813333356478425	0.8879316491995651	0.9254701118062617	0.847	1.0
B_memory	26	ZHX2	AxisComposite	0.7203418803418803	3.3288664604677326e-05	10	0.00015664464352281628	0.7757265178014067	0.8776752386512874	0.9261538725094802	0.689	1.0
B_memory	26	HAND1	AxisComposite	0.7196581196581195	3.41437045557963e-05	14	0.00016018373152407753	0.802735065578538	0.8837948969450931	0.9411966079802876	0.797	1.0
B_memory	26	YAP1	AxisComposite	0.7196581196581195	3.41437045557963e-05	9	0.00016018373152407753	0.76957267147244	0.8790085720225634	0.9323077188384469	0.662	1.0
B_memory	26	ARID3A	AxisComposite	0.718974358974359	3.5018161978703056e-05	7	0.00016346478011658588	0.7370940380695605	0.8708034435839412	0.9247863511030432	0.559	1.0
B_memory	26	ZBTB16	AxisComposite	0.7182905982905983	3.59124179007878e-05	50	0.00016730455764558627	0.8529914772650989	0.8974359229743025	0.9405128472770691	0.996	1.0
B_memory	26	ZFPM2	AxisComposite	0.7176068376068375	3.682685958111622e-05	12	0.00017122288896877542	0.7852991676464659	0.8823931875034952	0.939145325870632	0.734	1.0
B_memory	26	GCM1	AxisComposite	0.7169230769230769	3.7761880589925224e-05	10	0.00017470015717915851	0.7757265178014067	0.8776752386512874	0.9261538725094802	0.701	1.0
B_memory	26	SATB2	AxisComposite	0.7169230769230769	3.7761880589925224e-05	32	0.00017470015717915851	0.8386325024975101	0.896752162271084	0.9309401974320098	0.958	1.0
B_memory	26	FOXG1	AxisComposite	0.7162393162393161	3.8717880888790394e-05	16	0.00017841566435229374	0.8078632708526768	0.8871795124260248	0.9350427616513209	0.833	1.0
B_memory	26	BMAL1	AxisComposite	0.7155555555555554	3.969526691146089e-05	57	0.00018273915773441758	0.8564102807811915	0.8974359229743025	0.9254701118062617	0.995	1.0
B_memory	26	ETV6	AxisComposite	0.7148717948717949	4.069445164537276e-05	27	0.0001866028489986248	0.8362393400362453	0.8940171194582099	0.936410283057758	0.949	1.0
B_memory	26	MED1	AxisComposite	0.7148717948717949	4.069445164537276e-05	16	0.0001866028489986248	0.8078632708526768	0.8871795124260248	0.9350427616513209	0.836	1.0
B_memory	26	NUPR1	AxisComposite	0.7148717948717949	4.069445164537276e-05	6	0.0001866028489986248	0.7145299348633494	0.8620854946179052	0.9323077188384469	0.5	1.0
B_memory	26	TBX20	AxisComposite	0.7121367521367521	4.491767144243178e-05	7	0.0002043622712410054	0.7370940380695605	0.8708034435839412	0.9247863511030432	0.574	1.0
B_memory	26	IRF2	AxisComposite	0.7107692307692307	4.717130689826513e-05	59	0.00021398995199329603	0.85709404148441	0.9001709657871766	0.9398290865738506	0.998	1.0
B_memory	26	HOXC8	AxisComposite	0.7066666666666667	5.454460553824833e-05	14	0.00024341703504067227	0.802735065578538	0.8837948969450931	0.9411966079802876	0.824	1.0
B_memory	26	MYF5	AxisComposite	0.7066666666666667	5.454460553824833e-05	27	0.00024341703504067227	0.8362393400362453	0.8940171194582099	0.936410283057758	0.956	1.0
B_memory	26	ZBTB7A	AxisComposite	0.7066666666666667	5.454460553824833e-05	36	0.00024341703504067227	0.8413675453103842	0.898119683677521	0.9247863511030432	0.982	1.0
B_memory	26	HMGB2	AxisComposite	0.7046153846153845	5.8599927748809125e-05	9	0.0002587932476172573	0.76957267147244	0.8790085720225634	0.9323077188384469	0.708	1.0
B_memory	26	PA2G4	AxisComposite	0.7039316239316238	6.000973238503075e-05	5	0.00026402019865534734	0.6936752334151847	0.8523077165618804	0.9193162654772951	0.47347347347347346	1.0
B_memory	26	ASXL1	AxisComposite	0.7032478632478633	6.144944149685531e-05	5	0.0002698457129890128	0.6936752334151847	0.8523077165618804	0.9193162654772951	0.47647647647647645	1.0
B_memory	26	EN1	AxisComposite	0.7032478632478633	6.144944149685531e-05	11	0.0002698457129890128	0.7784615606142807	0.8776410506161264	0.917948744070858	0.746	1.0
B_memory	26	PARK7	AxisComposite	0.7011965811965812	6.595349358569506e-05	8	0.00028772982061497617	0.7524786538919771	0.8708034435839412	0.9309401974320098	0.651	1.0
B_memory	26	BCL11A	AxisComposite	0.7005128205128205	6.751836003774525e-05	15	0.0002926422513056591	0.7996581424140548	0.8851282303163692	0.9323077188384469	0.844	1.0
B_memory	26	PAX9	AxisComposite	0.7005128205128205	6.751836003774525e-05	10	0.0002926422513056591	0.7757265178014067	0.8776752386512874	0.9261538725094802	0.741	1.0
B_memory	26	WWTR1	AxisComposite	0.6998290598290597	6.911594255769801e-05	9	0.0002987344628327169	0.76957267147244	0.8790085720225634	0.9323077188384469	0.72	1.0
B_memory	26	TADA2A	AxisComposite	0.6991452991452991	7.074682892528866e-05	8	0.0003052182970639995	0.7524786538919771	0.8708034435839412	0.9309401974320098	0.655	1.0
B_memory	26	CREB3L1	AxisComposite	0.6984615384615384	7.241161563408413e-05	11	0.00031153679426719326	0.7784615606142807	0.8776410506161264	0.917948744070858	0.757	1.0
B_memory	26	ZFPM1	AxisComposite	0.6984615384615384	7.241161563408413e-05	16	0.00031153679426719326	0.8078632708526768	0.8871795124260248	0.9350427616513209	0.866	1.0
B_memory	26	FOXJ1	AxisComposite	0.6970940170940171	7.584532021062645e-05	18	0.0003245150822577491	0.8105983136655509	0.8933675467901523	0.9309401974320098	0.903	1.0
B_memory	26	HOXD4	AxisComposite	0.6964102564102563	7.761547552492604e-05	5	0.0003317848349362223	0.6936752334151847	0.8523077165618804	0.9193162654772951	0.4904904904904905	1.0
B_memory	26	NR1D2	AxisComposite	0.6943589743589742	8.314676960966e-05	6	0.0003534873593241283	0.7145299348633494	0.8620854946179052	0.9323077188384469	0.5531062124248497	1.0
B_memory	26	ZNF350	AxisComposite	0.6936752136752136	8.506631335357429e-05	9	0.0003613189724608597	0.76957267147244	0.8790085720225634	0.9323077188384469	0.733	1.0
B_memory	26	ATF5	AxisComposite	0.6923076923076923	8.902307414181189e-05	30	0.000377095925675116	0.835897459684636	0.8947350681965893	0.9357265223545395	0.973	1.0
B_memory	26	ETV2	AxisComposite	0.6923076923076923	8.902307414181189e-05	8	0.000377095925675116	0.7524786538919771	0.8708034435839412	0.9309401974320098	0.672	1.0
B_memory	26	PROX1	AxisComposite	0.6909401709401709	9.314131097868262e-05	34	0.0003931135982355248	0.8434188274200397	0.896752162271084	0.939145325870632	0.984	1.0
B_memory	26	FOXQ1	AxisComposite	0.6902564102564103	9.526273666593729e-05	17	0.00040097967065518057	0.813333356478425	0.8879316491995651	0.9254701118062617	0.896	1.0
B_memory	26	SALL2	AxisComposite	0.6902564102564103	9.526273666593729e-05	5	0.00040097967065518057	0.6936752334151847	0.8523077165618804	0.9193162654772951	0.5095095095095095	1.0
B_memory	26	HLX	AxisComposite	0.6895726495726495	9.742665583386132e-05	17	0.00040824742318892697	0.813333356478425	0.8879316491995651	0.9254701118062617	0.896	1.0
B_memory	26	SOX6	AxisComposite	0.6854700854700854	0.0001113440904860501	24	0.0004595527978681537	0.8290598526524509	0.8940513074933708	0.9254701118062617	0.96	1.0
B_memory	26	E2F7	AxisComposite	0.6841025641025641	0.00011635745447086372	7	0.00047771028801230596	0.7370940380695605	0.8708034435839412	0.9247863511030432	0.658	1.0
B_memory	26	ENO1	AxisComposite	0.6841025641025641	0.00011635745447086372	19	0.00047771028801230596	0.8201709635106101	0.8892307945356803	0.9275213939159173	0.923	1.0
B_memory	26	MECOM	AxisComposite	0.6841025641025641	0.00011635745447086372	19	0.00047771028801230596	0.8201709635106101	0.8892307945356803	0.9275213939159173	0.923	1.0
B_memory	26	NFIB	AxisComposite	0.6841025641025641	0.00011635745447086372	26	0.00047771028801230596	0.8324786561685434	0.8947350681965893	0.9343590009481024	0.959	1.0
B_memory	26	LMO4	AxisComposite	0.6834188034188033	0.00011893788098619707	5	0.0004861663996878879	0.6936752334151847	0.8523077165618804	0.9193162654772951	0.5295295295295295	1.0
B_memory	26	ZIC2	AxisComposite	0.6834188034188033	0.00011893788098619707	7	0.0004861663996878879	0.7370940380695605	0.8708034435839412	0.9247863511030432	0.66	1.0
B_memory	26	HIVEP3	AxisComposite	0.682051282051282	0.00012425035057905167	6	0.0005047873250678966	0.7145299348633494	0.8620854946179052	0.9323077188384469	0.5871743486973948	1.0
B_memory	26	TBX18	AxisComposite	0.682051282051282	0.00012425035057905167	13	0.0005047873250678966	0.7887179711625585	0.8838632730154149	0.936410283057758	0.845	1.0
B_memory	26	TEAD4	AxisComposite	0.682051282051282	0.00012425035057905167	12	0.0005047873250678966	0.7852991676464659	0.8823931875034952	0.939145325870632	0.811	1.0
B_memory	26	MEOX2	AxisComposite	0.6813675213675212	0.0001269840785277866	7	0.000513213574517496	0.7370940380695605	0.8708034435839412	0.9247863511030432	0.663	1.0
B_memory	26	ARID1A	AxisComposite	0.6799999999999999	0.0001326108189489616	8	0.0005327257339533156	0.7524786538919771	0.8708034435839412	0.9309401974320098	0.684	1.0
B_memory	26	SPIC	AxisComposite	0.6786324786324787	0.0001384558057012977	10	0.0005538232228051908	0.7757265178014067	0.8776752386512874	0.9261538725094802	0.782	1.0
B_memory	26	EOMES	AxisComposite	0.6779487179487179	0.00014146238598260926	26	0.0005648814523240547	0.8324786561685434	0.8947350681965893	0.9343590009481024	0.965	1.0
B_memory	26	MYOG	AxisComposite	0.6779487179487179	0.00014146238598260926	64	0.0005648814523240547	0.8584615628908471	0.9022222478968321	0.9309401974320098	1.0	1.0
B_memory	26	MEF2D	AxisComposite	0.671111111111111	0.00017483628043564236	28	0.0006858283672887216	0.8362393400362453	0.8920000253837153	0.9411966079802876	0.979	1.0
B_memory	26	FOXF1	AxisComposite	0.6705489282543333	0.0001778651571955973	8	0.0006971238906709053	0.7524786538919771	0.8708034435839412	0.9309401974320098	0.699	1.0
B_memory	26	ETV5	AxisComposite	0.6704273504273504	0.00017852621061444795	23	0.0006973726787851406	0.8276923312460138	0.8940513074933708	0.9350427616513209	0.96	1.0
B_memory	26	KLF7	AxisComposite	0.6704273504273504	0.00017852621061444795	10	0.0006973726787851406	0.7757265178014067	0.8776752386512874	0.9261538725094802	0.795	1.0
B_memory	26	TRPS1	AxisComposite	0.6704273504273504	0.00017852621061444795	16	0.0006973726787851406	0.8078632708526768	0.8871795124260248	0.9350427616513209	0.912	1.0
B_memory	26	PRDM4	AxisComposite	0.6697435897435897	0.00018228435902982893	9	0.0007096775545881915	0.76957267147244	0.8790085720225634	0.9323077188384469	0.767	1.0
B_memory	26	PAX2	AxisComposite	0.669059829059829	0.00018611179897303948	25	0.0007215696657858375	0.8263248098395768	0.8913504527156577	0.9282051546191358	0.973	1.0
B_memory	26	TFAP4	AxisComposite	0.6683760683760683	0.0001900096174134424	36	0.0007324235293855898	0.8413675453103842	0.898119683677521	0.9247863511030432	0.99	1.0
B_memory	26	KAT6A	AxisComposite	0.6676923076923077	0.00019397891512560562	12	0.0007458760920974688	0.7852991676464659	0.8823931875034952	0.939145325870632	0.833	1.0
B_memory	26	TEAD2	AxisComposite	0.6676923076923077	0.00019397891512560562	6	0.0007458760920974688	0.7145299348633494	0.8620854946179052	0.9323077188384469	0.6142284569138277	1.0
B_memory	26	BATF	AxisComposite	0.667008547008547	0.00019802080681697952	16	0.0007595407775034186	0.8078632708526768	0.8871795124260248	0.9350427616513209	0.916	1.0
B_memory	26	FEZF1	AxisComposite	0.6656410256410256	0.00020632690140176224	9	0.0007868741631890737	0.76957267147244	0.8790085720225634	0.9323077188384469	0.777	1.0
B_memory	26	NKX6-1	AxisComposite	0.6656410256410256	0.00020632690140176224	19	0.0007868741631890737	0.8201709635106101	0.8892307945356803	0.9275213939159173	0.939	1.0
B_memory	26	ING4	AxisComposite	0.6649572649572648	0.0002105934045317941	15	0.0008011817541600773	0.7996581424140548	0.8851282303163692	0.9323077188384469	0.896	1.0
B_memory	26	IRF6	AxisComposite	0.6635897435897435	0.00021935918123493003	15	0.0008277838787426462	0.7996581424140548	0.8851282303163692	0.9323077188384469	0.896	1.0
B_memory	26	SOX10	AxisComposite	0.6635897435897435	0.00021935918123493003	37	0.0008277838787426462	0.8454701095296953	0.8947008801614285	0.9254701118062617	0.99	1.0
B_memory	26	RREB1	AxisComposite	0.6629059829059828	0.00022386084213402168	10	0.0008420486793566585	0.7757265178014067	0.8776752386512874	0.9261538725094802	0.803	1.0
B_memory	26	ATOH7	AxisComposite	0.6608547008547008	0.00023785555068020625	11	0.0008896712424480792	0.7784615606142807	0.8776410506161264	0.917948744070858	0.82	1.0
B_memory	26	ONECUT1	AxisComposite	0.6594871794871794	0.00024760595926475034	34	0.000923920557832018	0.8434188274200397	0.896752162271084	0.939145325870632	0.991	1.0
B_memory	26	PGR	AxisComposite	0.6581196581196581	0.00025770480147784165	130	0.000956252792765155	0.8646154092198137	0.8940513074933708	0.917948744070858	1.0	1.0
B_memory	26	KLF17	AxisComposite	0.6553846153846153	0.0002789901418787834	5	0.0010246467209206616	0.6936752334151847	0.8523077165618804	0.9193162654772951	0.6006006006006006	1.0
B_memory	26	ZNF410	AxisComposite	0.6547008547008548	0.0002845460029301392	6	0.0010425908490407298	0.7145299348633494	0.8620854946179052	0.9323077188384469	0.6362725450901804	1.0
B_memory	26	HOXB2	AxisComposite	0.6526495726495727	0.000301798854946658	13	0.0010954876010038875	0.7887179711625585	0.8838632730154149	0.936410283057758	0.885	1.0
B_memory	26	PLAGL2	AxisComposite	0.6526495726495727	0.000301798854946658	8	0.0010954876010038875	0.7524786538919771	0.8708034435839412	0.9309401974320098	0.729	1.0
B_memory	26	HTATIP2	AxisComposite	0.6519658119658119	0.000307749688014876	16	0.0011093247441339312	0.8078632708526768	0.8871795124260248	0.9350427616513209	0.932	1.0
B_memory	26	SIX1	AxisComposite	0.6519658119658119	0.000307749688014876	18	0.0011093247441339312	0.8105983136655509	0.8933675467901523	0.9309401974320098	0.947	1.0
B_memory	26	CTBP2	AxisComposite	0.6512820512820512	0.0003138029009443046	16	0.0011267938012369336	0.8078632708526768	0.8871795124260248	0.9350427616513209	0.932	1.0
B_memory	26	FOXC2	AxisComposite	0.6512820512820512	0.0003138029009443046	23	0.0011267938012369336	0.8276923312460138	0.8940513074933708	0.9350427616513209	0.965	1.0
B_memory	26	FOSB	AxisComposite	0.6505982905982907	0.00031995998259249476	38	0.0011462572515285997	0.8475213916393508	0.895384640864647	0.9288889153223543	0.996	1.0
B_memory	26	POU4F1	AxisComposite	0.6451282051282051	0.00037314034824430773	31	0.0013037568455122968	0.8400000239039471	0.8974701110094634	0.9275213939159173	0.994	1.0
B_memory	26	PPARGC1B	AxisComposite	0.6444444444444445	0.000380302148893688	5	0.0013218543790288427	0.6936752334151847	0.8523077165618804	0.9193162654772951	0.6186186186186187	1.0
B_memory	26	MNT	AxisComposite	0.643076923076923	0.0003949866346256413	10	0.0013587307372383889	0.7757265178014067	0.8776752386512874	0.9261538725094802	0.833	1.0
B_memory	26	STAT4	AxisComposite	0.641025641025641	0.0004179411641013507	31	0.0014168114408315941	0.8400000239039471	0.8974701110094634	0.9275213939159173	0.994	1.0
B_memory	26	TBX10	AxisComposite	0.6403418803418803	0.00042584704505116774	5	0.0014404739176078632	0.6936752334151847	0.8523077165618804	0.9193162654772951	0.6306306306306306	1.0
B_memory	26	IRF7	AxisComposite	0.6396581196581196	0.00043388306690147495	34	0.0014613031430707685	0.8434188274200397	0.896752162271084	0.939145325870632	0.993	1.0
B_memory	26	SIM2	AxisComposite	0.6382905982905983	0.00045035276322533254	11	0.0015048294192812114	0.7784615606142807	0.8776410506161264	0.917948744070858	0.857	1.0
B_memory	26	KCNIP3	AxisComposite	0.6376068376068377	0.0004587901022191548	16	0.001525379057805566	0.8078632708526768	0.8871795124260248	0.9350427616513209	0.939	1.0
B_memory	26	NFE2L3	AxisComposite	0.6355555555555555	0.00048493449093796526	7	0.0015930149216737662	0.7370940380695605	0.8708034435839412	0.9247863511030432	0.747	1.0
B_memory	26	FOXH1	AxisComposite	0.6341880341880342	0.0005030768067987411	13	0.0016422115623332331	0.7887179711625585	0.8838632730154149	0.936410283057758	0.905	1.0
B_memory	26	NR4A3	AxisComposite	0.6328205128205128	0.0005218074946860474	40	0.0016821805146370647	0.8488889130457878	0.8988376324159004	0.936410283057758	0.998	1.0
B_memory	26	DAXX	AxisComposite	0.6294017094017094	0.0005713139900703576	5	0.001819163509992107	0.6936752334151847	0.8523077165618804	0.9193162654772951	0.6526526526526526	1.0
B_memory	26	TLX3	AxisComposite	0.6294017094017094	0.0005713139900703576	6	0.001819163509992107	0.7145299348633494	0.8620854946179052	0.9323077188384469	0.6863727454909819	1.0
B_memory	26	LRRFIP1	AxisComposite	0.6266666666666666	0.0006138129542434971	17	0.001932082852601918	0.813333356478425	0.8879316491995651	0.9254701118062617	0.948	1.0
B_memory	26	CHD4	AxisComposite	0.6198290598290598	0.0007322887070548988	6	0.002234198486622397	0.7145299348633494	0.8620854946179052	0.9323077188384469	0.6993987975951904	1.0
B_memory	26	NFKBIB	AxisComposite	0.6198290598290598	0.0007322887070548988	19	0.002234198486622397	0.8201709635106101	0.8892307945356803	0.9275213939159173	0.971	1.0
B_memory	26	HOXA13	AxisComposite	0.6184615384615384	0.0007582285649365319	16	0.0023013075039816197	0.8078632708526768	0.8871795124260248	0.9350427616513209	0.948	1.0
B_memory	26	ZFP64	AxisComposite	0.617094017094017	0.0007849619314304729	5	0.0023655276280938977	0.6936752334151847	0.8523077165618804	0.9193162654772951	0.6706706706706707	1.0
B_memory	26	ZXDC	AxisComposite	0.6164102564102564	0.000798632470622012	6	0.0023897540851689435	0.7145299348633494	0.8620854946179052	0.9323077188384469	0.7064128256513026	1.0
B_memory	26	ZNF217	AxisComposite	0.6143589743589742	0.0008408902992071053	6	0.0025033647427925815	0.7145299348633494	0.8620854946179052	0.9323077188384469	0.7094188376753507	1.0
B_memory	26	DMRT1	AxisComposite	0.6136752136752136	0.0008554003437982906	8	0.0025400819369277485	0.7524786538919771	0.8708034435839412	0.9309401974320098	0.798	1.0
B_memory	26	TFAP2C	AxisComposite	0.6136752136752136	0.0008554003437982906	33	0.0025400819369277485	0.8420513060136027	0.8940171194582099	0.9336752402448839	0.996	1.0
B_memory	26	MNX1	AxisComposite	0.6123076923076922	0.0008850725079017893	5	0.0026165411443227057	0.6936752334151847	0.8523077165618804	0.9193162654772951	0.6786786786786787	1.0
B_memory	26	CEBPE	AxisComposite	0.6116239316239316	0.0009002400243312815	36	0.002652980071703549	0.8413675453103842	0.898119683677521	0.9247863511030432	0.998	1.0
B_memory	26	PBX2	AxisComposite	0.6116239316239316	0.0009002400243312815	11	0.002652980071703549	0.7784615606142807	0.8776410506161264	0.917948744070858	0.886	1.0
B_memory	26	FOXP1	AxisComposite	0.6102564102564102	0.0009312516120635916	32	0.0027288653641637448	0.8386325024975101	0.896752162271084	0.9309401974320098	0.994	1.0
B_memory	26	IKZF4	AxisComposite	0.6102564102564102	0.0009312516120635916	7	0.0027288653641637448	0.7370940380695605	0.8708034435839412	0.9247863511030432	0.774	1.0
B_memory	26	STOX1	AxisComposite	0.6095726495726496	0.0009471012359945605	5	0.0027683585282546074	0.6936752334151847	0.8523077165618804	0.9193162654772951	0.6846846846846847	1.0
B_memory	26	SKIL	AxisComposite	0.6082051282051281	0.0009795022228687347	20	0.0028434803335517745	0.8191453224557823	0.8878974611644042	0.9282051546191358	0.97	1.0
B_memory	26	HOXC13	AxisComposite	0.606153846153846	0.0010299010849706895	7	0.0029786730264208046	0.7370940380695605	0.8708034435839412	0.9247863511030432	0.782	1.0
B_memory	26	ZNF76	AxisComposite	0.6034188034188035	0.0011005780070111172	7	0.003149906889471426	0.7370940380695605	0.8708034435839412	0.9247863511030432	0.784	1.0
B_memory	26	LHX8	AxisComposite	0.6027350427350426	0.001118888418002458	12	0.0031944777585538064	0.7852991676464659	0.8823931875034952	0.939145325870632	0.902	1.0
B_memory	26	CREB3	AxisComposite	0.6020512820512819	0.0011374614347415045	15	0.0032395789977872746	0.7996581424140548	0.8851282303163692	0.9323077188384469	0.949	1.0
B_memory	26	RXRG	AxisComposite	0.6020512820512819	0.0011374614347415045	7	0.0032395789977872746	0.7370940380695605	0.8708034435839412	0.9247863511030432	0.786	1.0
B_memory	26	MTF2	AxisComposite	0.5999999999999999	0.0011947874173848477	6	0.003376070014741204	0.7145299348633494	0.8620854946179052	0.9323077188384469	0.7314629258517034	1.0
B_memory	26	ZNF804A	AxisComposite	0.5999999999999999	0.0011947874173848477	10	0.003376070014741204	0.7757265178014067	0.8776752386512874	0.9261538725094802	0.88	1.0
B_memory	26	LHX2	AxisComposite	0.5993162393162393	0.0012144422966270507	41	0.0034274586702872263	0.8471795112877416	0.898119683677521	0.9329914795416654	1.0	1.0
B_memory	26	HOXB1	AxisComposite	0.5986324786324786	0.0012343756434819045	10	0.0034774082702314604	0.7757265178014067	0.8776752386512874	0.9261538725094802	0.88	1.0
B_memory	26	NR4A2	AxisComposite	0.5979487179487181	0.0012545907161234467	60	0.003532225249013419	0.8577778021876286	0.898119683677521	0.9268376332126987	1.0	1.0
B_memory	26	CIITA	AxisComposite	0.5972649572649572	0.0012750908016827174	30	0.0035813019628489315	0.835897459684636	0.8947350681965893	0.9357265223545395	0.997	1.0
B_memory	26	LHX1	AxisComposite	0.5972649572649572	0.0012750908016827174	6	0.0035813019628489315	0.7145299348633494	0.8620854946179052	0.9323077188384469	0.7344689378757515	1.0
B_memory	26	HEYL	AxisComposite	0.5965811965811965	0.0012958792164000279	6	0.003633131640934132	0.7145299348633494	0.8620854946179052	0.9323077188384469	0.7344689378757515	1.0
B_memory	26	HDAC7	AxisComposite	0.5945299145299144	0.0013600080377354597	13	0.003792423847161963	0.7887179711625585	0.8838632730154149	0.936410283057758	0.932	1.0
B_memory	26	PTF1A	AxisComposite	0.5945299145299144	0.0013600080377354597	17	0.003792423847161963	0.813333356478425	0.8879316491995651	0.9254701118062617	0.966	1.0
B_memory	26	NR2E3	AxisComposite	0.5938461538461539	0.0013819835189924907	15	0.003846809222812729	0.7996581424140548	0.8851282303163692	0.9323077188384469	0.953	1.0
B_memory	26	ELK3	AxisComposite	0.5917948717948718	0.0014497560831359677	28	0.004009159594833352	0.8362393400362453	0.8920000253837153	0.9411966079802876	0.996	1.0
B_memory	26	NKRF	AxisComposite	0.5897435897435898	0.001520372156975159	10	0.004182143328674157	0.7757265178014067	0.8776752386512874	0.9261538725094802	0.886	1.0
B_memory	26	MLXIPL	AxisComposite	0.5883760683760684	0.0015690773751651564	16	0.004295866972006422	0.8078632708526768	0.8871795124260248	0.9350427616513209	0.964	1.0
B_memory	26	DLX3	AxisComposite	0.5863247863247864	0.001644650814933724	20	0.004494865341985142	0.8191453224557823	0.8878974611644042	0.9282051546191358	0.976	1.0
B_memory	26	NAB2	AxisComposite	0.5856410256410256	0.0016705278442157444	7	0.004557582686615485	0.7370940380695605	0.8708034435839412	0.9247863511030432	0.8	1.0
B_memory	26	ZMYND8	AxisComposite	0.5849572649572649	0.0016967541786882285	8	0.004618337321350817	0.7524786538919771	0.8708034435839412	0.9309401974320098	0.828	1.0
B_memory	26	MYOCD	AxisComposite	0.5835897435897436	0.0017502702588024497	8	0.0047529153973762854	0.7524786538919771	0.8708034435839412	0.9309401974320098	0.831	1.0
B_memory	26	SOX5	AxisComposite	0.5822222222222222	0.0018052303667626497	18	0.004882280041742786	0.8105983136655509	0.8933675467901523	0.9309401974320098	0.971	1.0
B_memory	26	VENTX	AxisComposite	0.5788034188034188	0.0019491584059475855	5	0.00522311793281477	0.6936752334151847	0.8523077165618804	0.9193162654772951	0.7227227227227228	1.0
B_memory	26	SETBP1	AxisComposite	0.5774358974358974	0.0020094266761414388	6	0.005369206482099735	0.7145299348633494	0.8620854946179052	0.9323077188384469	0.7695390781563126	1.0
B_memory	26	HES5	AxisComposite	0.5733333333333333	0.002199917108464845	7	0.005805095004134481	0.7370940380695605	0.8708034435839412	0.9247863511030432	0.812	1.0
B_memory	26	FOXD1	AxisComposite	0.5726495726495726	0.002233123515243549	6	0.005882742984851516	0.7145299348633494	0.8620854946179052	0.9323077188384469	0.7745490981963928	1.0
B_memory	26	KLF9	AxisComposite	0.5705982905982906	0.0023353309066062567	26	0.006131228724430824	0.8324786561685434	0.8947350681965893	0.9343590009481024	0.992	1.0
B_memory	26	TCF7	AxisComposite	0.5705982905982906	0.0023353309066062567	23	0.006131228724430824	0.8276923312460138	0.8940513074933708	0.9350427616513209	0.988	1.0
B_memory	26	TFAP2B	AxisComposite	0.5705982905982906	0.0023353309066062567	26	0.006131228724430824	0.8324786561685434	0.8947350681965893	0.9343590009481024	0.992	1.0
B_memory	26	VEZF1	AxisComposite	0.5705982905982906	0.0023353309066062567	7	0.006131228724430824	0.7370940380695605	0.8708034435839412	0.9247863511030432	0.815	1.0
B_memory	26	MYRF	AxisComposite	0.5699145299145298	0.0023702778664135386	10	0.006215987123830561	0.7757265178014067	0.8776752386512874	0.9261538725094802	0.906	1.0
B_memory	26	HOXA11	AxisComposite	0.5692307692307692	0.0024056713806294818	8	0.00629113389623441	0.7524786538919771	0.8708034435839412	0.9309401974320098	0.844	1.0
B_memory	26	HOXA7	AxisComposite	0.5685470085470085	0.002441516085506911	13	0.00636348246071818	0.7887179711625585	0.8838632730154149	0.936410283057758	0.946	1.0
B_memory	26	MAFA	AxisComposite	0.5658119658119657	0.0025895007688225406	22	0.0067005485525851545	0.8276923312460138	0.895384640864647	0.9268376332126987	0.989	1.0
B_memory	26	ZBTB4	AxisComposite	0.5644444444444444	0.0026663233910131675	14	0.0068726657036164915	0.802735065578538	0.8837948969450931	0.9411966079802876	0.963	1.0
B_memory	26	TLX2	AxisComposite	0.5637606837606838	0.002705459212467405	5	0.006950513816069261	0.6936752334151847	0.8523077165618804	0.9193162654772951	0.7447447447447447	1.0
B_memory	26	NFATC3	AxisComposite	0.563076923076923	0.002745084589963158	40	0.007025249378260977	0.8488889130457878	0.8988376324159004	0.936410283057758	0.998	1.0
B_memory	26	CTBP1	AxisComposite	0.5617094017094016	0.0028258238773439335	10	0.0072042303983842065	0.7757265178014067	0.8776752386512874	0.9261538725094802	0.91	1.0
B_memory	26	EGR3	AxisComposite	0.561025641025641	0.0028669478101497003	32	0.007293140260369919	0.8386325024975101	0.896752162271084	0.9309401974320098	0.997	1.0
B_memory	26	PHOX2A	AxisComposite	0.561025641025641	0.0028669478101497003	13	0.007293140260369919	0.7887179711625585	0.8838632730154149	0.936410283057758	0.953	1.0
B_memory	26	IRX1	AxisComposite	0.5603418803418803	0.0029085813450820956	19	0.0073869737316883686	0.8201709635106101	0.8892307945356803	0.9275213939159173	0.987	1.0
B_memory	26	EMX2	AxisComposite	0.5576068376068375	0.0030803141139446612	9	0.007763988274240647	0.76957267147244	0.8790085720225634	0.9323077188384469	0.897	1.0
B_memory	26	ZNF423	AxisComposite	0.5521367521367521	0.0034498271686253484	5	0.008570406185813267	0.6936752334151847	0.8523077165618804	0.9193162654772951	0.7547547547547547	1.0
B_memory	26	EHF	AxisComposite	0.55008547008547	0.003597794710886432	13	0.008895394973738275	0.7887179711625585	0.8838632730154149	0.936410283057758	0.959	1.0
B_memory	26	TGFB1I1	AxisComposite	0.548034188034188	0.0037511239758515743	12	0.009220772364020616	0.7852991676464659	0.8823931875034952	0.939145325870632	0.946	1.0
B_memory	26	ZNF300	AxisComposite	0.548034188034188	0.0037511239758515743	8	0.009220772364020616	0.7524786538919771	0.8708034435839412	0.9309401974320098	0.862	1.0
B_memory	26	HES6	AxisComposite	0.5473504273504273	0.003803451935599833	9	0.009324849598413877	0.76957267147244	0.8790085720225634	0.9323077188384469	0.903	1.0
B_memory	26	MEOX1	AxisComposite	0.5473504273504273	0.003803451935599833	8	0.009324849598413877	0.7524786538919771	0.8708034435839412	0.9309401974320098	0.862	1.0
B_memory	26	IRF5	AxisComposite	0.5466666666666666	0.003856398665975644	36	0.009439784463961357	0.8413675453103842	0.898119683677521	0.9247863511030432	0.998	1.0
B_memory	26	HOXC6	AxisComposite	0.5364102564102563	0.0047289294980479854	12	0.011390424611397314	0.7852991676464659	0.8823931875034952	0.939145325870632	0.952	1.0
B_memory	26	FOXI1	AxisComposite	0.5323076923076923	0.005121940228475202	10	0.012204807037530496	0.7757265178014067	0.8776752386512874	0.9261538725094802	0.922	1.0
B_memory	26	HIF3A	AxisComposite	0.530940170940171	0.005258927303178104	6	0.012499324160506817	0.7145299348633494	0.8620854946179052	0.9323077188384469	0.8236472945891784	1.0
B_memory	26	KAT6B	AxisComposite	0.5302564102564101	0.0053285729189973706	7	0.012632695980639779	0.7370940380695605	0.8708034435839412	0.9247863511030432	0.851	1.0
B_memory	26	FOXN4	AxisComposite	0.5234188034188034	0.006068916179581464	8	0.014164850363143138	0.7524786538919771	0.8708034435839412	0.9309401974320098	0.88	1.0
B_memory	26	RORC	AxisComposite	0.5227350427350427	0.006147494151160415	21	0.01432676120699791	0.8263248098395768	0.8933675467901523	0.939145325870632	0.997	1.0
B_memory	26	TBPL2	AxisComposite	0.5193162393162393	0.006553353196336468	10	0.015136592142750437	0.7757265178014067	0.8776752386512874	0.9261538725094802	0.925	1.0
B_memory	26	FEV	AxisComposite	0.5179487179487179	0.0067218873152462945	8	0.015472273169413069	0.7524786538919771	0.8708034435839412	0.9309401974320098	0.882	1.0
B_memory	26	TOX3	AxisComposite	0.5152136752136752	0.00706989912254361	6	0.01616966639100126	0.7145299348633494	0.8620854946179052	0.9323077188384469	0.8336673346693386	1.0
B_memory	26	ZFHX3	AxisComposite	0.5138461538461538	0.007249499446351302	15	0.016499592109004327	0.7996581424140548	0.8851282303163692	0.9323077188384469	0.973	1.0
B_memory	26	NFIL3	AxisComposite	0.5131623931623931	0.00734072536894959	37	0.016682816953386897	0.8454701095296953	0.8947008801614285	0.9254701118062617	1.0	1.0
B_memory	26	TBX6	AxisComposite	0.509059829059829	0.007908538928725955	10	0.01781711376413743	0.7757265178014067	0.8776752386512874	0.9261538725094802	0.931	1.0
B_memory	26	NHLH1	AxisComposite	0.5083760683760683	0.008006658855995889	5	0.01798608447535554	0.6936752334151847	0.8523077165618804	0.9193162654772951	0.7947947947947948	1.0
B_memory	26	DLX1	AxisComposite	0.507008547008547	0.008205958223218346	10	0.018319183637486004	0.7757265178014067	0.8776752386512874	0.9261538725094802	0.932	1.0
B_memory	26	GLIS3	AxisComposite	0.507008547008547	0.008205958223218346	8	0.018319183637486004	0.7524786538919771	0.8708034435839412	0.9309401974320098	0.892	1.0
B_memory	26	ATF7	AxisComposite	0.5063247863247863	0.008307154082092873	8	0.01847441412825609	0.7524786538919771	0.8708034435839412	0.9309401974320098	0.892	1.0
B_memory	26	NEUROD6	AxisComposite	0.5056410256410256	0.008409391740403425	11	0.018683979364209038	0.7784615606142807	0.8776410506161264	0.917948744070858	0.951	1.0
B_memory	26	HIPK2	AxisComposite	0.5049572649572649	0.008512679512582295	9	0.01885960510903377	0.76957267147244	0.8790085720225634	0.9323077188384469	0.931	1.0
B_memory	26	BARX1	AxisComposite	0.5029059829059829	0.00882892728645773	8	0.01942197576493152	0.7524786538919771	0.8708034435839412	0.9309401974320098	0.896	1.0
B_memory	26	MTA2	AxisComposite	0.49675213675213675	0.009837125408618225	6	0.021229635417212147	0.7145299348633494	0.8620854946179052	0.9323077188384469	0.8476953907815631	1.0
B_memory	26	TLX1	AxisComposite	0.4953846153846153	0.010073726249551022	9	0.021610364950783167	0.76957267147244	0.8790085720225634	0.9323077188384469	0.933	1.0
B_memory	26	AIRE	AxisComposite	0.49196581196581196	0.01068603392526151	23	0.022673821074145787	0.8276923312460138	0.8940513074933708	0.9350427616513209	0.995	1.0
B_memory	26	ZNF335	AxisComposite	0.4899145299145299	0.011068048346129455	8	0.023399297862197597	0.7524786538919771	0.8708034435839412	0.9309401974320098	0.903	1.0
B_memory	26	ELF5	AxisComposite	0.4892307692307692	0.011197879945369717	11	0.023641656980997666	0.7784615606142807	0.8776410506161264	0.917948744070858	0.958	1.0
B_memory	26	HAND2	AxisComposite	0.4864957264957265	0.011729922367338313	40	0.024270956387737255	0.8488889130457878	0.8988376324159004	0.936410283057758	1.0	1.0
B_memory	26	EBF3	AxisComposite	0.4858119658119658	0.011866159080490905	9	0.024487723513586006	0.76957267147244	0.8790085720225634	0.9323077188384469	0.935	1.0
B_memory	26	NPAS2	AxisComposite	0.48376068376068376	0.012282764084178424	8	0.025169421749317335	0.7524786538919771	0.8708034435839412	0.9309401974320098	0.909	1.0
B_memory	26	ZBTB18	AxisComposite	0.4741880341880342	0.014390454787767579	9	0.02858495444651024	0.76957267147244	0.8790085720225634	0.9323077188384469	0.94	1.0
B_memory	26	MAML1	AxisComposite	0.4625641025641026	0.01734203381902819	5	0.033423870300257466	0.6936752334151847	0.8523077165618804	0.9193162654772951	0.8358358358358359	1.0
B_memory	26	MIXL1	AxisComposite	0.46243132185057867	0.017378416002767624	5	0.033480167519983194	0.6936752334151847	0.8523077165618804	0.9193162654772951	0.8358358358358359	1.0
B_memory	26	HOXB5	AxisComposite	0.4618803418803418	0.017530055016799908	5	0.03368888300470233	0.6936752334151847	0.8523077165618804	0.9193162654772951	0.8368368368368369	1.0
B_memory	26	HOXB3	AxisComposite	0.4564102564102564	0.019095195702925366	9	0.03604382270168039	0.76957267147244	0.8790085720225634	0.9323077188384469	0.945	1.0
B_memory	26	HNF1B	AxisComposite	0.45572649572649565	0.019298625740866573	64	0.03629572319031634	0.8584615628908471	0.9022222478968321	0.9309401974320098	1.0	1.0
B_memory	26	PITX3	AxisComposite	0.4516239316239316	0.020556725113244436	23	0.038322201608875804	0.8276923312460138	0.8940513074933708	0.9350427616513209	0.998	1.0
B_memory	26	HNF4G	AxisComposite	0.44478632478632474	0.022801672485381647	11	0.04197090187766622	0.7784615606142807	0.8776410506161264	0.917948744070858	0.966	1.0
B_memory	26	TFAP2D	AxisComposite	0.4427350427350427	0.023512693505650797	9	0.043008328089489775	0.76957267147244	0.8790085720225634	0.9323077188384469	0.951	1.0
B_memory	26	SIN3A	AxisComposite	0.442051282051282	0.023753660360548944	12	0.04326261668476101	0.7852991676464659	0.8823931875034952	0.939145325870632	0.98	1.0
B_memory	26	SPDEF	AxisComposite	0.44136752136752133	0.023996626972053976	18	0.043637029491837925	0.8105983136655509	0.8933675467901523	0.9309401974320098	0.995	1.0
B_memory	26	RORB	AxisComposite	0.4393162393162393	0.024737644978932976	5	0.04470589499096366	0.6936752334151847	0.8523077165618804	0.9193162654772951	0.8488488488488488	1.0
B_memory	26	TBXT	AxisComposite	0.43042735042735036	0.028165903637308105	13	0.049972800524117914	0.7887179711625585	0.8838632730154149	0.936410283057758	0.991	1.0
B_memory	26	PHF5A	AxisComposite	0.4242735042735042	0.030756195782354976	6	0.05389261333034273	0.7145299348633494	0.8620854946179052	0.9323077188384469	0.9038076152304609	1.0
B_memory	26	FOXP2	AxisComposite	0.41811965811965807	0.03353442517562415	11	0.05806331480705249	0.7784615606142807	0.8776410506161264	0.917948744070858	0.974	1.0
B_memory	26	ELF3	AxisComposite	0.41538461538461535	0.034831951299019094	32	0.05990992950030256	0.8386325024975101	0.896752162271084	0.9309401974320098	1.0	1.0
B_memory	26	NR1D1	AxisComposite	0.4147008547008547	0.03516251759402168	26	0.06036727919414977	0.8324786561685434	0.8947350681965893	0.9343590009481024	0.998	1.0
B_memory	26	ELK4	AxisComposite	0.4099145299145299	0.03754720749645726	6	0.0638973257723159	0.7145299348633494	0.8620854946179052	0.9323077188384469	0.9168336673346693	1.0
B_memory	26	NFKBIZ	AxisComposite	0.4092307692307692	0.0378981380147291	8	0.06442407438192113	0.7524786538919771	0.8708034435839412	0.9309401974320098	0.94	1.0
B_memory	26	OLIG1	AxisComposite	0.40786324786324785	0.03860782568077959	7	0.06546361433994882	0.7370940380695605	0.8708034435839412	0.9247863511030432	0.92	1.0
B_memory	26	DMTF1	AxisComposite	0.40307692307692305	0.04117529808033601	18	0.06918872981965747	0.8105983136655509	0.8933675467901523	0.9309401974320098	0.997	1.0
B_memory	26	ZBTB7B	AxisComposite	0.40170940170940167	0.041933174738397784	15	0.07023468233901717	0.7996581424140548	0.8851282303163692	0.9323077188384469	0.988	1.0
B_memory	26	OVOL1	AxisComposite	0.3907692307692307	0.048401216038767715	9	0.07961130249082723	0.76957267147244	0.8790085720225634	0.9323077188384469	0.961	1.0
B_memory	26	TBX1	AxisComposite	0.37777777777777777	0.05707247783433288	14	0.0919938972826885	0.802735065578538	0.8837948969450931	0.9411966079802876	0.994	1.0
B_memory	26	SMARCA4	AxisComposite	0.377094017094017	0.057560273472891145	10	0.09262025390260457	0.7757265178014067	0.8776752386512874	0.9261538725094802	0.974	1.0
B_memory	26	MLX	AxisComposite	0.3723076923076923	0.06106622345279162	5	0.0977897533714001	0.6936752334151847	0.8523077165618804	0.9193162654772951	0.8808808808808809	1.0
B_memory	26	LHX4	AxisComposite	0.36752136752136744	0.0647354159025111	6	0.10264433472585659	0.7145299348633494	0.8620854946179052	0.9323077188384469	0.9378757515030061	1.0
B_memory	26	TFEB	AxisComposite	0.36615384615384616	0.06581439086727035	8	0.10417822196284096	0.7524786538919771	0.8708034435839412	0.9309401974320098	0.951	1.0
B_memory	26	HOXB9	AxisComposite	0.3381196581196581	0.09113112140322079	7	0.1383414877106454	0.7370940380695605	0.8708034435839412	0.9247863511030432	0.94	1.0
B_memory	26	MEF2B	AxisComposite	0.33538461538461534	0.09394617487906179	7	0.14183077113048528	0.7370940380695605	0.8708034435839412	0.9247863511030432	0.941	1.0
B_memory	26	HIVEP2	AxisComposite	0.33196581196581193	0.09755612861441439	11	0.14628718547127734	0.7784615606142807	0.8776410506161264	0.917948744070858	0.985	1.0
B_memory	26	POU3F1	AxisComposite	0.3182905982905983	0.11303864906635505	23	0.16417685558237255	0.8276923312460138	0.8940513074933708	0.9350427616513209	0.999	1.0
B_memory	26	SOX3	AxisComposite	0.3182905982905983	0.11303864906635505	7	0.16417685558237255	0.7370940380695605	0.8708034435839412	0.9247863511030432	0.949	1.0
B_memory	26	SOX7	AxisComposite	0.3090680227051969	0.12445692895132922	6	0.17750227447137332	0.7145299348633494	0.8620854946179052	0.9323077188384469	0.9579158316633266	1.0
B_memory	26	TSHZ3	AxisComposite	0.3005128205128205	0.1357811570511287	6	0.18824664125769788	0.7145299348633494	0.8620854946179052	0.9323077188384469	0.9609218436873748	1.0
B_memory	26	NR2F6	AxisComposite	0.2998290598290598	0.13671730418760358	16	0.18898323243936438	0.8078632708526768	0.8871795124260248	0.9350427616513209	0.997	1.0
B_memory	26	SCX	AxisComposite	0.2998290598290598	0.13671730418760358	13	0.18898323243936438	0.7887179711625585	0.8838632730154149	0.936410283057758	0.995	1.0
B_memory	26	NKX3-2	AxisComposite	0.2916239316239316	0.14831674262758154	7	0.2003306002851709	0.7370940380695605	0.8708034435839412	0.9247863511030432	0.958	1.0
B_memory	26	PAX1	AxisComposite	0.28608430841299104	0.15653540876746147	5	0.2082974025446152	0.6936752334151847	0.8523077165618804	0.9193162654772951	0.9229229229229229	1.0
B_memory	26	NHLH2	AxisComposite	0.28203434346343675	0.16274500126502	6	0.2140977129137704	0.7145299348633494	0.8620854946179052	0.9323077188384469	0.9629258517034068	1.0
B_memory	26	RFX5	AxisComposite	0.2772649572649572	0.17027813735611164	23	0.22054893040464182	0.8276923312460138	0.8940513074933708	0.9350427616513209	0.999	1.0
B_memory	26	ZGPAT	AxisComposite	0.27247863247863247	0.1780804964582072	12	0.22749856526188045	0.7852991676464659	0.8823931875034952	0.939145325870632	0.99	1.0
B_memory	26	POU4F3	AxisComposite	0.25884767005086595	0.20165480208749995	6	0.24873145455023604	0.7145299348633494	0.8620854946179052	0.9323077188384469	0.9659318637274549	1.0
B_memory	26	TCF7L1	AxisComposite	0.2584842986705442	0.20231101154925954	6	0.24937623499127107	0.7145299348633494	0.8620854946179052	0.9323077188384469	0.9659318637274549	1.0
B_memory	26	SHOX2	AxisComposite	0.24547694074835436	0.22676517382201009	7	0.2723983096760533	0.7370940380695605	0.8708034435839412	0.9247863511030432	0.966	1.0
B_memory	26	ZFX	AxisComposite	0.20615384615384613	0.31230813998237666	5	0.35359068577194624	0.6936752334151847	0.8523077165618804	0.9193162654772951	0.944944944944945	1.0
B_memory	26	SIX3	AxisComposite	0.196266832264728	0.3365825319877849	11	0.3774122650297814	0.7784615606142807	0.8776410506161264	0.917948744070858	0.995	1.0
B_memory	26	HOPX	AxisComposite	0.1952136752136752	0.3392333574815234	8	0.37938220237751585	0.7524786538919771	0.8708034435839412	0.9309401974320098	0.988	1.0
B_memory	26	AEBP1	AxisComposite	0.17538461538461536	0.3914568546270283	5	0.42884782853765974	0.6936752334151847	0.8523077165618804	0.9193162654772951	0.948948948948949	1.0
B_memory	26	ZBTB14	AxisComposite	0.17059829059829057	0.40471170878261314	6	0.4417101371515637	0.7145299348633494	0.8620854946179052	0.9323077188384469	0.9789579158316634	1.0
B_memory	26	SOX18	AxisComposite	0.16678106642485202	0.4154603724420128	6	0.45248927171239284	0.7145299348633494	0.8620854946179052	0.9323077188384469	0.9789579158316634	1.0
B_memory	26	LMX1A	AxisComposite	0.15076923076923074	0.46222716627373867	8	0.4955618769328921	0.7524786538919771	0.8708034435839412	0.9309401974320098	0.991	1.0
B_memory	26	SALL1	AxisComposite	0.14461538461538462	0.4809039397738048	6	0.5133454358253192	0.7145299348633494	0.8620854946179052	0.9323077188384469	0.9789579158316634	1.0
B_memory	26	IRX4	AxisComposite	0.13518793174131208	0.5102443534229204	5	0.5421854408782592	0.6936752334151847	0.8523077165618804	0.9193162654772951	0.954954954954955	1.0
B_memory	26	ZNF219	AxisComposite	0.11111111111111109	0.588940668990549	5	0.6180699286978153	0.6936752334151847	0.8523077165618804	0.9193162654772951	0.95995995995996	1.0
B_memory	26	MLXIP	AxisComposite	0.107008547008547	0.6028533872873905	5	0.6315349218710814	0.6936752334151847	0.8523077165618804	0.9193162654772951	0.9619619619619619	1.0
B_memory	26	SMAD9	AxisComposite	-0.027692307692307693	0.8931776409313734	7	0.904218873968261	0.7370940380695605	0.8708034435839412	0.9247863511030432	0.99	1.0
B_memory	26	DACH1	AxisComposite	-0.059829059829059825	0.7715669137554446	8	0.7912289880075605	0.7524786538919771	0.8708034435839412	0.9309401974320098	0.995	1.0
B_memory	26	RFXANK	AxisComposite	-0.0652991452991453	0.7513008176232436	18	0.7723127541654484	0.8105983136655509	0.8933675467901523	0.9309401974320098	1.0	1.0
B_memory	26	RFXAP	AxisComposite	-0.07692307692307691	0.708779297161033	16	0.7318252066241323	0.8078632708526768	0.8871795124260248	0.9350427616513209	1.0	1.0
B_memory	26	ASCL2	AxisComposite	-0.0776068376068376	0.7063028899263865	10	0.7297525210660407	0.7757265178014067	0.8776752386512874	0.9261538725094802	1.0	1.0
B_memory	26	HOXA2	AxisComposite	-0.09525158454758761	0.6434663189708171	6	0.671068091366348	0.7145299348633494	0.8620854946179052	0.9323077188384469	0.9919839679358717	1.0
B_memory	26	NCOA6	AxisComposite	-0.11179487179487178	0.5866354421810319	5	0.6157891261751871	0.6936752334151847	0.8523077165618804	0.9193162654772951	0.98998998998999	1.0
B_memory	26	PHOX2B	AxisComposite	-0.13709401709401706	0.5042424280484574	16	0.5361739531048291	0.8078632708526768	0.8871795124260248	0.9350427616513209	1.0	1.0
B_memory	26	PRDM16	AxisComposite	-0.16493085834430143	0.42072646490178633	5	0.45683906447116507	0.6936752334151847	0.8523077165618804	0.9193162654772951	0.993993993993994	1.0
B_memory	26	GBX2	AxisComposite	-0.6834188034188033	0.00011893788098619707	8	0.0004861663996878879	0.7524786538919771	0.8708034435839412	0.9309401974320098	0.999	1.0
B_naive	26	ERF	AxisComposite	0.9323076923076923	4.311800035132994e-12	18	1.7855246078028476e-08	0.816068399291299	0.8837607089099322	0.9213675475869506	0.0	0.0
B_naive	26	XBP1	AxisComposite	0.9213675213675213	2.457538626977764e-11	54	2.8169935416788474e-08	0.855726520077973	0.8994872050839581	0.9302564367287913	0.008	0.7590243902439024
B_naive	26	ELK1	AxisComposite	0.9179487179487179	4.022461730366341e-11	61	2.8169935416788474e-08	0.85709404148441	0.9001709657871766	0.9357265223545395	0.006	0.7590243902439024
B_naive	26	NCOA3	AxisComposite	0.9172649572649573	4.427699336757276e-11	73	2.8169935416788474e-08	0.8605128450005026	0.8994872050839581	0.9323077188384469	0.003	0.7590243902439024
B_naive	26	CREB1	AxisComposite	0.9124786324786324	8.478458746369484e-11	460	2.8169935416788474e-08	0.876923101877747	0.900888914525556	0.9158974619612025	0.002	0.7590243902439024
B_naive	26	PPARG	AxisComposite	0.9117948717948718	9.27484552364444e-11	362	2.8169935416788474e-08	0.87555558047131	0.9015384871936136	0.916581222664421	0.009	0.7590243902439024
B_naive	26	HSF1	AxisComposite	0.9104273504273502	1.107516086595089e-10	97	2.8169935416788474e-08	0.8639316485165952	0.9049572907097062	0.937777804464195	0.031	0.7590243902439024
B_naive	26	SMAD3	AxisComposite	0.9104273504273502	1.107516086595089e-10	189	2.8169935416788474e-08	0.8714530162519989	0.9029401966352115	0.9282051546191358	0.014	0.7590243902439024
B_naive	26	SMAD7	AxisComposite	0.9097435897435897	1.2089632992094036e-10	66	2.8169935416788474e-08	0.8584615628908471	0.8994872050839581	0.9241025903998247	0.016	0.7590243902439024
B_naive	26	SRF	AxisComposite	0.9097435897435897	1.2089632992094036e-10	104	2.8169935416788474e-08	0.8680342127359063	0.9035897693032692	0.9295726760255728	0.026	0.7590243902439024
B_naive	26	ATF1	AxisComposite	0.909059829059829	1.3187929040110968e-10	84	2.8169935416788474e-08	0.8646154092198137	0.9049572907097062	0.9329914795416654	0.034	0.7590243902439024
B_naive	26	SNAI2	AxisComposite	0.9049572649572648	2.1913423107359753e-10	48	2.8169935416788474e-08	0.8516239558586619	0.8974359229743025	0.9384615651674135	0.032	0.7590243902439024
B_naive	26	KMT2A	AxisComposite	0.9042735042735042	2.3795599448128426e-10	69	2.8169935416788474e-08	0.8598290842972841	0.9029060086000507	0.9254701118062617	0.044	0.778
B_naive	26	ATF6	AxisComposite	0.9035897435897435	2.582359441283372e-10	56	2.8169935416788474e-08	0.855726520077973	0.900888914525556	0.9357265223545395	0.044	0.778
B_naive	26	JUND	AxisComposite	0.9035897435897435	2.582359441283372e-10	620	2.8169935416788474e-08	0.876923101877747	0.9008547264903951	0.9193162654772951	0.025	0.7590243902439024
B_naive	26	TCF12	AxisComposite	0.9035897435897435	2.582359441283372e-10	51	2.8169935416788474e-08	0.8536752379683175	0.8988376324159004	0.9288889153223543	0.036	0.7590243902439024
B_naive	26	HDAC1	AxisComposite	0.9029059829059828	2.8007484801802003e-10	82	2.8169935416788474e-08	0.8632478878133767	0.9035897693032692	0.9268376332126987	0.057	0.8015757575757576
B_naive	26	JUN	AxisComposite	0.9029059829059828	2.8007484801802003e-10	894	2.8169935416788474e-08	0.876923101877747	0.898119683677521	0.9124786584451099	0.012	0.7590243902439024
B_naive	26	YBX1	AxisComposite	0.9022222222222221	3.0357959666648915e-10	91	2.8169935416788474e-08	0.8646154092198137	0.9029060086000507	0.9343590009481024	0.061	0.8015757575757576
B_naive	26	YBX3	AxisComposite	0.9022222222222221	3.0357959666648915e-10	26	2.8169935416788474e-08	0.8324786561685434	0.8912820766453359	0.9288889153223543	0.024	0.7590243902439024
B_naive	26	FOSB_JUN	AxisComposite	0.9008547008547008	3.5604674155752353e-10	589	2.8169935416788474e-08	0.8776068625809655	0.8994872050839581	0.915213701257984	0.04	0.7590243902439024
B_naive	26	FOSB_JUNB	AxisComposite	0.9008547008547008	3.5604674155752353e-10	589	2.8169935416788474e-08	0.8776068625809655	0.8994872050839581	0.915213701257984	0.04	0.7590243902439024
B_naive	26	FOSB_JUND	AxisComposite	0.9008547008547008	3.5604674155752353e-10	589	2.8169935416788474e-08	0.8776068625809655	0.8994872050839581	0.915213701257984	0.04	0.7590243902439024
B_naive	26	FOSL1_JUN	AxisComposite	0.9008547008547008	3.5604674155752353e-10	589	2.8169935416788474e-08	0.8776068625809655	0.8994872050839581	0.915213701257984	0.04	0.7590243902439024
B_naive	26	FOSL1_JUNB	AxisComposite	0.9008547008547008	3.5604674155752353e-10	589	2.8169935416788474e-08	0.8776068625809655	0.8994872050839581	0.915213701257984	0.04	0.7590243902439024
B_naive	26	FOSL1_JUND	AxisComposite	0.9008547008547008	3.5604674155752353e-10	589	2.8169935416788474e-08	0.8776068625809655	0.8994872050839581	0.915213701257984	0.04	0.7590243902439024
B_naive	26	FOSL2_JUN	AxisComposite	0.9008547008547008	3.5604674155752353e-10	589	2.8169935416788474e-08	0.8776068625809655	0.8994872050839581	0.915213701257984	0.04	0.7590243902439024
B_naive	26	FOSL2_JUNB	AxisComposite	0.9008547008547008	3.5604674155752353e-10	589	2.8169935416788474e-08	0.8776068625809655	0.8994872050839581	0.915213701257984	0.04	0.7590243902439024
B_naive	26	FOSL2_JUND	AxisComposite	0.9008547008547008	3.5604674155752353e-10	589	2.8169935416788474e-08	0.8776068625809655	0.8994872050839581	0.915213701257984	0.04	0.7590243902439024
B_naive	26	FOS_JUN	AxisComposite	0.9008547008547008	3.5604674155752353e-10	589	2.8169935416788474e-08	0.8776068625809655	0.8994872050839581	0.915213701257984	0.04	0.7590243902439024
B_naive	26	FOS_JUNB	AxisComposite	0.9008547008547008	3.5604674155752353e-10	589	2.8169935416788474e-08	0.8776068625809655	0.8994872050839581	0.915213701257984	0.04	0.7590243902439024
B_naive	26	FOS_JUND	AxisComposite	0.9008547008547008	3.5604674155752353e-10	589	2.8169935416788474e-08	0.8776068625809655	0.8994872050839581	0.915213701257984	0.04	0.7590243902439024
B_naive	26	JUNB_JUND	AxisComposite	0.9008547008547008	3.5604674155752353e-10	589	2.8169935416788474e-08	0.8776068625809655	0.8994872050839581	0.915213701257984	0.04	0.7590243902439024
B_naive	26	JUN_JUNB	AxisComposite	0.9008547008547008	3.5604674155752353e-10	589	2.8169935416788474e-08	0.8776068625809655	0.8994872050839581	0.915213701257984	0.04	0.7590243902439024
B_naive	26	JUN_JUND	AxisComposite	0.9008547008547008	3.5604674155752353e-10	589	2.8169935416788474e-08	0.8776068625809655	0.8994872050839581	0.915213701257984	0.04	0.7590243902439024
B_naive	26	NR1H4	AxisComposite	0.9008547008547008	3.5604674155752353e-10	134	2.8169935416788474e-08	0.8687179734391248	0.9035897693032692	0.9302564367287913	0.067	0.8015757575757576
B_naive	26	ZNF91	AxisComposite	0.9008547008547008	3.5604674155752353e-10	49	2.8169935416788474e-08	0.8523077165618804	0.8995213931191189	0.939145325870632	0.049	0.8015757575757576
B_naive	26	ATF2	AxisComposite	0.9001709401709401	3.852564892488078e-10	118	2.9481594947761227e-08	0.8680342127359063	0.9001709657871766	0.936410283057758	0.054	0.8015757575757576
B_naive	26	ZNF236	AxisComposite	0.9001709401709401	3.852564892488078e-10	14	2.9481594947761227e-08	0.795897458546353	0.8830769482067137	0.9261538725094802	0.016	0.7590243902439024
B_naive	26	ESR1	AxisComposite	0.8994871794871795	4.166274985888856e-10	622	2.9536398363582313e-08	0.876923101877747	0.9001709657871766	0.9193162654772951	0.058	0.8015757575757576
B_naive	26	MYC	AxisComposite	0.8988034188034186	4.5030237352059406e-10	873	2.9536398363582313e-08	0.876923101877747	0.898119683677521	0.9090598549290173	0.048	0.8015757575757576
B_naive	26	ABL1	AxisComposite	0.898119658119658	4.864319866080611e-10	10	2.9536398363582313e-08	0.7729914749885326	0.8700854948455619	0.9206837868837321	0.013	0.7590243902439024
B_naive	26	NCOA1	AxisComposite	0.898119658119658	4.864319866080611e-10	90	2.9536398363582313e-08	0.8632478878133767	0.9029401966352115	0.9275213939159173	0.087	0.879038961038961
B_naive	26	NR4A1	AxisComposite	0.898119658119658	4.864319866080611e-10	109	2.9536398363582313e-08	0.8666666913294693	0.9022222478968321	0.9220513082901691	0.085	0.879038961038961
B_naive	26	AR	AxisComposite	0.8974358974358974	5.251758920688372e-10	506	2.9536398363582313e-08	0.8776068625809655	0.9001709657871766	0.9172649833676395	0.093	0.8904819277108433
B_naive	26	JUNB	AxisComposite	0.8974358974358974	5.251758920688372e-10	617	2.9536398363582313e-08	0.8762393411745285	0.8988034443807396	0.9138461798515469	0.064	0.8015757575757576
B_naive	26	NEUROD1	AxisComposite	0.8974358974358974	5.251758920688372e-10	71	2.9536398363582313e-08	0.8611966057037211	0.9002051538223375	0.9282051546191358	0.06	0.8015757575757576
B_naive	26	NR2C2	AxisComposite	0.8974358974358974	5.251758920688372e-10	59	2.9536398363582313e-08	0.8550427593747545	0.9022222478968321	0.9329914795416654	0.066	0.8015757575757576
B_naive	26	TCF4	AxisComposite	0.8967521367521367	5.667027560768769e-10	58	3.0406534084676566e-08	0.8550427593747545	0.9002051538223375	0.9295726760255728	0.072	0.8231014492753622
B_naive	26	SMAD2	AxisComposite	0.896068376068376	6.111908049140348e-10	107	3.2056614352120394e-08	0.8673504520326878	0.9015726752287745	0.9254701118062617	0.105	0.9266067415730336
B_naive	26	THAP11	AxisComposite	0.896068376068376	6.111908049140348e-10	6	3.2056614352120394e-08	0.7251282257632364	0.8591453235940656	0.9117948977418914	0.006	0.7590243902439024
B_naive	26	TP53	AxisComposite	0.8953846153846153	6.588282915616066e-10	963	3.3068929731285806e-08	0.8776068625809655	0.8981538717126819	0.9083760942257988	0.091	0.8904819277108433
B_naive	26	POU1F1	AxisComposite	0.8947008547008547	7.098139813381069e-10	56	3.4158883143157555e-08	0.855726520077973	0.900888914525556	0.9357265223545395	0.083	0.879038961038961
B_naive	26	PPARA	AxisComposite	0.8947008547008547	7.098139813381069e-10	263	3.4158883143157555e-08	0.8748718197680915	0.9029060086000507	0.9186325047740765	0.149	1.0
B_naive	26	RB1	AxisComposite	0.8947008547008547	7.098139813381069e-10	32	3.4158883143157555e-08	0.8406837846071656	0.896752162271084	0.9282051546191358	0.065	0.8015757575757576
B_naive	26	KAT5	AxisComposite	0.894017094017094	7.643576572036186e-10	57	3.430789945987011e-08	0.855726520077973	0.902256435931993	0.9323077188384469	0.095	0.8904819277108433
B_naive	26	TAF1	AxisComposite	0.894017094017094	7.643576572036186e-10	42	3.430789945987011e-08	0.8461538702329138	0.8947008801614285	0.9254701118062617	0.06	0.8015757575757576
B_naive	26	TWIST1	AxisComposite	0.894017094017094	7.643576572036186e-10	78	3.430789945987011e-08	0.8605128450005026	0.9035897693032692	0.9323077188384469	0.116	0.9704948453608248
B_naive	26	NR0B2	AxisComposite	0.8933333333333332	8.226806453662279e-10	116	3.5558085671940296e-08	0.8673504520326878	0.9035897693032692	0.9350427616513209	0.141	1.0
B_naive	26	ETV3	AxisComposite	0.8926495726495726	8.850163618408371e-10	11	3.6559790947548915e-08	0.7866666890529029	0.8803760934290005	0.9172649833676395	0.017	0.7590243902439024
B_naive	26	GLI2	AxisComposite	0.8926495726495726	8.850163618408371e-10	149	3.6559790947548915e-08	0.8687179734391248	0.9015726752287745	0.9213675475869506	0.132	1.0
B_naive	26	TFAP2A	AxisComposite	0.8926495726495726	8.850163618408371e-10	311	3.6559790947548915e-08	0.8765812215261377	0.9015726752287745	0.9206837868837321	0.182	1.0
B_naive	26	ZNF143	AxisComposite	0.8926495726495726	8.850163618408371e-10	29	3.6559790947548915e-08	0.835897459684636	0.895384640864647	0.9323077188384469	0.062	0.8015757575757576
B_naive	26	EPAS1	AxisComposite	0.8919658119658118	9.516108806257505e-10	91	3.8965961322464944e-08	0.8646154092198137	0.9029060086000507	0.9343590009481024	0.132	1.0
B_naive	26	RFX3	AxisComposite	0.8912820512820512	1.02272352417786e-09	6	3.9614542812837454e-08	0.7251282257632364	0.8591453235940656	0.9117948977418914	0.01	0.7590243902439024
B_naive	26	NANOG	AxisComposite	0.8905982905982905	1.098627476882973e-09	57	3.9614542812837454e-08	0.855726520077973	0.902256435931993	0.9323077188384469	0.113	0.9704948453608248
B_naive	26	FOXO4	AxisComposite	0.8899145299145298	1.1796104222331633e-09	31	3.9614542812837454e-08	0.8372649810910731	0.8926837860869338	0.9411966079802876	0.066	0.8015757575757576
B_naive	26	HNF4A	AxisComposite	0.8899145299145298	1.1796104222331633e-09	278	3.9614542812837454e-08	0.8748718197680915	0.9015384871936136	0.9213675475869506	0.193	1.0
B_naive	26	NFKB1_NFKB2	AxisComposite	0.8899145299145298	1.1796104222331633e-09	794	3.9614542812837454e-08	0.876923101877747	0.898119683677521	0.9131624191483284	0.187	1.0
B_naive	26	NFKB1_REL	AxisComposite	0.8899145299145298	1.1796104222331633e-09	794	3.9614542812837454e-08	0.876923101877747	0.898119683677521	0.9131624191483284	0.187	1.0
B_naive	26	NFKB1_RELA	AxisComposite	0.8899145299145298	1.1796104222331633e-09	794	3.9614542812837454e-08	0.876923101877747	0.898119683677521	0.9131624191483284	0.187	1.0
B_naive	26	NFKB1_RELB	AxisComposite	0.8899145299145298	1.1796104222331633e-09	794	3.9614542812837454e-08	0.876923101877747	0.898119683677521	0.9131624191483284	0.187	1.0
B_naive	26	NFKB2_REL	AxisComposite	0.8899145299145298	1.1796104222331633e-09	794	3.9614542812837454e-08	0.876923101877747	0.898119683677521	0.9131624191483284	0.187	1.0
B_naive	26	NFKB2_RELA	AxisComposite	0.8899145299145298	1.1796104222331633e-09	794	3.9614542812837454e-08	0.876923101877747	0.898119683677521	0.9131624191483284	0.187	1.0
B_naive	26	NFKB2_RELB	AxisComposite	0.8899145299145298	1.1796104222331633e-09	794	3.9614542812837454e-08	0.876923101877747	0.898119683677521	0.9131624191483284	0.187	1.0
B_naive	26	PDX1	AxisComposite	0.8899145299145298	1.1796104222331633e-09	85	3.9614542812837454e-08	0.862222246758549	0.9022222478968321	0.9220513082901691	0.136	1.0
B_naive	26	REL	AxisComposite	0.8899145299145298	1.1796104222331633e-09	812	3.9614542812837454e-08	0.8776068625809655	0.8988034443807396	0.9111111370386729	0.206	1.0
B_naive	26	RELA	AxisComposite	0.8899145299145298	1.1796104222331633e-09	958	3.9614542812837454e-08	0.8776068625809655	0.898119683677521	0.9070085728193618	0.186	1.0
B_naive	26	RELA_RELB	AxisComposite	0.8899145299145298	1.1796104222331633e-09	794	3.9614542812837454e-08	0.876923101877747	0.898119683677521	0.9131624191483284	0.187	1.0
B_naive	26	RELB	AxisComposite	0.8899145299145298	1.1796104222331633e-09	811	3.9614542812837454e-08	0.8776068625809655	0.898119683677521	0.9090598549290173	0.191	1.0
B_naive	26	REL_RELA	AxisComposite	0.8899145299145298	1.1796104222331633e-09	794	3.9614542812837454e-08	0.876923101877747	0.898119683677521	0.9131624191483284	0.187	1.0
B_naive	26	REL_RELB	AxisComposite	0.8899145299145298	1.1796104222331633e-09	794	3.9614542812837454e-08	0.876923101877747	0.898119683677521	0.9131624191483284	0.187	1.0
B_naive	26	NR1H3	AxisComposite	0.8892307692307693	1.2659752044394572e-09	135	4.103869621057907e-08	0.8687179734391248	0.9043077180416486	0.9370940437609765	0.178	1.0
B_naive	26	EGR1	AxisComposite	0.8885470085470085	1.3580405152241714e-09	359	4.3124715136506343e-08	0.876923101877747	0.9022222478968321	0.9172649833676395	0.256	1.0
B_naive	26	ID1	AxisComposite	0.8885470085470085	1.3580405152241714e-09	76	4.3124715136506343e-08	0.8618803664069397	0.9029060086000507	0.9411966079802876	0.159	1.0
B_naive	26	GATA2	AxisComposite	0.8878632478632477	1.4561416065530853e-09	105	4.4426594897972563e-08	0.8652991699230322	0.9029401966352115	0.9329914795416654	0.172	1.0
B_naive	26	VDR	AxisComposite	0.8878632478632477	1.4561416065530853e-09	148	4.4426594897972563e-08	0.8694017341423433	0.9035897693032692	0.9268376332126987	0.189	1.0
B_naive	26	BTG2	AxisComposite	0.8871794871794871	1.5606310300850566e-09	7	4.537402940983933e-08	0.754871816353242	0.861230793738882	0.9432478900899431	0.013	0.7590243902439024
B_naive	26	POU4F2	AxisComposite	0.8871794871794871	1.5606310300850566e-09	34	4.537402940983933e-08	0.8410256649587748	0.8960684015678655	0.9309401974320098	0.091	0.8904819277108433
B_naive	26	NFKB1	AxisComposite	0.8864957264957264	1.6718794041328973e-09	931	4.537402940983933e-08	0.8772649822293563	0.898119683677521	0.9111111370386729	0.291	1.0
B_naive	26	ZBTB7A	AxisComposite	0.8864957264957264	1.6718794041328973e-09	36	4.537402940983933e-08	0.8427350667168212	0.8974359229743025	0.9288889153223543	0.106	0.9266067415730336
B_naive	26	FOXO3	AxisComposite	0.8858119658119656	1.7902762089458104e-09	195	4.642782968532802e-08	0.8717948966036082	0.9001709657871766	0.9282051546191358	0.246	1.0
B_naive	26	NFKB2	AxisComposite	0.8858119658119656	1.7902762089458104e-09	815	4.642782968532802e-08	0.8782906232841841	0.8994872050839581	0.9083760942257988	0.311	1.0
B_naive	26	AHR	AxisComposite	0.8851282051282051	1.916230611141857e-09	193	4.7579598366011636e-08	0.8721367769552174	0.9035897693032692	0.9261538725094802	0.25	1.0
B_naive	26	FOXN1	AxisComposite	0.8851282051282051	1.916230611141857e-09	55	4.7579598366011636e-08	0.8536752379683175	0.8995213931191189	0.9234188296966062	0.161	1.0
B_naive	26	NKX3-1	AxisComposite	0.8851282051282051	1.916230611141857e-09	70	4.7579598366011636e-08	0.8611966057037211	0.9042735300064877	0.936410283057758	0.169	1.0
B_naive	26	RXRA	AxisComposite	0.8851282051282051	1.916230611141857e-09	110	4.7579598366011636e-08	0.8673504520326878	0.9029401966352115	0.9309401974320098	0.224	1.0
B_naive	26	WT1	AxisComposite	0.8851282051282051	1.916230611141857e-09	156	4.7579598366011636e-08	0.8714530162519989	0.9029060086000507	0.9316239581352284	0.261	1.0
B_naive	26	HESX1	AxisComposite	0.8844444444444444	2.0501723181356414e-09	30	4.907797118490858e-08	0.8400000239039471	0.8933333587549914	0.9220513082901691	0.093	0.8904819277108433
B_naive	26	IRX1	AxisComposite	0.8844444444444444	2.0501723181356414e-09	19	4.907797118490858e-08	0.8194872028073916	0.8851282303163692	0.9234188296966062	0.06	0.8015757575757576
B_naive	26	MBD2	AxisComposite	0.8844444444444444	2.0501723181356414e-09	89	4.907797118490858e-08	0.8652991699230322	0.9015384871936136	0.9261538725094802	0.204	1.0
B_naive	26	NR5A1	AxisComposite	0.8844444444444444	2.0501723181356414e-09	107	4.907797118490858e-08	0.8673504520326878	0.9015726752287745	0.9254701118062617	0.235	1.0
B_naive	26	RORA	AxisComposite	0.8844444444444444	2.0501723181356414e-09	86	4.907797118490858e-08	0.8625641271101582	0.9056410514129247	0.9343590009481024	0.214	1.0
B_naive	26	MYCN	AxisComposite	0.8837606837606837	2.1925524634232287e-09	138	5.0919576613231994e-08	0.8707692555487804	0.9029060086000507	0.9357265223545395	0.268	1.0
B_naive	26	SNAI1	AxisComposite	0.8837606837606837	2.1925524634232287e-09	98	5.0919576613231994e-08	0.8646154092198137	0.9008547264903951	0.9268376332126987	0.213	1.0
B_naive	26	NCOR2	AxisComposite	0.8830769230769231	2.343844523605759e-09	68	5.3371054810691144e-08	0.8611966057037211	0.898119683677521	0.9261538725094802	0.197	1.0
B_naive	26	NR1I3	AxisComposite	0.8830769230769231	2.343844523605759e-09	60	5.3371054810691144e-08	0.85709404148441	0.9029401966352115	0.9254701118062617	0.2	1.0
B_naive	26	NR5A2	AxisComposite	0.8830769230769231	2.343844523605759e-09	64	5.3371054810691144e-08	0.8584615628908471	0.9015384871936136	0.9295726760255728	0.193	1.0
B_naive	26	HOXB13	AxisComposite	0.8823931623931623	2.5045452680489674e-09	13	5.647931068237961e-08	0.7976068603043992	0.8851282303163692	0.9350427616513209	0.055	0.8015757575757576
B_naive	26	E2F1	AxisComposite	0.8817094017094015	2.6751757420956864e-09	310	5.728312093625075e-08	0.8762393411745285	0.9022222478968321	0.917948744070858	0.381	1.0
B_naive	26	HOXD10	AxisComposite	0.8817094017094015	2.6751757420956864e-09	5	5.728312093625075e-08	0.7035897636118531	0.8496410498193282	0.9186325047740765	0.012	0.7590243902439024
B_naive	26	SP4	AxisComposite	0.8817094017094015	2.6751757420956864e-09	48	5.728312093625075e-08	0.8516239558586619	0.8974359229743025	0.9384615651674135	0.146	1.0
B_naive	26	ZNF331	AxisComposite	0.8817094017094015	2.6751757420956864e-09	17	5.728312093625075e-08	0.8126495957752065	0.8892649825708412	0.9323077188384469	0.076	0.8428333333333333
B_naive	26	RARA	AxisComposite	0.881025641025641	2.8562822847651483e-09	186	5.978980136898525e-08	0.8721367769552174	0.9035897693032692	0.9268376332126987	0.334	1.0
B_naive	26	FOS	AxisComposite	0.8803418803418802	3.0484375818931065e-09	340	6.268769441531727e-08	0.87555558047131	0.8994872050839581	0.915213701257984	0.399	1.0
B_naive	26	SREBF1	AxisComposite	0.8803418803418802	3.0484375818931065e-09	130	6.268769441531727e-08	0.8694017341423433	0.9035897693032692	0.9234188296966062	0.314	1.0
B_naive	26	PML	AxisComposite	0.8796581196581197	3.2522417556825923e-09	18	6.54373470496825e-08	0.816068399291299	0.8837607089099322	0.9213675475869506	0.071	0.8231014492753622
B_naive	26	SP1	AxisComposite	0.8796581196581197	3.2522417556825923e-09	1322	6.54373470496825e-08	0.8762393411745285	0.8960684015678655	0.9049572907097062	0.393	1.0
B_naive	26	ESR2	AxisComposite	0.8789743589743589	3.4683234916576115e-09	206	6.690138040932947e-08	0.8735042983616544	0.9029060086000507	0.9241025903998247	0.386	1.0
B_naive	26	ETV4	AxisComposite	0.8789743589743589	3.4683234916576115e-09	65	6.690138040932947e-08	0.8598290842972841	0.9008547264903951	0.9329914795416654	0.238	1.0
B_naive	26	KDM5A	AxisComposite	0.8789743589743589	3.4683234916576115e-09	18	6.690138040932947e-08	0.816068399291299	0.8837607089099322	0.9213675475869506	0.073	0.8231014492753622
B_naive	26	SOX9	AxisComposite	0.8789743589743589	3.4683234916576115e-09	104	6.690138040932947e-08	0.8680342127359063	0.9035897693032692	0.9295726760255728	0.326	1.0
B_naive	26	ENO1	AxisComposite	0.8782905982905982	3.6973412040271875e-09	19	6.931401100561811e-08	0.8194872028073916	0.8851282303163692	0.9234188296966062	0.087	0.879038961038961
B_naive	26	SRY	AxisComposite	0.8782905982905982	3.6973412040271875e-09	41	6.931401100561811e-08	0.8488889130457878	0.8947008801614285	0.936410283057758	0.164	1.0
B_naive	26	ZEB1	AxisComposite	0.8782905982905982	3.6973412040271875e-09	63	6.931401100561811e-08	0.8577778021876286	0.9015726752287745	0.9247863511030432	0.252	1.0
B_naive	26	MEF2A	AxisComposite	0.8776068376068377	3.939984240489251e-09	116	7.327428858407898e-08	0.8673504520326878	0.9035897693032692	0.9350427616513209	0.332	1.0
B_naive	26	PREB	AxisComposite	0.8769230769230769	4.196974127521972e-09	23	7.682931461675516e-08	0.8297436133556694	0.8919658373485544	0.9227350689933876	0.118	0.9704948453608248
B_naive	26	STAT3	AxisComposite	0.8769230769230769	4.196974127521972e-09	430	7.682931461675516e-08	0.8765812215261377	0.900888914525556	0.9145299405547654	0.5	1.0
B_naive	26	CLOCK	AxisComposite	0.8762393162393161	4.4690658572283696e-09	65	7.992949969939474e-08	0.8598290842972841	0.9008547264903951	0.9329914795416654	0.293	1.0
B_naive	26	DNMT3A	AxisComposite	0.8762393162393161	4.4690658572283696e-09	60	7.992949969939474e-08	0.85709404148441	0.9029401966352115	0.9254701118062617	0.267	1.0
B_naive	26	MYOD1	AxisComposite	0.8762393162393161	4.4690658572283696e-09	142	7.992949969939474e-08	0.8700854948455619	0.902256435931993	0.9254701118062617	0.375	1.0
B_naive	26	TAL1	AxisComposite	0.8762393162393161	4.4690658572283696e-09	95	7.992949969939474e-08	0.8652991699230322	0.9029060086000507	0.9261538725094802	0.337	1.0
B_naive	26	YY1	AxisComposite	0.8762393162393161	4.4690658572283696e-09	260	7.992949969939474e-08	0.87555558047131	0.9015384871936136	0.9158974619612025	0.495	1.0
B_naive	26	APEX1	AxisComposite	0.8755555555555555	4.757049216822535e-09	41	8.316818630759397e-08	0.8488889130457878	0.8947008801614285	0.936410283057758	0.191	1.0
B_naive	26	CEBPA	AxisComposite	0.8755555555555555	4.757049216822535e-09	232	8.316818630759397e-08	0.8748718197680915	0.9049572907097062	0.9206837868837321	0.488	1.0
B_naive	26	HIC1	AxisComposite	0.8755555555555555	4.757049216822535e-09	21	8.316818630759397e-08	0.8235897670267027	0.8851624183515301	0.9275213939159173	0.106	0.9266067415730336
B_naive	26	CTCF	AxisComposite	0.8748717948717948	5.061750161863463e-09	142	8.751203613177275e-08	0.8700854948455619	0.902256435931993	0.9254701118062617	0.408	1.0
B_naive	26	KDM5C	AxisComposite	0.8748717948717948	5.061750161863463e-09	12	8.751203613177275e-08	0.790769253272214	0.879692332725782	0.9446154114963802	0.063	0.8015757575757576
B_naive	26	GATA4	AxisComposite	0.874188034188034	5.384032234361566e-09	139	9.040526068345247e-08	0.8707692555487804	0.9042735300064877	0.9357265223545395	0.45	1.0
B_naive	26	HOXA10	AxisComposite	0.8735042735042735	5.724798026906526e-09	49	9.24683639778535e-08	0.8523077165618804	0.8995213931191189	0.939145325870632	0.246	1.0
B_naive	26	MXI1	AxisComposite	0.8735042735042735	5.724798026906526e-09	8	9.24683639778535e-08	0.7593162609241623	0.8653333579581931	0.9124786584451099	0.041	0.7594761904761905
B_naive	26	PAX6	AxisComposite	0.8735042735042735	5.724798026906526e-09	165	9.24683639778535e-08	0.8707692555487804	0.902256435931993	0.9241025903998247	0.458	1.0
B_naive	26	SATB1	AxisComposite	0.8728205128205128	6.084990693982169e-09	44	9.727649506681083e-08	0.8512820755070527	0.8994872050839581	0.9439316507931617	0.262	1.0
B_naive	26	TP73	AxisComposite	0.8728205128205128	6.084990693982169e-09	125	9.727649506681083e-08	0.8687179734391248	0.9022222478968321	0.9193162654772951	0.445	1.0
B_naive	26	BCL6	AxisComposite	0.8721367521367521	6.46559551165472e-09	99	1.0127986526310145e-07	0.8639316485165952	0.9029060086000507	0.9316239581352284	0.379	1.0
B_naive	26	TFDP3	AxisComposite	0.8721367521367521	6.46559551165472e-09	6	1.0127986526310145e-07	0.7251282257632364	0.8591453235940656	0.9117948977418914	0.029	0.7590243902439024
B_naive	26	EBF1	AxisComposite	0.8714529914529915	6.8676414868445615e-09	33	1.0510869003472267e-07	0.8406837846071656	0.8933675467901523	0.9323077188384469	0.191	1.0
B_naive	26	RBPJ	AxisComposite	0.8714529914529915	6.8676414868445615e-09	155	1.0510869003472267e-07	0.8700854948455619	0.9022222478968321	0.9220513082901691	0.491	1.0
B_naive	26	HHEX	AxisComposite	0.8707692307692306	7.292203017407885e-09	28	1.108794908314658e-07	0.834529938278199	0.8926837860869338	0.9247863511030432	0.166	1.0
B_naive	26	HDAC4	AxisComposite	0.87008547008547	7.740401604277592e-09	24	1.158083163101532e-07	0.8249572884331398	0.8899145552388988	0.9329914795416654	0.129	1.0
B_naive	26	TFCP2	AxisComposite	0.87008547008547	7.740401604277592e-09	73	1.158083163101532e-07	0.8605128450005026	0.8994872050839581	0.9323077188384469	0.353	1.0
B_naive	26	NCOA2	AxisComposite	0.8694017094017094	8.213407616936534e-09	62	1.213297049236068e-07	0.85709404148441	0.9008547264903951	0.9275213939159173	0.339	1.0
B_naive	26	SIRT1	AxisComposite	0.8694017094017094	8.213407616936534e-09	62	1.213297049236068e-07	0.85709404148441	0.9008547264903951	0.9275213939159173	0.339	1.0
B_naive	26	ESRRG	AxisComposite	0.8687179487179486	8.712442113511008e-09	25	1.2630335337226518e-07	0.8304273740588879	0.8940171194582099	0.9282051546191358	0.174	1.0
B_naive	26	TBP	AxisComposite	0.8687179487179486	8.712442113511008e-09	162	1.2630335337226518e-07	0.8714530162519989	0.9035897693032692	0.9316239581352284	0.558	1.0
B_naive	26	FOXA1	AxisComposite	0.868034188034188	9.238778716799467e-09	70	1.3229024248472366e-07	0.8611966057037211	0.9042735300064877	0.936410283057758	0.395	1.0
B_naive	26	NEUROG2	AxisComposite	0.868034188034188	9.238778716799467e-09	25	1.3229024248472366e-07	0.8304273740588879	0.8940171194582099	0.9282051546191358	0.176	1.0
B_naive	26	USF1	AxisComposite	0.868034188034188	9.238778716799467e-09	224	1.3229024248472366e-07	0.8735042983616544	0.9008547264903951	0.9193162654772951	0.63	1.0
B_naive	26	NR3C2	AxisComposite	0.8673504273504273	9.793745547570646e-09	56	1.3728890154972906e-07	0.855726520077973	0.900888914525556	0.9357265223545395	0.338	1.0
B_naive	26	PPARD	AxisComposite	0.8673504273504273	9.793745547570646e-09	100	1.3728890154972906e-07	0.8666666913294693	0.9022222478968321	0.9282051546191358	0.482	1.0
B_naive	26	TP63	AxisComposite	0.8673504273504273	9.793745547570646e-09	200	1.3728890154972906e-07	0.8735042983616544	0.9035897693032692	0.9295726760255728	0.629	1.0
B_naive	26	ZNF263	AxisComposite	0.8673504273504273	9.793745547570646e-09	10	1.3728890154972906e-07	0.7729914749885326	0.8700854948455619	0.9206837868837321	0.058	0.8015757575757576
B_naive	26	SP3	AxisComposite	0.8666666666666666	1.037872721648654e-08	445	1.4333697824425792e-07	0.87555558047131	0.900888914525556	0.916581222664421	0.758	1.0
B_naive	26	FOXM1	AxisComposite	0.8652991452991453	1.164456833381706e-08	96	1.5619783040878747e-07	0.8652991699230322	0.9015384871936136	0.9254701118062617	0.512	1.0
B_naive	26	NFE2L2	AxisComposite	0.8652991452991453	1.164456833381706e-08	201	1.5619783040878747e-07	0.874188059064873	0.9029060086000507	0.9227350689933876	0.689	1.0
B_naive	26	NR1I2	AxisComposite	0.8652991452991453	1.164456833381706e-08	228	1.5619783040878747e-07	0.8735042983616544	0.9022222478968321	0.917948744070858	0.685	1.0
B_naive	26	POU5F1	AxisComposite	0.8652991452991453	1.164456833381706e-08	92	1.5619783040878747e-07	0.8652991699230322	0.9015726752287745	0.9316239581352284	0.507	1.0
B_naive	26	SREBF2	AxisComposite	0.8652991452991453	1.164456833381706e-08	70	1.5619783040878747e-07	0.8611966057037211	0.9042735300064877	0.936410283057758	0.446	1.0
B_naive	26	DLX2	AxisComposite	0.8646153846153846	1.2328498228777593e-08	22	1.6256901054218588e-07	0.8276923312460138	0.8926495980517729	0.939145325870632	0.192	1.0
B_naive	26	HIF1A	AxisComposite	0.8646153846153846	1.2328498228777593e-08	458	1.6256901054218588e-07	0.8762393411745285	0.9015384871936136	0.9131624191483284	0.81	1.0
B_naive	26	TBPL1	AxisComposite	0.8646153846153846	1.2328498228777593e-08	38	1.6256901054218588e-07	0.8451282291780859	0.8954188288998078	0.9247863511030432	0.284	1.0
B_naive	26	EP300	AxisComposite	0.8639316239316238	1.304858827154053e-08	74	1.69667994572566e-07	0.8605128450005026	0.8988034443807396	0.9357265223545395	0.462	1.0
B_naive	26	CEBPD	AxisComposite	0.8632478632478632	1.3806537550597868e-08	95	1.751329274081273e-07	0.8652991699230322	0.9029060086000507	0.9261538725094802	0.532	1.0
B_naive	26	FOXO1	AxisComposite	0.8632478632478632	1.3806537550597868e-08	277	1.751329274081273e-07	0.87555558047131	0.902256435931993	0.9193162654772951	0.769	1.0
B_naive	26	ISL1	AxisComposite	0.8632478632478632	1.3806537550597868e-08	41	1.751329274081273e-07	0.8488889130457878	0.8947008801614285	0.936410283057758	0.32	1.0
B_naive	26	MECP2	AxisComposite	0.8632478632478632	1.3806537550597868e-08	34	1.751329274081273e-07	0.8410256649587748	0.8960684015678655	0.9309401974320098	0.28	1.0
B_naive	26	SMAD4	AxisComposite	0.8632478632478632	1.3806537550597868e-08	142	1.751329274081273e-07	0.8700854948455619	0.902256435931993	0.9254701118062617	0.629	1.0
B_naive	26	SSRP1	AxisComposite	0.8632478632478632	1.3806537550597868e-08	146	1.751329274081273e-07	0.8707692555487804	0.9029060086000507	0.9295726760255728	0.655	1.0
B_naive	26	STAT1	AxisComposite	0.8632478632478632	1.3806537550597868e-08	301	1.751329274081273e-07	0.876923101877747	0.9029401966352115	0.9247863511030432	0.787	1.0
B_naive	26	CUX1	AxisComposite	0.8625641025641025	1.4604114905670068e-08	109	1.813085329246486e-07	0.8666666913294693	0.9022222478968321	0.9220513082901691	0.584	1.0
B_naive	26	STAT5B	AxisComposite	0.8625641025641025	1.4604114905670068e-08	103	1.813085329246486e-07	0.8673504520326878	0.9015384871936136	0.9227350689933876	0.571	1.0
B_naive	26	DDIT3	AxisComposite	0.8618803418803418	1.5443161369804112e-08	99	1.882210894888919e-07	0.8639316485165952	0.9029060086000507	0.9316239581352284	0.546	1.0
B_naive	26	DNMT3B	AxisComposite	0.8618803418803418	1.5443161369804112e-08	70	1.882210894888919e-07	0.8611966057037211	0.9042735300064877	0.936410283057758	0.497	1.0
B_naive	26	MTA1	AxisComposite	0.8618803418803418	1.5443161369804112e-08	51	1.882210894888919e-07	0.8536752379683175	0.8988376324159004	0.9288889153223543	0.403	1.0
B_naive	26	THRA	AxisComposite	0.8611965811965812	1.6325592681733792e-08	83	1.949050297655584e-07	0.8632478878133767	0.9043419060768095	0.9247863511030432	0.54	1.0
B_naive	26	MAZ	AxisComposite	0.8598290598290598	1.8228661910825657e-08	47	2.085573377444465e-07	0.8495726737490064	0.8994872050839581	0.9370940437609765	0.387	1.0
B_naive	26	MYBL2	AxisComposite	0.8598290598290598	1.8228661910825657e-08	50	2.085573377444465e-07	0.8550427593747545	0.9022222478968321	0.939145325870632	0.447	1.0
B_naive	26	NFIC	AxisComposite	0.8598290598290598	1.8228661910825657e-08	81	2.085573377444465e-07	0.8611966057037211	0.9022222478968321	0.9405128472770691	0.521	1.0
B_naive	26	NRF1	AxisComposite	0.8598290598290598	1.8228661910825657e-08	90	2.085573377444465e-07	0.8632478878133767	0.9029401966352115	0.9275213939159173	0.56	1.0
B_naive	26	SPI1	AxisComposite	0.8598290598290598	1.8228661910825657e-08	338	2.085573377444465e-07	0.87555558047131	0.9022222478968321	0.9200000261805136	0.859	1.0
B_naive	26	ARX	AxisComposite	0.859145299145299	1.9253528460087283e-08	27	2.1656739964262034e-07	0.833162416871762	0.896752162271084	0.9261538725094802	0.269	1.0
B_naive	26	HINFP	AxisComposite	0.859145299145299	1.9253528460087283e-08	9	2.1656739964262034e-07	0.7675213893627845	0.8694017341423433	0.9117948977418914	0.078	0.8428333333333333
B_naive	26	ID3	AxisComposite	0.859145299145299	1.9253528460087283e-08	35	2.1656739964262034e-07	0.8413675453103842	0.8967863503062449	0.9295726760255728	0.311	1.0
B_naive	26	IRF4	AxisComposite	0.859145299145299	1.9253528460087283e-08	59	2.1656739964262034e-07	0.8550427593747545	0.9022222478968321	0.9329914795416654	0.447	1.0
B_naive	26	STAT6	AxisComposite	0.859145299145299	1.9253528460087283e-08	126	2.1656739964262034e-07	0.8687179734391248	0.9029060086000507	0.9275213939159173	0.655	1.0
B_naive	26	KLF17	AxisComposite	0.8584615384615384	2.0330242663109863e-08	5	2.2435359988509893e-07	0.7035897636118531	0.8496410498193282	0.9186325047740765	0.034	0.7590243902439024
B_naive	26	NR2F1	AxisComposite	0.8584615384615384	2.0330242663109863e-08	67	2.2435359988509893e-07	0.8584615628908471	0.9015384871936136	0.9234188296966062	0.505	1.0
B_naive	26	ZNF699	AxisComposite	0.8584615384615384	2.0330242663109863e-08	55	2.2435359988509893e-07	0.8536752379683175	0.8995213931191189	0.9234188296966062	0.445	1.0
B_naive	26	CTNNB1	AxisComposite	0.8577777777777776	2.146113404182745e-08	336	2.3189947617419104e-07	0.8765812215261377	0.9015384871936136	0.917948744070858	0.888	1.0
B_naive	26	ETS2	AxisComposite	0.8577777777777776	2.146113404182745e-08	111	2.3189947617419104e-07	0.8666666913294693	0.9008547264903951	0.9193162654772951	0.681	1.0
B_naive	26	GLI1	AxisComposite	0.8577777777777776	2.146113404182745e-08	176	2.3189947617419104e-07	0.8714530162519989	0.9035897693032692	0.9282051546191358	0.772	1.0
B_naive	26	NCOR1	AxisComposite	0.8577777777777776	2.146113404182745e-08	88	2.3189947617419104e-07	0.8646154092198137	0.90362395733843	0.9357265223545395	0.639	1.0
B_naive	26	ARID1B	AxisComposite	0.8570940170940171	2.264862346224148e-08	5	2.4137848018662836e-07	0.7035897636118531	0.8496410498193282	0.9186325047740765	0.037	0.7590243902439024
B_naive	26	PLAG1	AxisComposite	0.8570940170940171	2.264862346224148e-08	7	2.4137848018662836e-07	0.754871816353242	0.861230793738882	0.9432478900899431	0.064	0.8015757575757576
B_naive	26	ATF4	AxisComposite	0.8564102564102564	2.3895226183452023e-08	121	2.4897972282221885e-07	0.8694017341423433	0.9022222478968321	0.936410283057758	0.72	1.0
B_naive	26	BCL11B	AxisComposite	0.8564102564102564	2.3895226183452023e-08	24	2.4897972282221885e-07	0.8249572884331398	0.8899145552388988	0.9329914795416654	0.229	1.0
B_naive	26	HES1	AxisComposite	0.8564102564102564	2.3895226183452023e-08	92	2.4897972282221885e-07	0.8652991699230322	0.9015726752287745	0.9316239581352284	0.651	1.0
B_naive	26	NFIA	AxisComposite	0.8564102564102564	2.3895226183452023e-08	60	2.4897972282221885e-07	0.85709404148441	0.9029401966352115	0.9254701118062617	0.513	1.0
B_naive	26	NRG1	AxisComposite	0.8564102564102564	2.3895226183452023e-08	35	2.4897972282221885e-07	0.8413675453103842	0.8967863503062449	0.9295726760255728	0.33	1.0
B_naive	26	TBX2	AxisComposite	0.8564102564102564	2.3895226183452023e-08	32	2.4897972282221885e-07	0.8406837846071656	0.896752162271084	0.9282051546191358	0.347	1.0
B_naive	26	CEBPG	AxisComposite	0.8557264957264956	2.5203554990032168e-08	204	2.5971345406947054e-07	0.8735042983616544	0.90362395733843	0.9288889153223543	0.821	1.0
B_naive	26	NFATC1	AxisComposite	0.8557264957264956	2.5203554990032168e-08	122	2.5971345406947054e-07	0.8687179734391248	0.9022222478968321	0.9234188296966062	0.708	1.0
B_naive	26	HDAC9	AxisComposite	0.8550427350427351	2.6576323409491527e-08	19	2.702794720599269e-07	0.8194872028073916	0.8851282303163692	0.9234188296966062	0.225	1.0
B_naive	26	TBX15	AxisComposite	0.8550427350427351	2.6576323409491527e-08	28	2.702794720599269e-07	0.834529938278199	0.8926837860869338	0.9247863511030432	0.312	1.0
B_naive	26	TLX3	AxisComposite	0.8550427350427351	2.6576323409491527e-08	6	2.702794720599269e-07	0.7251282257632364	0.8591453235940656	0.9117948977418914	0.057	0.8015757575757576
B_naive	26	CTCFL	AxisComposite	0.8543589743589743	2.8016349016591608e-08	11	2.806444575310078e-07	0.7866666890529029	0.8803760934290005	0.9172649833676395	0.12	0.9704948453608248
B_naive	26	HDAC3	AxisComposite	0.8543589743589743	2.8016349016591608e-08	27	2.806444575310078e-07	0.833162416871762	0.896752162271084	0.9261538725094802	0.304	1.0
B_naive	26	KLF4	AxisComposite	0.8543589743589743	2.8016349016591608e-08	128	2.806444575310078e-07	0.8680342127359063	0.9029060086000507	0.9302564367287913	0.747	1.0
B_naive	26	NFATC4	AxisComposite	0.8543589743589743	2.8016349016591608e-08	41	2.806444575310078e-07	0.8488889130457878	0.8947008801614285	0.936410283057758	0.434	1.0
B_naive	26	NR3C1	AxisComposite	0.8543589743589743	2.8016349016591608e-08	288	2.806444575310078e-07	0.8762393411745285	0.9015384871936136	0.9241025903998247	0.926	1.0
B_naive	26	PPARGC1A	AxisComposite	0.8543589743589743	2.8016349016591608e-08	32	2.806444575310078e-07	0.8406837846071656	0.896752162271084	0.9282051546191358	0.37	1.0
B_naive	26	HEY1	AxisComposite	0.8536752136752135	2.9526556826290766e-08	32	2.91395279630286e-07	0.8406837846071656	0.896752162271084	0.9282051546191358	0.376	1.0
B_naive	26	CEBPB	AxisComposite	0.852991452991453	3.110998277713922e-08	445	3.000442140572022e-07	0.87555558047131	0.900888914525556	0.916581222664421	0.964	1.0
B_naive	26	FLI1	AxisComposite	0.852991452991453	3.110998277713922e-08	94	3.000442140572022e-07	0.8646154092198137	0.9035897693032692	0.9268376332126987	0.677	1.0
B_naive	26	KAT7	AxisComposite	0.852991452991453	3.110998277713922e-08	83	3.000442140572022e-07	0.8632478878133767	0.9043419060768095	0.9247863511030432	0.668	1.0
B_naive	26	KLF5	AxisComposite	0.852991452991453	3.110998277713922e-08	75	3.000442140572022e-07	0.8605128450005026	0.9022222478968321	0.9309401974320098	0.621	1.0
B_naive	26	NR2F2	AxisComposite	0.852991452991453	3.110998277713922e-08	79	3.000442140572022e-07	0.8611966057037211	0.8994872050839581	0.9323077188384469	0.625	1.0
B_naive	26	STAT5A	AxisComposite	0.852991452991453	3.110998277713922e-08	210	3.000442140572022e-07	0.874188059064873	0.9035897693032692	0.9241025903998247	0.879	1.0
B_naive	26	CREBZF	AxisComposite	0.8523076923076922	3.276977730695691e-08	20	3.121822866711732e-07	0.8194872028073916	0.8865299397579671	0.9234188296966062	0.243	1.0
B_naive	26	SP6	AxisComposite	0.8523076923076922	3.276977730695691e-08	5	3.121822866711732e-07	0.7035897636118531	0.8496410498193282	0.9186325047740765	0.046	0.7952888888888888
B_naive	26	ZNF350	AxisComposite	0.8523076923076922	3.276977730695691e-08	9	3.121822866711732e-07	0.7675213893627845	0.8694017341423433	0.9117948977418914	0.098	0.8969882352941178
B_naive	26	BRCA1	AxisComposite	0.8516239316239315	3.4509209022639105e-08	60	3.260910682544116e-07	0.85709404148441	0.9029401966352115	0.9254701118062617	0.563	1.0
B_naive	26	DNMT1	AxisComposite	0.8516239316239315	3.4509209022639105e-08	184	3.260910682544116e-07	0.8735042983616544	0.9029060086000507	0.917948744070858	0.886	1.0
B_naive	26	CREM	AxisComposite	0.8509401709401709	3.6331668465986875e-08	87	3.371694401575084e-07	0.8639316485165952	0.9022222478968321	0.9329914795416654	0.68	1.0
B_naive	26	FOXP3	AxisComposite	0.8509401709401709	3.6331668465986875e-08	52	3.371694401575084e-07	0.8567521611328008	0.90362395733843	0.9398290865738506	0.572	1.0
B_naive	26	KDM5D	AxisComposite	0.8509401709401709	3.6331668465986875e-08	6	3.371694401575084e-07	0.7251282257632364	0.8591453235940656	0.9117948977418914	0.068	0.8015757575757576
B_naive	26	TGIF1	AxisComposite	0.8509401709401709	3.6331668465986875e-08	12	3.371694401575084e-07	0.790769253272214	0.879692332725782	0.9446154114963802	0.152	1.0
B_naive	26	ZNF382	AxisComposite	0.8509401709401709	3.6331668465986875e-08	11	3.371694401575084e-07	0.7866666890529029	0.8803760934290005	0.9172649833676395	0.135	1.0
B_naive	26	ZNF436	AxisComposite	0.8509401709401709	3.6331668465986875e-08	7	3.371694401575084e-07	0.754871816353242	0.861230793738882	0.9432478900899431	0.087	0.879038961038961
B_naive	26	BMAL1	AxisComposite	0.8502564102564102	3.824067197745775e-08	57	3.513926314778992e-07	0.855726520077973	0.902256435931993	0.9323077188384469	0.562	1.0
B_naive	26	EWSR1	AxisComposite	0.8502564102564102	3.824067197745775e-08	58	3.513926314778992e-07	0.8550427593747545	0.9002051538223375	0.9295726760255728	0.582	1.0
B_naive	26	E2F4	AxisComposite	0.8488888888888889	4.23330294432722e-08	163	3.8075256539729213e-07	0.8707692555487804	0.9035897693032692	0.9295726760255728	0.881	1.0
B_naive	26	MYB	AxisComposite	0.8488888888888889	4.23330294432722e-08	179	3.8075256539729213e-07	0.8728205376584359	0.9029060086000507	0.9275213939159173	0.892	1.0
B_naive	26	SALL3	AxisComposite	0.8488888888888889	4.23330294432722e-08	10	3.8075256539729213e-07	0.7729914749885326	0.8700854948455619	0.9206837868837321	0.12	0.9704948453608248
B_naive	26	THRB	AxisComposite	0.8482051282051282	4.4524081255191716e-08	57	3.9739657992205527e-07	0.855726520077973	0.902256435931993	0.9323077188384469	0.588	1.0
B_naive	26	MITF	AxisComposite	0.8475213675213674	4.6817081294523816e-08	110	4.139055596265856e-07	0.8673504520326878	0.9029401966352115	0.9309401974320098	0.797	1.0
B_naive	26	ELF1	AxisComposite	0.8468376068376068	4.921623641482485e-08	78	4.286219992246313e-07	0.8605128450005026	0.9035897693032692	0.9323077188384469	0.7	1.0
B_naive	26	NKX2-1	AxisComposite	0.8468376068376068	4.921623641482485e-08	62	4.286219992246313e-07	0.85709404148441	0.9008547264903951	0.9275213939159173	0.635	1.0
B_naive	26	NR1H2	AxisComposite	0.8468376068376068	4.921623641482485e-08	48	4.286219992246313e-07	0.8516239558586619	0.8974359229743025	0.9384615651674135	0.555	1.0
B_naive	26	TRIM28	AxisComposite	0.8468376068376068	4.921623641482485e-08	6	4.286219992246313e-07	0.7251282257632364	0.8591453235940656	0.9117948977418914	0.077	0.8428333333333333
B_naive	26	SMARCC1	AxisComposite	0.846153846153846	5.172590461681601e-08	8	4.342743214951387e-07	0.7593162609241623	0.8653333579581931	0.9124786584451099	0.101	0.9136976744186047
B_naive	26	EZH2	AxisComposite	0.8454700854700854	5.4350599652906915e-08	154	4.498379418081019e-07	0.8714530162519989	0.9029060086000507	0.9261538725094802	0.906	1.0
B_naive	26	KLF15	AxisComposite	0.8454700854700854	5.4350599652906915e-08	26	4.498379418081019e-07	0.8324786561685434	0.8912820766453359	0.9288889153223543	0.381	1.0
B_naive	26	POU2F1	AxisComposite	0.8454700854700854	5.4350599652906915e-08	122	4.498379418081019e-07	0.8687179734391248	0.9022222478968321	0.9234188296966062	0.848	1.0
B_naive	26	NFAT5	AxisComposite	0.8447863247863248	5.7094995745745354e-08	51	4.683997190529689e-07	0.8536752379683175	0.8988376324159004	0.9288889153223543	0.6	1.0
B_naive	26	E2F6	AxisComposite	0.844102564102564	5.996393242289214e-08	40	4.893560079546512e-07	0.8441025881232582	0.898119683677521	0.9473504543092542	0.503	1.0
B_naive	26	TEAD4	AxisComposite	0.844102564102564	5.996393242289214e-08	12	4.893560079546512e-07	0.790769253272214	0.879692332725782	0.9446154114963802	0.18	1.0
B_naive	26	PRDM1	AxisComposite	0.8434188034188034	6.296241946977816e-08	66	5.076141175905431e-07	0.8584615628908471	0.8994872050839581	0.9241025903998247	0.706	1.0
B_naive	26	HIVEP1	AxisComposite	0.8427350427350427	6.609564200310722e-08	10	5.238276007988191e-07	0.7729914749885326	0.8700854948455619	0.9206837868837321	0.144	1.0
B_naive	26	NR0B1	AxisComposite	0.8427350427350427	6.609564200310722e-08	57	5.238276007988191e-07	0.855726520077973	0.902256435931993	0.9323077188384469	0.653	1.0
B_naive	26	PAX5	AxisComposite	0.8427350427350427	6.609564200310722e-08	67	5.238276007988191e-07	0.8584615628908471	0.9015384871936136	0.9234188296966062	0.707	1.0
B_naive	26	RCOR2	AxisComposite	0.8427350427350427	6.609564200310722e-08	16	5.238276007988191e-07	0.8064957494462398	0.8810256660970581	0.9295726760255728	0.262	1.0
B_naive	26	FOSL2	AxisComposite	0.8420512820512819	6.936896566689326e-08	42	5.469836684680028e-07	0.8461538702329138	0.8947008801614285	0.9254701118062617	0.553	1.0
B_naive	26	ETS1	AxisComposite	0.8413675213675212	7.278794195334366e-08	230	5.644088256448642e-07	0.8735042983616544	0.902256435931993	0.9275213939159173	0.973	1.0
B_naive	26	HBP1	AxisComposite	0.8413675213675212	7.278794195334366e-08	44	5.644088256448642e-07	0.8512820755070527	0.8994872050839581	0.9439316507931617	0.599	1.0
B_naive	26	TSC22D1	AxisComposite	0.8413675213675212	7.278794195334366e-08	7	5.644088256448642e-07	0.754871816353242	0.861230793738882	0.9432478900899431	0.121	0.9704948453608248
B_naive	26	GATA1	AxisComposite	0.8406837606837606	7.635831365084317e-08	147	5.824192943172157e-07	0.8673504520326878	0.9008547264903951	0.9158974619612025	0.94	1.0
B_naive	26	HSF2	AxisComposite	0.8406837606837606	7.635831365084317e-08	24	5.824192943172157e-07	0.8249572884331398	0.8899145552388988	0.9329914795416654	0.356	1.0
B_naive	26	LEF1	AxisComposite	0.8406837606837606	7.635831365084317e-08	118	5.824192943172157e-07	0.8680342127359063	0.9001709657871766	0.936410283057758	0.875	1.0
B_naive	26	SOX11	AxisComposite	0.8406837606837606	7.635831365084317e-08	12	5.824192943172157e-07	0.790769253272214	0.879692332725782	0.9446154114963802	0.201	1.0
B_naive	26	IKZF3	AxisComposite	0.84	8.008602042127855e-08	6	5.87801168752403e-07	0.7251282257632364	0.8591453235940656	0.9117948977418914	0.094	0.8904819277108433
B_naive	26	KDM5B	AxisComposite	0.84	8.008602042127855e-08	36	5.87801168752403e-07	0.8427350667168212	0.8974359229743025	0.9288889153223543	0.538	1.0
B_naive	26	KLF2	AxisComposite	0.84	8.008602042127855e-08	66	5.87801168752403e-07	0.8584615628908471	0.8994872050839581	0.9241025903998247	0.745	1.0
B_naive	26	MXD1	AxisComposite	0.84	8.008602042127855e-08	28	5.87801168752403e-07	0.834529938278199	0.8926837860869338	0.9247863511030432	0.455	1.0
B_naive	26	POU3F2	AxisComposite	0.84	8.008602042127855e-08	29	5.87801168752403e-07	0.835897459684636	0.895384640864647	0.9323077188384469	0.474	1.0
B_naive	26	CREBBP	AxisComposite	0.8393162393162392	8.397720450900756e-08	36	6.087043333044212e-07	0.8427350667168212	0.8974359229743025	0.9288889153223543	0.541	1.0
B_naive	26	E2F3	AxisComposite	0.8393162393162392	8.397720450900756e-08	68	6.087043333044212e-07	0.8611966057037211	0.898119683677521	0.9261538725094802	0.763	1.0
B_naive	26	ZIC1	AxisComposite	0.8393162393162392	8.397720450900756e-08	17	6.087043333044212e-07	0.8126495957752065	0.8892649825708412	0.9323077188384469	0.304	1.0
B_naive	26	ZKSCAN7	AxisComposite	0.8393162393162392	8.397720450900756e-08	14	6.087043333044212e-07	0.795897458546353	0.8830769482067137	0.9261538725094802	0.242	1.0
B_naive	26	FEZF2	AxisComposite	0.8386324786324786	8.80382165837698e-08	8	6.303104217991372e-07	0.7593162609241623	0.8653333579581931	0.9124786584451099	0.126	1.0
B_naive	26	TEAD1	AxisComposite	0.8386324786324786	8.80382165837698e-08	25	6.303104217991372e-07	0.8304273740588879	0.8940171194582099	0.9282051546191358	0.439	1.0
B_naive	26	SP7	AxisComposite	0.837948717948718	9.227562171988866e-08	45	6.566198204092078e-07	0.8495726737490064	0.9001709657871766	0.9275213939159173	0.635	1.0
B_naive	26	LITAF	AxisComposite	0.8365811965811965	1.013069803444403e-07	24	7.122002774816978e-07	0.8249572884331398	0.8899145552388988	0.9329914795416654	0.396	1.0
B_naive	26	ARID3A	AxisComposite	0.8358974358974358	1.0611519177246296e-07	7	7.338455039908993e-07	0.754871816353242	0.861230793738882	0.9432478900899431	0.143	1.0
B_naive	26	ASCL1	AxisComposite	0.8358974358974358	1.0611519177246296e-07	69	7.338455039908993e-07	0.8598290842972841	0.9029060086000507	0.9254701118062617	0.785	1.0
B_naive	26	PBX1	AxisComposite	0.8358974358974358	1.0611519177246296e-07	61	7.338455039908993e-07	0.85709404148441	0.9001709657871766	0.9357265223545395	0.766	1.0
B_naive	26	PITX1	AxisComposite	0.8358974358974358	1.0611519177246296e-07	39	7.338455039908993e-07	0.84786327199096	0.9001709657871766	0.9336752402448839	0.628	1.0
B_naive	26	BHLHE40	AxisComposite	0.8352136752136751	1.1112832509144289e-07	41	7.56190993479381e-07	0.8488889130457878	0.8947008801614285	0.936410283057758	0.636	1.0
B_naive	26	ESRRA	AxisComposite	0.8352136752136751	1.1112832509144289e-07	48	7.56190993479381e-07	0.8516239558586619	0.8974359229743025	0.9384615651674135	0.687	1.0
B_naive	26	MSX2	AxisComposite	0.8352136752136751	1.1112832509144289e-07	47	7.56190993479381e-07	0.8495726737490064	0.8994872050839581	0.9370940437609765	0.663	1.0
B_naive	26	PITX2	AxisComposite	0.8352136752136751	1.1112832509144289e-07	140	7.56190993479381e-07	0.8707692555487804	0.9022222478968321	0.9316239581352284	0.955	1.0
B_naive	26	HLF	AxisComposite	0.8338461538461538	1.2180053756324018e-07	18	8.099215232837681e-07	0.816068399291299	0.8837607089099322	0.9213675475869506	0.371	1.0
B_naive	26	MZF1	AxisComposite	0.8338461538461538	1.2180053756324018e-07	23	8.099215232837681e-07	0.8297436133556694	0.8919658373485544	0.9227350689933876	0.464	1.0
B_naive	26	NONO	AxisComposite	0.833162393162393	1.2747584698543132e-07	20	8.428572998980076e-07	0.8194872028073916	0.8865299397579671	0.9234188296966062	0.393	1.0
B_naive	26	TADA2A	AxisComposite	0.833162393162393	1.2747584698543132e-07	8	8.428572998980076e-07	0.7593162609241623	0.8653333579581931	0.9124786584451099	0.142	1.0
B_naive	26	MEF2D	AxisComposite	0.8324786324786325	1.333885529941251e-07	28	8.745193333940675e-07	0.834529938278199	0.8926837860869338	0.9247863511030432	0.523	1.0
B_naive	26	HOXA9	AxisComposite	0.8317948717948718	1.3954744304089752e-07	39	9.047325890484856e-07	0.84786327199096	0.9001709657871766	0.9336752402448839	0.675	1.0
B_naive	26	NR4A2	AxisComposite	0.8317948717948718	1.3954744304089752e-07	60	9.047325890484856e-07	0.85709404148441	0.9029401966352115	0.9254701118062617	0.781	1.0
B_naive	26	POU4F1	AxisComposite	0.8317948717948718	1.3954744304089752e-07	31	9.047325890484856e-07	0.8372649810910731	0.8926837860869338	0.9411966079802876	0.561	1.0
B_naive	26	SOX10	AxisComposite	0.8317948717948718	1.3954744304089752e-07	37	9.047325890484856e-07	0.8447863488264767	0.8988034443807396	0.9275213939159173	0.638	1.0
B_naive	26	MAX	AxisComposite	0.831111111111111	1.4596158679968148e-07	48	9.282679661865302e-07	0.8516239558586619	0.8974359229743025	0.9384615651674135	0.724	1.0
B_naive	26	PRDM2	AxisComposite	0.831111111111111	1.4596158679968148e-07	11	9.282679661865302e-07	0.7866666890529029	0.8803760934290005	0.9172649833676395	0.236	1.0
B_naive	26	SUPT20H	AxisComposite	0.831111111111111	1.4596158679968148e-07	5	9.282679661865302e-07	0.7035897636118531	0.8496410498193282	0.9186325047740765	0.097	0.8969882352941178
B_naive	26	TCF7L2	AxisComposite	0.831111111111111	1.4596158679968148e-07	116	9.282679661865302e-07	0.8673504520326878	0.9035897693032692	0.9350427616513209	0.939	1.0
B_naive	26	CRX	AxisComposite	0.8304273504273504	1.526403438058306e-07	31	9.564095636048554e-07	0.8372649810910731	0.8926837860869338	0.9411966079802876	0.565	1.0
B_naive	26	LYL1	AxisComposite	0.8304273504273504	1.526403438058306e-07	13	9.564095636048554e-07	0.7976068603043992	0.8851282303163692	0.9350427616513209	0.302	1.0
B_naive	26	NFYC	AxisComposite	0.8304273504273504	1.526403438058306e-07	23	9.564095636048554e-07	0.8297436133556694	0.8919658373485544	0.9227350689933876	0.497	1.0
B_naive	26	OTX2	AxisComposite	0.8304273504273504	1.526403438058306e-07	42	9.564095636048554e-07	0.8461538702329138	0.8947008801614285	0.9254701118062617	0.67	1.0
B_naive	26	TEF	AxisComposite	0.8297435897435896	1.5959337126130685e-07	16	9.919864940716117e-07	0.8064957494462398	0.8810256660970581	0.9295726760255728	0.363	1.0
B_naive	26	EGR2	AxisComposite	0.8290598290598289	1.6683063200860038e-07	73	1.0246913029159824e-06	0.8605128450005026	0.8994872050839581	0.9323077188384469	0.868	1.0
B_naive	26	RUNX1	AxisComposite	0.8290598290598289	1.6683063200860038e-07	193	1.0246913029159824e-06	0.8721367769552174	0.9035897693032692	0.9261538725094802	0.992	1.0
B_naive	26	SOX17	AxisComposite	0.8290598290598289	1.6683063200860038e-07	45	1.0246913029159824e-06	0.8495726737490064	0.9001709657871766	0.9275213939159173	0.713	1.0
B_naive	26	TCF3	AxisComposite	0.8290598290598289	1.6683063200860038e-07	127	1.0246913029159824e-06	0.8707692555487804	0.9049914787448671	0.9282051546191358	0.958	1.0
B_naive	26	GTF3A	AxisComposite	0.8283760683760684	1.7436240267608167e-07	26	1.0611782212411333e-06	0.8324786561685434	0.8912820766453359	0.9288889153223543	0.538	1.0
B_naive	26	NR2E1	AxisComposite	0.8283760683760684	1.7436240267608167e-07	16	1.0611782212411333e-06	0.8064957494462398	0.8810256660970581	0.9295726760255728	0.373	1.0
B_naive	26	SP2	AxisComposite	0.8283760683760684	1.7436240267608167e-07	23	1.0611782212411333e-06	0.8297436133556694	0.8919658373485544	0.9227350689933876	0.519	1.0
B_naive	26	UBTF	AxisComposite	0.8283760683760684	1.7436240267608167e-07	9	1.0611782212411333e-06	0.7675213893627845	0.8694017341423433	0.9117948977418914	0.211	1.0
B_naive	26	MYT1	AxisComposite	0.8276923076923076	1.8219928199744738e-07	9	1.1031209447004986e-06	0.7675213893627845	0.8694017341423433	0.9117948977418914	0.214	1.0
B_naive	26	ETV1	AxisComposite	0.827008547008547	1.9035219930794422e-07	22	1.1406470685102486e-06	0.8276923312460138	0.8926495980517729	0.939145325870632	0.509	1.0
B_naive	26	HEY2	AxisComposite	0.827008547008547	1.9035219930794422e-07	19	1.1406470685102486e-06	0.8194872028073916	0.8851282303163692	0.9234188296966062	0.43	1.0
B_naive	26	ING4	AxisComposite	0.827008547008547	1.9035219930794422e-07	15	1.1406470685102486e-06	0.8044444673365843	0.8817436148354375	0.939145325870632	0.357	1.0
B_naive	26	ATF3	AxisComposite	0.8263247863247863	1.9883242322014113e-07	108	1.1838644790709422e-06	0.8673504520326878	0.9042735300064877	0.9309401974320098	0.949	1.0
B_naive	26	BRD4	AxisComposite	0.8263247863247863	1.9883242322014113e-07	11	1.1838644790709422e-06	0.7866666890529029	0.8803760934290005	0.9172649833676395	0.269	1.0
B_naive	26	FOXC1	AxisComposite	0.8263247863247863	1.9883242322014113e-07	19	1.1838644790709422e-06	0.8194872028073916	0.8851282303163692	0.9234188296966062	0.435	1.0
B_naive	26	PGR	AxisComposite	0.8256410256410256	2.076515704819606e-07	130	1.2285393295434627e-06	0.8694017341423433	0.9035897693032692	0.9234188296966062	0.977	1.0
B_naive	26	OLIG2	AxisComposite	0.8249572649572647	2.1682161501975669e-07	19	1.2699163098020378e-06	0.8194872028073916	0.8851282303163692	0.9234188296966062	0.449	1.0
B_naive	26	BHLHE41	AxisComposite	0.8242735042735042	2.263548971692127e-07	27	1.3077037871112437e-06	0.833162416871762	0.896752162271084	0.9261538725094802	0.571	1.0
B_naive	26	DMAP1	AxisComposite	0.8242735042735042	2.263548971692127e-07	5	1.3077037871112437e-06	0.7035897636118531	0.8496410498193282	0.9186325047740765	0.115	0.9704948453608248
B_naive	26	HLX	AxisComposite	0.8242735042735042	2.263548971692127e-07	17	1.3077037871112437e-06	0.8126495957752065	0.8892649825708412	0.9323077188384469	0.419	1.0
B_naive	26	KLF6	AxisComposite	0.8242735042735042	2.263548971692127e-07	60	1.3077037871112437e-06	0.85709404148441	0.9029401966352115	0.9254701118062617	0.843	1.0
B_naive	26	NKX2-5	AxisComposite	0.8242735042735042	2.263548971692127e-07	72	1.3077037871112437e-06	0.8625641271101582	0.9008547264903951	0.9350427616513209	0.894	1.0
B_naive	26	PROX1	AxisComposite	0.8242735042735042	2.263548971692127e-07	34	1.3077037871112437e-06	0.8410256649587748	0.8960684015678655	0.9309401974320098	0.665	1.0
B_naive	26	KLF3	AxisComposite	0.8235897435897435	2.3626413309693203e-07	14	1.3565571627262961e-06	0.795897458546353	0.8830769482067137	0.9261538725094802	0.333	1.0
B_naive	26	NPM1	AxisComposite	0.8235897435897435	2.3626413309693203e-07	12	1.3565571627262961e-06	0.790769253272214	0.879692332725782	0.9446154114963802	0.309	1.0
B_naive	26	ZNF24	AxisComposite	0.8229059829059829	2.465624244154475e-07	5	1.4053155032616713e-06	0.7035897636118531	0.8496410498193282	0.9186325047740765	0.118	0.9704948453608248
B_naive	26	GATA5	AxisComposite	0.8222222222222222	2.572632679946375e-07	27	1.4451322924175305e-06	0.833162416871762	0.896752162271084	0.9261538725094802	0.588	1.0
B_naive	26	GATA6	AxisComposite	0.8222222222222222	2.572632679946375e-07	86	1.4451322924175305e-06	0.8625641271101582	0.9056410514129247	0.9343590009481024	0.927	1.0
B_naive	26	REST	AxisComposite	0.8222222222222222	2.572632679946375e-07	81	1.4451322924175305e-06	0.8611966057037211	0.9022222478968321	0.9405128472770691	0.93	1.0
B_naive	26	GLI3	AxisComposite	0.8215384615384614	2.6838056597229997e-07	43	1.486121568159782e-06	0.8461538702329138	0.8974359229743025	0.9295726760255728	0.746	1.0
B_naive	26	HR	AxisComposite	0.8215384615384614	2.6838056597229997e-07	92	1.486121568159782e-06	0.8652991699230322	0.9015726752287745	0.9316239581352284	0.959	1.0
B_naive	26	TBX21	AxisComposite	0.8215384615384614	2.6838056597229997e-07	52	1.486121568159782e-06	0.8567521611328008	0.90362395733843	0.9398290865738506	0.838	1.0
B_naive	26	PAX8	AxisComposite	0.8208547008547009	2.799286359668852e-07	33	1.5391129242560897e-06	0.8406837846071656	0.8933675467901523	0.9323077188384469	0.69	1.0
B_naive	26	RUNX3	AxisComposite	0.8208547008547009	2.799286359668852e-07	69	1.5391129242560897e-06	0.8598290842972841	0.9029060086000507	0.9254701118062617	0.892	1.0
B_naive	26	GABPA	AxisComposite	0.8201709401709402	2.9192222149527117e-07	48	1.593792900514533e-06	0.8516239558586619	0.8974359229743025	0.9384615651674135	0.812	1.0
B_naive	26	PATZ1	AxisComposite	0.8201709401709402	2.9192222149527117e-07	12	1.593792900514533e-06	0.790769253272214	0.879692332725782	0.9446154114963802	0.325	1.0
B_naive	26	E2F2	AxisComposite	0.8194871794871793	3.0437650259847e-07	50	1.6406807322513373e-06	0.8550427593747545	0.9022222478968321	0.939145325870632	0.821	1.0
B_naive	26	HMGA1	AxisComposite	0.8194871794871793	3.0437650259847e-07	72	1.6406807322513373e-06	0.8625641271101582	0.9008547264903951	0.9350427616513209	0.92	1.0
B_naive	26	SOX4	AxisComposite	0.8194871794871793	3.0437650259847e-07	23	1.6406807322513373e-06	0.8297436133556694	0.8919658373485544	0.9227350689933876	0.591	1.0
B_naive	26	GATA3	AxisComposite	0.8188034188034188	3.1730710667830426e-07	190	1.6793532584742904e-06	0.8735042983616544	0.9022222478968321	0.9302564367287913	0.998	1.0
B_naive	26	PAX3	AxisComposite	0.8188034188034188	3.1730710667830426e-07	114	1.6793532584742904e-06	0.8680342127359063	0.9029401966352115	0.9343590009481024	0.975	1.0
B_naive	26	MYF6	AxisComposite	0.818119658119658	3.3073011954803196e-07	13	1.7307715224778175e-06	0.7976068603043992	0.8851282303163692	0.9350427616513209	0.373	1.0
B_naive	26	NOTCH1	AxisComposite	0.818119658119658	3.3073011954803196e-07	67	1.7307715224778175e-06	0.8584615628908471	0.9015384871936136	0.9234188296966062	0.915	1.0
B_naive	26	ZNF148	AxisComposite	0.818119658119658	3.3073011954803196e-07	29	1.7307715224778175e-06	0.835897459684636	0.895384640864647	0.9323077188384469	0.642	1.0
B_naive	26	HDAC7	AxisComposite	0.8174358974358973	3.44662096699826e-07	13	1.7856633378410518e-06	0.7976068603043992	0.8851282303163692	0.9350427616513209	0.375	1.0
B_naive	26	HOXA1	AxisComposite	0.8174358974358973	3.44662096699826e-07	26	1.7856633378410518e-06	0.8324786561685434	0.8912820766453359	0.9288889153223543	0.629	1.0
B_naive	26	MNX1	AxisComposite	0.8174358974358973	3.44662096699826e-07	5	1.7856633378410518e-06	0.7035897636118531	0.8496410498193282	0.9186325047740765	0.137	1.0
B_naive	26	CDX2	AxisComposite	0.8167521367521368	3.5912007479224056e-07	77	1.8503007827043917e-06	0.8591453235940656	0.9015384871936136	0.9384615651674135	0.935	1.0
B_naive	26	BCL3	AxisComposite	0.816068376068376	3.7412158336066577e-07	28	1.9128144043018485e-06	0.834529938278199	0.8926837860869338	0.9247863511030432	0.662	1.0
B_naive	26	HOXB4	AxisComposite	0.816068376068376	3.7412158336066577e-07	10	1.9128144043018485e-06	0.7729914749885326	0.8700854948455619	0.9206837868837321	0.273	1.0
B_naive	26	NFYA	AxisComposite	0.816068376068376	3.7412158336066577e-07	92	1.9128144043018485e-06	0.8652991699230322	0.9015726752287745	0.9316239581352284	0.972	1.0
B_naive	26	GFI1	AxisComposite	0.8153846153846154	3.896846567537868e-07	54	1.9750792374882483e-06	0.855726520077973	0.8994872050839581	0.9302564367287913	0.871	1.0
B_naive	26	USF2	AxisComposite	0.8153846153846154	3.896846567537868e-07	114	1.9750792374882483e-06	0.8680342127359063	0.9029401966352115	0.9343590009481024	0.98	1.0
B_naive	26	E4F1	AxisComposite	0.8140170940170939	4.225702327012995e-07	9	2.1096875360958994e-06	0.7675213893627845	0.8694017341423433	0.9117948977418914	0.291	1.0
B_naive	26	ZBTB17	AxisComposite	0.8140170940170939	4.225702327012995e-07	43	2.1096875360958994e-06	0.8461538702329138	0.8974359229743025	0.9295726760255728	0.799	1.0
B_naive	26	PIN1	AxisComposite	0.8133333333333332	4.399314386742778e-07	6	2.1777305999273898e-06	0.7251282257632364	0.8591453235940656	0.9117948977418914	0.188	1.0
B_naive	26	ZNF160	AxisComposite	0.8133333333333332	4.399314386742778e-07	7	2.1777305999273898e-06	0.754871816353242	0.861230793738882	0.9432478900899431	0.239	1.0
B_naive	26	ARNT	AxisComposite	0.8126495726495726	4.5793164181395837e-07	68	2.2525025331797237e-06	0.8611966057037211	0.898119683677521	0.9261538725094802	0.923	1.0
B_naive	26	TRPS1	AxisComposite	0.8126495726495726	4.5793164181395837e-07	16	2.2525025331797237e-06	0.8064957494462398	0.8810256660970581	0.9295726760255728	0.47	1.0
B_naive	26	MYF5	AxisComposite	0.8119658119658119	4.7659158771095816e-07	27	2.3320016052775186e-06	0.833162416871762	0.896752162271084	0.9261538725094802	0.667	1.0
B_naive	26	FOSL1	AxisComposite	0.8112820512820512	4.959326033087666e-07	51	2.401466174528343e-06	0.8536752379683175	0.8988376324159004	0.9288889153223543	0.872	1.0
B_naive	26	IRF3	AxisComposite	0.8112820512820512	4.959326033087666e-07	82	2.401466174528343e-06	0.8632478878133767	0.9035897693032692	0.9268376332126987	0.963	1.0
B_naive	26	ZHX2	AxisComposite	0.8112820512820512	4.959326033087666e-07	10	2.401466174528343e-06	0.7729914749885326	0.8700854948455619	0.9206837868837321	0.296	1.0
B_naive	26	CXXC1	AxisComposite	0.8105982905982906	5.159766105098348e-07	21	2.470337249087086e-06	0.8235897670267027	0.8851624183515301	0.9275213939159173	0.603	1.0
B_naive	26	FHL2	AxisComposite	0.8105982905982906	5.159766105098348e-07	7	2.470337249087086e-06	0.754871816353242	0.861230793738882	0.9432478900899431	0.251	1.0
B_naive	26	IRF1	AxisComposite	0.8105982905982906	5.159766105098348e-07	165	2.470337249087086e-06	0.8707692555487804	0.902256435931993	0.9241025903998247	0.998	1.0
B_naive	26	NFATC2	AxisComposite	0.8105982905982906	5.159766105098348e-07	93	2.470337249087086e-06	0.8652991699230322	0.9008547264903951	0.9241025903998247	0.97	1.0
B_naive	26	PEG3	AxisComposite	0.8105982905982906	5.159766105098348e-07	8	2.470337249087086e-06	0.7593162609241623	0.8653333579581931	0.9124786584451099	0.256	1.0
B_naive	26	POU2F3	AxisComposite	0.8105982905982906	5.159766105098348e-07	9	2.470337249087086e-06	0.7675213893627845	0.8694017341423433	0.9117948977418914	0.311	1.0
B_naive	26	ID2	AxisComposite	0.8099145299145298	5.36746140032812e-07	64	2.5592757729041535e-06	0.8584615628908471	0.9015384871936136	0.9295726760255728	0.921	1.0
B_naive	26	GSC	AxisComposite	0.8085470085470086	5.80555017927817e-07	14	2.7374048724111614e-06	0.795897458546353	0.8830769482067137	0.9261538725094802	0.433	1.0
B_naive	26	HOXD1	AxisComposite	0.8085470085470086	5.80555017927817e-07	6	2.7374048724111614e-06	0.7251282257632364	0.8591453235940656	0.9117948977418914	0.206	1.0
B_naive	26	TWIST2	AxisComposite	0.8085470085470086	5.80555017927817e-07	34	2.7374048724111614e-06	0.8410256649587748	0.8960684015678655	0.9309401974320098	0.778	1.0
B_naive	26	AHRR	AxisComposite	0.8078632478632478	6.036426001148585e-07	5	2.8121792987386818e-06	0.7035897636118531	0.8496410498193282	0.9186325047740765	0.169	1.0
B_naive	26	JARID2	AxisComposite	0.8078632478632478	6.036426001148585e-07	16	2.8121792987386818e-06	0.8064957494462398	0.8810256660970581	0.9295726760255728	0.493	1.0
B_naive	26	KLF1	AxisComposite	0.8078632478632478	6.036426001148585e-07	28	2.8121792987386818e-06	0.834529938278199	0.8926837860869338	0.9247863511030432	0.717	1.0
B_naive	26	MEF2B	AxisComposite	0.8071794871794871	6.275522017785493e-07	7	2.909050325622908e-06	0.754871816353242	0.861230793738882	0.9432478900899431	0.264	1.0
B_naive	26	KDM2A	AxisComposite	0.8064957264957264	6.523096145960036e-07	10	3.002940119264443e-06	0.7729914749885326	0.8700854948455619	0.9206837868837321	0.322	1.0
B_naive	26	NFIB	AxisComposite	0.8064957264957264	6.523096145960036e-07	26	3.002940119264443e-06	0.8324786561685434	0.8912820766453359	0.9288889153223543	0.695	1.0
B_naive	26	PURA	AxisComposite	0.8058119658119658	6.779413276609926e-07	20	3.096506964306765e-06	0.8194872028073916	0.8865299397579671	0.9234188296966062	0.61	1.0
B_naive	26	ZBED1	AxisComposite	0.805128205128205	7.044745431908278e-07	20	3.2020322956327014e-06	0.8194872028073916	0.8865299397579671	0.9234188296966062	0.612	1.0
B_naive	26	KMT2B	AxisComposite	0.8044444444444444	7.319371925106236e-07	15	3.3075341864855674e-06	0.8044444673365843	0.8817436148354375	0.939145325870632	0.502	1.0
B_naive	26	SALL4	AxisComposite	0.8044444444444444	7.319371925106236e-07	20	3.3075341864855674e-06	0.8194872028073916	0.8865299397579671	0.9234188296966062	0.616	1.0
B_naive	26	FOXA2	AxisComposite	0.8023931623931623	8.201923366389125e-07	134	3.6602847298570206e-06	0.8687179734391248	0.9035897693032692	0.9302564367287913	0.997	1.0
B_naive	26	ZBTB32	AxisComposite	0.8023931623931623	8.201923366389125e-07	5	3.6602847298570206e-06	0.7035897636118531	0.8496410498193282	0.9186325047740765	0.193	1.0
B_naive	26	ARID3B	AxisComposite	0.8017094017094016	8.516671917973535e-07	6	3.789878409256479e-06	0.7251282257632364	0.8591453235940656	0.9117948977418914	0.235	1.0
B_naive	26	HES5	AxisComposite	0.8017094017094016	8.516671917973535e-07	7	3.789878409256479e-06	0.754871816353242	0.861230793738882	0.9432478900899431	0.299	1.0
B_naive	26	TET1	AxisComposite	0.8017094017094016	8.516671917973535e-07	15	3.789878409256479e-06	0.8044444673365843	0.8817436148354375	0.939145325870632	0.515	1.0
B_naive	26	NFX1	AxisComposite	0.7996581196581196	9.527068747192885e-07	5	4.199467130490688e-06	0.7035897636118531	0.8496410498193282	0.9186325047740765	0.206	1.0
B_naive	26	NUPR1	AxisComposite	0.7989743589743589	9.887035153502194e-07	6	4.329519708869442e-06	0.7251282257632364	0.8591453235940656	0.9117948977418914	0.246	1.0
B_naive	26	ERG	AxisComposite	0.7982905982905983	1.0259165606413714e-06	57	4.459011643458028e-06	0.855726520077973	0.902256435931993	0.9323077188384469	0.932	1.0
B_naive	26	ESRRB	AxisComposite	0.7982905982905983	1.0259165606413714e-06	11	4.459011643458028e-06	0.7866666890529029	0.8803760934290005	0.9172649833676395	0.445	1.0
B_naive	26	LMX1B	AxisComposite	0.7982905982905983	1.0259165606413714e-06	23	4.459011643458028e-06	0.8297436133556694	0.8919658373485544	0.9227350689933876	0.725	1.0
B_naive	26	SOX2	AxisComposite	0.7982905982905983	1.0259165606413714e-06	88	4.459011643458028e-06	0.8646154092198137	0.90362395733843	0.9357265223545395	0.988	1.0
B_naive	26	TBX5	AxisComposite	0.7969230769230767	1.1041374494050416e-06	25	4.745960970370842e-06	0.8304273740588879	0.8940171194582099	0.9282051546191358	0.724	1.0
B_naive	26	HCFC1	AxisComposite	0.7962393162393162	1.145220415097343e-06	8	4.904485227224217e-06	0.7593162609241623	0.8653333579581931	0.9124786584451099	0.335	1.0
B_naive	26	MBD1	AxisComposite	0.7955555555555555	1.187670069369975e-06	17	5.063053775177208e-06	0.8126495957752065	0.8892649825708412	0.9323077188384469	0.607	1.0
B_naive	26	NR6A1	AxisComposite	0.7955555555555555	1.187670069369975e-06	14	5.063053775177208e-06	0.795897458546353	0.8830769482067137	0.9261538725094802	0.506	1.0
B_naive	26	GTF2I	AxisComposite	0.7948717948717947	1.2315263928505196e-06	22	5.207214856726653e-06	0.8276923312460138	0.8926495980517729	0.939145325870632	0.729	1.0
B_naive	26	HDAC5	AxisComposite	0.7948717948717947	1.2315263928505196e-06	10	5.207214856726653e-06	0.7729914749885326	0.8700854948455619	0.9206837868837321	0.395	1.0
B_naive	26	ELF2	AxisComposite	0.7935042735042734	1.323624013231549e-06	11	5.5513718722056346e-06	0.7866666890529029	0.8803760934290005	0.9172649833676395	0.472	1.0
B_naive	26	ZFP42	AxisComposite	0.7928205128205127	1.3719503776751977e-06	18	5.718093181239128e-06	0.816068399291299	0.8837607089099322	0.9213675475869506	0.637	1.0
B_naive	26	MAF	AxisComposite	0.7921367521367522	1.4218535892024847e-06	64	5.873639428670087e-06	0.8584615628908471	0.9015384871936136	0.9295726760255728	0.967	1.0
B_naive	26	MAFG	AxisComposite	0.7921367521367522	1.4218535892024847e-06	8	5.873639428670087e-06	0.7593162609241623	0.8653333579581931	0.9124786584451099	0.348	1.0
B_naive	26	MEIS1	AxisComposite	0.7921367521367522	1.4218535892024847e-06	24	5.873639428670087e-06	0.8249572884331398	0.8899145552388988	0.9329914795416654	0.734	1.0
B_naive	26	MSC	AxisComposite	0.7921367521367522	1.4218535892024847e-06	29	5.873639428670087e-06	0.835897459684636	0.895384640864647	0.9323077188384469	0.805	1.0
B_naive	26	HNF1A	AxisComposite	0.7914529914529914	1.4733788631044072e-06	151	6.059676240503412e-06	0.8700854948455619	0.9035897693032692	0.9282051546191358	1.0	1.0
B_naive	26	MTA3	AxisComposite	0.7907692307692307	1.5265725269921547e-06	12	6.239965460594902e-06	0.790769253272214	0.879692332725782	0.9446154114963802	0.502	1.0
B_naive	26	MAFB	AxisComposite	0.7894017094017093	1.6381560327565768e-06	46	6.64371186872954e-06	0.8502564344522249	0.898119683677521	0.9309401974320098	0.931	1.0
B_naive	26	KAT2B	AxisComposite	0.7887179487179486	1.6966442966778927e-06	15	6.839322605261142e-06	0.8044444673365843	0.8817436148354375	0.939145325870632	0.578	1.0
B_naive	26	PBRM1	AxisComposite	0.7887179487179486	1.6966442966778927e-06	9	6.839322605261142e-06	0.7675213893627845	0.8694017341423433	0.9117948977418914	0.422	1.0
B_naive	26	SMAD1	AxisComposite	0.7887179487179486	1.6966442966778927e-06	74	6.839322605261142e-06	0.8605128450005026	0.8988034443807396	0.9357265223545395	0.984	1.0
B_naive	26	FOSB	AxisComposite	0.788034188034188	1.7569978416693987e-06	38	7.04610474648862e-06	0.8451282291780859	0.8954188288998078	0.9247863511030432	0.882	1.0
B_naive	26	SMAD5	AxisComposite	0.788034188034188	1.7569978416693987e-06	35	7.04610474648862e-06	0.8413675453103842	0.8967863503062449	0.9295726760255728	0.869	1.0
B_naive	26	MESP2	AxisComposite	0.7873504273504273	1.8192689031571128e-06	8	7.2522179674956475e-06	0.7593162609241623	0.8653333579581931	0.9124786584451099	0.369	1.0
B_naive	26	MYOG	AxisComposite	0.7873504273504273	1.8192689031571128e-06	64	7.2522179674956475e-06	0.8584615628908471	0.9015384871936136	0.9295726760255728	0.976	1.0
B_naive	26	VEZF1	AxisComposite	0.7873504273504273	1.8192689031571128e-06	7	7.2522179674956475e-06	0.754871816353242	0.861230793738882	0.9432478900899431	0.37	1.0
B_naive	26	ZBTB16	AxisComposite	0.7873504273504273	1.8192689031571128e-06	50	7.2522179674956475e-06	0.8550427593747545	0.9022222478968321	0.939145325870632	0.948	1.0
B_naive	26	TFAP4	AxisComposite	0.7866666666666666	1.8835109699013974e-06	36	7.463692026740002e-06	0.8427350667168212	0.8974359229743025	0.9288889153223543	0.879	1.0
B_naive	26	NKX2-2	AxisComposite	0.785982905982906	1.9497788087805702e-06	26	7.68064766193055e-06	0.8324786561685434	0.8912820766453359	0.9288889153223543	0.796	1.0
B_naive	26	RARB	AxisComposite	0.785982905982906	1.9497788087805702e-06	53	7.68064766193055e-06	0.8564102807811915	0.9001709657871766	0.9357265223545395	0.955	1.0
B_naive	26	IRF8	AxisComposite	0.7852991452991451	2.018128489950072e-06	68	7.909843653305573e-06	0.8611966057037211	0.898119683677521	0.9261538725094802	0.978	1.0
B_naive	26	PKNOX1	AxisComposite	0.7852991452991451	2.018128489950072e-06	20	7.909843653305573e-06	0.8194872028073916	0.8865299397579671	0.9234188296966062	0.716	1.0
B_naive	26	ZNF76	AxisComposite	0.7852991452991451	2.018128489950072e-06	7	7.909843653305573e-06	0.754871816353242	0.861230793738882	0.9432478900899431	0.382	1.0
B_naive	26	PLAGL1	AxisComposite	0.7846153846153845	2.08861741238098e-06	19	8.165549481569863e-06	0.8194872028073916	0.8851282303163692	0.9234188296966062	0.718	1.0
B_naive	26	TBX3	AxisComposite	0.7846153846153845	2.08861741238098e-06	23	8.165549481569863e-06	0.8297436133556694	0.8919658373485544	0.9227350689933876	0.799	1.0
B_naive	26	CDX1	AxisComposite	0.7839316239316239	2.1613043297814814e-06	43	8.407473842849963e-06	0.8461538702329138	0.8974359229743025	0.9295726760255728	0.923	1.0
B_naive	26	GFI1B	AxisComposite	0.7839316239316239	2.1613043297814814e-06	12	8.407473842849963e-06	0.790769253272214	0.879692332725782	0.9446154114963802	0.538	1.0
B_naive	26	BACH1	AxisComposite	0.7832478632478632	2.236249376904914e-06	16	8.677316784199616e-06	0.8064957494462398	0.8810256660970581	0.9295726760255728	0.633	1.0
B_naive	26	DLX4	AxisComposite	0.7832478632478632	2.236249376904914e-06	42	8.677316784199616e-06	0.8461538702329138	0.8947008801614285	0.9254701118062617	0.929	1.0
B_naive	26	BCLAF1	AxisComposite	0.7825641025641025	2.3135140962479255e-06	7	8.910465182578643e-06	0.754871816353242	0.861230793738882	0.9432478900899431	0.389	1.0
B_naive	26	ETV6	AxisComposite	0.7825641025641025	2.3135140962479255e-06	27	8.910465182578643e-06	0.833162416871762	0.896752162271084	0.9261538725094802	0.829	1.0
B_naive	26	TFDP1	AxisComposite	0.7818803418803418	2.3931614651425286e-06	31	9.171820787590576e-06	0.8372649810910731	0.8926837860869338	0.9411966079802876	0.871	1.0
B_naive	26	BCOR	AxisComposite	0.7811965811965812	2.475255923245621e-06	7	9.455396603691129e-06	0.754871816353242	0.861230793738882	0.9432478900899431	0.393	1.0
B_naive	26	ELF4	AxisComposite	0.7811965811965812	2.475255923245621e-06	50	9.455396603691129e-06	0.8550427593747545	0.9022222478968321	0.939145325870632	0.959	1.0
B_naive	26	PHF20	AxisComposite	0.7805128205128204	2.5598634004296194e-06	10	9.746690337035452e-06	0.7729914749885326	0.8700854948455619	0.9206837868837321	0.474	1.0
B_naive	26	RUNX2	AxisComposite	0.7805128205128204	2.5598634004296194e-06	127	9.746690337035452e-06	0.8707692555487804	0.9049914787448671	0.9282051546191358	0.999	1.0
B_naive	26	RORB	AxisComposite	0.7791452991452991	2.736888752787867e-06	5	1.0311377480237098e-05	0.7035897636118531	0.8496410498193282	0.9186325047740765	0.291	1.0
B_naive	26	SATB2	AxisComposite	0.7791452991452991	2.736888752787867e-06	32	1.0311377480237098e-05	0.8406837846071656	0.896752162271084	0.9282051546191358	0.894	1.0
B_naive	26	MYBL1	AxisComposite	0.7784615384615383	2.8294461954881637e-06	12	1.0617246656381631e-05	0.790769253272214	0.879692332725782	0.9446154114963802	0.561	1.0
B_naive	26	HOXA5	AxisComposite	0.7777777777777777	2.924795850968619e-06	16	1.0931102507863501e-05	0.8064957494462398	0.8810256660970581	0.9295726760255728	0.653	1.0
B_naive	26	HMGA2	AxisComposite	0.7757264957264958	3.228344591847369e-06	42	1.1931838919036832e-05	0.8461538702329138	0.8947008801614285	0.9254701118062617	0.943	1.0
B_naive	26	POU2F2	AxisComposite	0.7757264957264958	3.228344591847369e-06	48	1.1931838919036832e-05	0.8516239558586619	0.8974359229743025	0.9384615651674135	0.97	1.0
B_naive	26	TFAM	AxisComposite	0.7757264957264958	3.228344591847369e-06	14	1.1931838919036832e-05	0.795897458546353	0.8830769482067137	0.9261538725094802	0.615	1.0
B_naive	26	DBP	AxisComposite	0.775042735042735	3.3356180507669523e-06	35	1.2289396259652827e-05	0.8413675453103842	0.8967863503062449	0.9295726760255728	0.917	1.0
B_naive	26	NFYB	AxisComposite	0.7743589743589743	3.4460697624981965e-06	40	1.2616669530463984e-05	0.8441025881232582	0.898119683677521	0.9473504543092542	0.942	1.0
B_naive	26	DAXX	AxisComposite	0.7736752136752136	3.5597821838970664e-06	5	1.2941638033046344e-05	0.7035897636118531	0.8496410498193282	0.9186325047740765	0.313	1.0
B_naive	26	FOXF2	AxisComposite	0.7736752136752136	3.5597821838970664e-06	13	1.2941638033046344e-05	0.7976068603043992	0.8851282303163692	0.9350427616513209	0.631	1.0
B_naive	26	KLF11	AxisComposite	0.7736752136752136	3.5597821838970664e-06	27	1.2941638033046344e-05	0.833162416871762	0.896752162271084	0.9261538725094802	0.866	1.0
B_naive	26	MEOX2	AxisComposite	0.7736752136752136	3.5597821838970664e-06	7	1.2941638033046344e-05	0.754871816353242	0.861230793738882	0.9432478900899431	0.42	1.0
B_naive	26	ZEB2	AxisComposite	0.7736752136752136	3.5597821838970664e-06	29	1.2941638033046344e-05	0.835897459684636	0.895384640864647	0.9323077188384469	0.874	1.0
B_naive	26	ZNF410	AxisComposite	0.7736752136752136	3.5597821838970664e-06	6	1.2941638033046344e-05	0.7251282257632364	0.8591453235940656	0.9117948977418914	0.337	1.0
B_naive	26	HSF4	AxisComposite	0.7729914529914529	3.6768395963452965e-06	11	1.328443284499988e-05	0.7866666890529029	0.8803760934290005	0.9172649833676395	0.559	1.0
B_naive	26	SMARCA1	AxisComposite	0.7729914529914529	3.6768395963452965e-06	52	1.328443284499988e-05	0.8567521611328008	0.90362395733843	0.9398290865738506	0.973	1.0
B_naive	26	TGFB1I1	AxisComposite	0.7723076923076921	3.7973281387377016e-06	12	1.3698553131087782e-05	0.790769253272214	0.879692332725782	0.9446154114963802	0.59	1.0
B_naive	26	VSX2	AxisComposite	0.7709401709401709	4.048952657567029e-06	30	1.4516521509618196e-05	0.8400000239039471	0.8933333587549914	0.9220513082901691	0.884	1.0
B_naive	26	STAT2	AxisComposite	0.7702564102564102	4.18027050254489e-06	49	1.4941426267901642e-05	0.8523077165618804	0.8995213931191189	0.939145325870632	0.975	1.0
B_naive	26	PAWR	AxisComposite	0.7695726495726496	4.315383283694357e-06	6	1.5389006240095688e-05	0.7251282257632364	0.8591453235940656	0.9117948977418914	0.355	1.0
B_naive	26	CEBPZ	AxisComposite	0.7688888888888888	4.454386938105327e-06	19	1.5776235377143906e-05	0.8194872028073916	0.8851282303163692	0.9234188296966062	0.785	1.0
B_naive	26	GTF2IRD1	AxisComposite	0.768205128205128	4.59737946784621e-06	6	1.6184439936580776e-05	0.7251282257632364	0.8591453235940656	0.9117948977418914	0.36	1.0
B_naive	26	NEUROG3	AxisComposite	0.768205128205128	4.59737946784621e-06	35	1.6184439936580776e-05	0.8413675453103842	0.8967863503062449	0.9295726760255728	0.934	1.0
B_naive	26	ARID4A	AxisComposite	0.7661538461538462	5.0513020679498765e-06	5	1.7544254503861623e-05	0.7035897636118531	0.8496410498193282	0.9186325047740765	0.338	1.0
B_naive	26	ARID4B	AxisComposite	0.7661538461538462	5.0513020679498765e-06	12	1.7544254503861623e-05	0.790769253272214	0.879692332725782	0.9446154114963802	0.616	1.0
B_naive	26	E2F7	AxisComposite	0.7661538461538462	5.0513020679498765e-06	7	1.7544254503861623e-05	0.754871816353242	0.861230793738882	0.9432478900899431	0.455	1.0
B_naive	26	FOXA3	AxisComposite	0.7661538461538462	5.0513020679498765e-06	14	1.7544254503861623e-05	0.795897458546353	0.8830769482067137	0.9261538725094802	0.665	1.0
B_naive	26	ZBTB38	AxisComposite	0.7634188034188034	5.71869844928463e-06	5	1.9715571906396345e-05	0.7035897636118531	0.8496410498193282	0.9186325047740765	0.344	1.0
B_naive	26	SFPQ	AxisComposite	0.7627350427350426	5.8973900202538095e-06	29	2.0197370957112826e-05	0.835897459684636	0.895384640864647	0.9323077188384469	0.903	1.0
B_naive	26	TFE3	AxisComposite	0.7627350427350426	5.8973900202538095e-06	36	2.0197370957112826e-05	0.8427350667168212	0.8974359229743025	0.9288889153223543	0.929	1.0
B_naive	26	HIPK2	AxisComposite	0.762051282051282	6.081051540236911e-06	9	2.0704849445533116e-05	0.7675213893627845	0.8694017341423433	0.9117948977418914	0.525	1.0
B_naive	26	NR4A3	AxisComposite	0.762051282051282	6.081051540236911e-06	40	2.0704849445533116e-05	0.8441025881232582	0.898119683677521	0.9473504543092542	0.957	1.0
B_naive	26	KLF10	AxisComposite	0.7613675213675213	6.269803731424257e-06	29	2.130090525348503e-05	0.835897459684636	0.895384640864647	0.9323077188384469	0.909	1.0
B_naive	26	ETV2	AxisComposite	0.7606837606837605	6.463769805815214e-06	8	2.1864403951844508e-05	0.7593162609241623	0.8653333579581931	0.9124786584451099	0.495	1.0
B_naive	26	ID4	AxisComposite	0.7606837606837605	6.463769805815214e-06	14	2.1864403951844508e-05	0.795897458546353	0.8830769482067137	0.9261538725094802	0.684	1.0
B_naive	26	NEUROD2	AxisComposite	0.7593162393162393	6.867849151374753e-06	12	2.3097348586900104e-05	0.790769253272214	0.879692332725782	0.9446154114963802	0.647	1.0
B_naive	26	NFE2L1	AxisComposite	0.7586324786324786	7.078221672567577e-06	8	2.3736450264041273e-05	0.7593162609241623	0.8653333579581931	0.9124786584451099	0.504	1.0
B_naive	26	ZNF362	AxisComposite	0.7586324786324786	7.078221672567577e-06	22	2.3736450264041273e-05	0.8276923312460138	0.8926495980517729	0.939145325870632	0.867	1.0
B_naive	26	ARID5B	AxisComposite	0.757948717948718	7.2943266627885175e-06	9	2.4321369187069143e-05	0.7675213893627845	0.8694017341423433	0.9117948977418914	0.539	1.0
B_naive	26	FOXP1	AxisComposite	0.757948717948718	7.2943266627885175e-06	32	2.4321369187069143e-05	0.8406837846071656	0.896752162271084	0.9282051546191358	0.94	1.0
B_naive	26	ZGLP1	AxisComposite	0.757948717948718	7.2943266627885175e-06	26	2.4321369187069143e-05	0.8324786561685434	0.8912820766453359	0.9288889153223543	0.888	1.0
B_naive	26	IRF2	AxisComposite	0.7572649572649572	7.516300417397862e-06	59	2.4936809060705912e-05	0.8550427593747545	0.9022222478968321	0.9329914795416654	0.995	1.0
B_naive	26	GRHL3	AxisComposite	0.7558974358974359	7.978413181771184e-06	29	2.6320305818026775e-05	0.835897459684636	0.895384640864647	0.9323077188384469	0.92	1.0
B_naive	26	HOXB7	AxisComposite	0.7558974358974359	7.978413181771184e-06	23	2.6320305818026775e-05	0.8297436133556694	0.8919658373485544	0.9227350689933876	0.885	1.0
B_naive	26	KLF8	AxisComposite	0.7558974358974359	7.978413181771184e-06	21	2.6320305818026775e-05	0.8235897670267027	0.8851624183515301	0.9275213939159173	0.836	1.0
B_naive	26	BATF	AxisComposite	0.7552136752136751	8.218838697506625e-06	16	2.6961025326746957e-05	0.8064957494462398	0.8810256660970581	0.9295726760255728	0.741	1.0
B_naive	26	BHLHA15	AxisComposite	0.7552136752136751	8.218838697506625e-06	20	2.6961025326746957e-05	0.8194872028073916	0.8865299397579671	0.9234188296966062	0.826	1.0
B_naive	26	PAX4	AxisComposite	0.7552136752136751	8.218838697506625e-06	9	2.6961025326746957e-05	0.7675213893627845	0.8694017341423433	0.9117948977418914	0.55	1.0
B_naive	26	SMAD6	AxisComposite	0.7552136752136751	8.218838697506625e-06	24	2.6961025326746957e-05	0.8249572884331398	0.8899145552388988	0.9329914795416654	0.861	1.0
B_naive	26	SF1	AxisComposite	0.7545299145299145	8.465706080619246e-06	12	2.7654244915556785e-05	0.790769253272214	0.879692332725782	0.9446154114963802	0.672	1.0
B_naive	26	IKZF2	AxisComposite	0.7538461538461538	8.719165814865052e-06	5	2.8363112211700394e-05	0.7035897636118531	0.8496410498193282	0.9186325047740765	0.384	1.0
B_naive	26	SOX6	AxisComposite	0.7538461538461538	8.719165814865052e-06	24	2.8363112211700394e-05	0.8249572884331398	0.8899145552388988	0.9329914795416654	0.863	1.0
B_naive	26	SPIB	AxisComposite	0.7531623931623931	8.979371360134841e-06	17	2.914861301050726e-05	0.8126495957752065	0.8892649825708412	0.9323077188384469	0.795	1.0
B_naive	26	YAP1	AxisComposite	0.7531623931623931	8.979371360134841e-06	9	2.914861301050726e-05	0.7675213893627845	0.8694017341423433	0.9117948977418914	0.559	1.0
B_naive	26	EGR3	AxisComposite	0.7524786324786324	9.246479199870456e-06	32	2.978782947204644e-05	0.8406837846071656	0.896752162271084	0.9282051546191358	0.95	1.0
B_naive	26	HDGF	AxisComposite	0.7524786324786324	9.246479199870456e-06	7	2.978782947204644e-05	0.754871816353242	0.861230793738882	0.9432478900899431	0.509	1.0
B_naive	26	TFAP2D	AxisComposite	0.7524786324786324	9.246479199870456e-06	9	2.978782947204644e-05	0.7675213893627845	0.8694017341423433	0.9117948977418914	0.562	1.0
B_naive	26	MTF1	AxisComposite	0.7517948717948718	9.520648889029205e-06	32	3.0586640752916954e-05	0.8406837846071656	0.896752162271084	0.9282051546191358	0.951	1.0
B_naive	26	POU2AF1	AxisComposite	0.7517948717948718	9.520648889029205e-06	5	3.0586640752916954e-05	0.7035897636118531	0.8496410498193282	0.9186325047740765	0.392	1.0
B_naive	26	FOXH1	AxisComposite	0.7504273504273503	1.0090827684673456e-05	13	3.224091966602032e-05	0.7976068603043992	0.8851282303163692	0.9350427616513209	0.705	1.0
B_naive	26	PA2G4	AxisComposite	0.7504273504273503	1.0090827684673456e-05	5	3.224091966602032e-05	0.7035897636118531	0.8496410498193282	0.9186325047740765	0.398	1.0
B_naive	26	IKZF4	AxisComposite	0.7497435897435897	1.0387171698070945e-05	7	3.314239062651755e-05	0.754871816353242	0.861230793738882	0.9432478900899431	0.516	1.0
B_naive	26	JDP2	AxisComposite	0.749059829059829	1.0691247474533579e-05	33	3.4089305472078376e-05	0.8406837846071656	0.8933675467901523	0.9323077188384469	0.955	1.0
B_naive	26	HMGB2	AxisComposite	0.7476923076923077	1.132330029330546e-05	9	3.588402292542423e-05	0.7675213893627845	0.8694017341423433	0.9117948977418914	0.576	1.0
B_naive	26	ARID1A	AxisComposite	0.747008547008547	1.1651638803315428e-05	8	3.665084227350163e-05	0.7593162609241623	0.8653333579581931	0.9124786584451099	0.547	1.0
B_naive	26	IKZF1	AxisComposite	0.747008547008547	1.1651638803315428e-05	52	3.665084227350163e-05	0.8567521611328008	0.90362395733843	0.9398290865738506	0.989	1.0
B_naive	26	MEIS2	AxisComposite	0.747008547008547	1.1651638803315428e-05	9	3.665084227350163e-05	0.7675213893627845	0.8694017341423433	0.9117948977418914	0.577	1.0
B_naive	26	PAX7	AxisComposite	0.747008547008547	1.1651638803315428e-05	18	3.665084227350163e-05	0.816068399291299	0.8837607089099322	0.9213675475869506	0.824	1.0
B_naive	26	RARG	AxisComposite	0.747008547008547	1.1651638803315428e-05	40	3.665084227350163e-05	0.8441025881232582	0.898119683677521	0.9473504543092542	0.966	1.0
B_naive	26	KLF7	AxisComposite	0.7435897435897435	1.3423996432176836e-05	10	4.1636687937143834e-05	0.7729914749885326	0.8700854948455619	0.9206837868837321	0.618	1.0
B_naive	26	NFE2	AxisComposite	0.7429059829059829	1.3805977951239298e-05	22	4.273627657585215e-05	0.8276923312460138	0.8926495980517729	0.939145325870632	0.896	1.0
B_naive	26	EN1	AxisComposite	0.7408547008547008	1.5010651407411214e-05	11	4.6098500506444434e-05	0.7866666890529029	0.8803760934290005	0.9172649833676395	0.681	1.0
B_naive	26	TBR1	AxisComposite	0.7408547008547008	1.5010651407411214e-05	6	4.6098500506444434e-05	0.7251282257632364	0.8591453235940656	0.9117948977418914	0.455	1.0
B_naive	26	ZNF354C	AxisComposite	0.7408547008547008	1.5010651407411214e-05	28	4.6098500506444434e-05	0.834529938278199	0.8926837860869338	0.9247863511030432	0.933	1.0
B_naive	26	TTF1	AxisComposite	0.7401709401709401	1.5432504523170943e-05	59	4.7145897326022226e-05	0.8550427593747545	0.9022222478968321	0.9329914795416654	0.997	1.0
B_naive	26	STAT4	AxisComposite	0.7394871794871795	1.586487475011906e-05	31	4.83402319409633e-05	0.8372649810910731	0.8926837860869338	0.9411966079802876	0.955	1.0
B_naive	26	SALL2	AxisComposite	0.7374358974358974	1.7227386701334836e-05	5	5.215138853555838e-05	0.7035897636118531	0.8496410498193282	0.9186325047740765	0.428	1.0
B_naive	26	TFAP2C	AxisComposite	0.7374358974358974	1.7227386701334836e-05	33	5.215138853555838e-05	0.8406837846071656	0.8933675467901523	0.9323077188384469	0.962	1.0
B_naive	26	NRL	AxisComposite	0.7367521367521367	1.7704144971026877e-05	18	5.345598235753782e-05	0.816068399291299	0.8837607089099322	0.9213675475869506	0.843	1.0
B_naive	26	LMO2	AxisComposite	0.7360683760683759	1.8192601358418314e-05	29	5.482444360303208e-05	0.835897459684636	0.895384640864647	0.9323077188384469	0.951	1.0
B_naive	26	NSD2	AxisComposite	0.7360683760683759	1.8192601358418314e-05	8	5.482444360303208e-05	0.7593162609241623	0.8653333579581931	0.9124786584451099	0.574	1.0
B_naive	26	PROP1	AxisComposite	0.7360683760683759	1.8192601358418314e-05	12	5.482444360303208e-05	0.790769253272214	0.879692332725782	0.9446154114963802	0.726	1.0
B_naive	26	RXRB	AxisComposite	0.7353846153846154	1.8693005003810143e-05	15	5.61511887759239e-05	0.8044444673365843	0.8817436148354375	0.939145325870632	0.786	1.0
B_naive	26	DLX3	AxisComposite	0.7347008547008547	1.9205609505225198e-05	20	5.746909305794309e-05	0.8194872028073916	0.8865299397579671	0.9234188296966062	0.87	1.0
B_naive	26	HIVEP3	AxisComposite	0.7347008547008547	1.9205609505225198e-05	6	5.746909305794309e-05	0.7251282257632364	0.8591453235940656	0.9117948977418914	0.472	1.0
B_naive	26	MKX	AxisComposite	0.7340170940170939	1.9730672981671857e-05	7	5.892692353067449e-05	0.754871816353242	0.861230793738882	0.9432478900899431	0.568	1.0
B_naive	26	BARX2	AxisComposite	0.7333333333333333	2.0268458137033508e-05	15	6.03785338759875e-05	0.8044444673365843	0.8817436148354375	0.939145325870632	0.789	1.0
B_naive	26	DOT1L	AxisComposite	0.7319658119658119	2.1383267612139773e-05	8	6.33759321990276e-05	0.7593162609241623	0.8653333579581931	0.9124786584451099	0.59	1.0
B_naive	26	ETV7	AxisComposite	0.7312820512820513	2.1960840847824135e-05	14	6.484073692450542e-05	0.795897458546353	0.8830769482067137	0.9261538725094802	0.779	1.0
B_naive	26	SIN3A	AxisComposite	0.7305982905982905	2.2552233726492604e-05	12	6.654477056590864e-05	0.790769253272214	0.879692332725782	0.9446154114963802	0.748	1.0
B_naive	26	KLF9	AxisComposite	0.7299145299145299	2.3157732856773502e-05	26	6.820208011067427e-05	0.8324786561685434	0.8912820766453359	0.9288889153223543	0.935	1.0
B_naive	26	DLX5	AxisComposite	0.7292307692307692	2.377762982875586e-05	37	6.989545090719921e-05	0.8447863488264767	0.8988034443807396	0.9275213939159173	0.987	1.0
B_naive	26	ZFPM2	AxisComposite	0.7278632478632477	2.5061808976087785e-05	12	7.334703717892024e-05	0.790769253272214	0.879692332725782	0.9446154114963802	0.759	1.0
B_naive	26	SMARCB1	AxisComposite	0.7271794871794871	2.572669985707372e-05	5	7.510458720001258e-05	0.7035897636118531	0.8496410498193282	0.9186325047740765	0.451	1.0
B_naive	26	MYRF	AxisComposite	0.7264957264957265	2.640720613090856e-05	10	7.685089664531244e-05	0.7729914749885326	0.8700854948455619	0.9206837868837321	0.676	1.0
B_naive	26	NKX6-3	AxisComposite	0.7264957264957265	2.640720613090856e-05	6	7.685089664531244e-05	0.7251282257632364	0.8591453235940656	0.9117948977418914	0.498	1.0
B_naive	26	NAB2	AxisComposite	0.7237606837606837	2.9291817308634706e-05	7	8.44559624439202e-05	0.754871816353242	0.861230793738882	0.9432478900899431	0.599	1.0
B_naive	26	PRDM4	AxisComposite	0.7223931623931623	3.0836331132631664e-05	9	8.830919860559792e-05	0.7675213893627845	0.8694017341423433	0.9117948977418914	0.663	1.0
B_naive	26	E2F5	AxisComposite	0.7217094017094016	3.163534369434038e-05	12	9.03756330264265e-05	0.790769253272214	0.879692332725782	0.9446154114963802	0.778	1.0
B_naive	26	MAFK	AxisComposite	0.7217094017094016	3.163534369434038e-05	23	9.03756330264265e-05	0.8297436133556694	0.8919658373485544	0.9227350689933876	0.933	1.0
B_naive	26	FEZF1	AxisComposite	0.7210256410256409	3.245266725080752e-05	9	9.248415795285073e-05	0.7675213893627845	0.8694017341423433	0.9117948977418914	0.666	1.0
B_naive	26	ZBTB33	AxisComposite	0.7203418803418803	3.3288664604677326e-05	11	9.47509063259962e-05	0.7866666890529029	0.8803760934290005	0.9172649833676395	0.733	1.0
B_naive	26	FOXC2	AxisComposite	0.7196581196581195	3.41437045557963e-05	23	9.67715925115101e-05	0.8297436133556694	0.8919658373485544	0.9227350689933876	0.935	1.0
B_naive	26	SIM2	AxisComposite	0.7196581196581195	3.41437045557963e-05	11	9.67715925115101e-05	0.7866666890529029	0.8803760934290005	0.9172649833676395	0.734	1.0
B_naive	26	EGR4	AxisComposite	0.718974358974359	3.5018161978703056e-05	15	9.918979376006424e-05	0.8044444673365843	0.8817436148354375	0.939145325870632	0.823	1.0
B_naive	26	CTBP1	AxisComposite	0.7182905982905983	3.59124179007878e-05	10	0.00010123138089424966	0.7729914749885326	0.8700854948455619	0.9206837868837321	0.703	1.0
B_naive	26	NOTO	AxisComposite	0.7182905982905983	3.59124179007878e-05	10	0.00010123138089424966	0.7729914749885326	0.8700854948455619	0.9206837868837321	0.703	1.0
B_naive	26	HTATIP2	AxisComposite	0.7162393162393161	3.8717880888790394e-05	16	0.00010868013709493299	0.8064957494462398	0.8810256660970581	0.9295726760255728	0.831	1.0
B_naive	26	ZNF217	AxisComposite	0.7121367521367521	4.491767144243178e-05	6	0.00012488129261064418	0.7251282257632364	0.8591453235940656	0.9117948977418914	0.542	1.0
B_naive	26	FGF2	AxisComposite	0.7107692307692307	4.717130689826513e-05	10	0.0001300624102782644	0.7729914749885326	0.8700854948455619	0.9206837868837321	0.721	1.0
B_naive	26	HNF4G	AxisComposite	0.7107692307692307	4.717130689826513e-05	11	0.0001300624102782644	0.7866666890529029	0.8803760934290005	0.9172649833676395	0.753	1.0
B_naive	26	SIX1	AxisComposite	0.7073504273504274	5.324912349322249e-05	18	0.00014570158761217033	0.816068399291299	0.8837607089099322	0.9213675475869506	0.891	1.0
B_naive	26	NR2C1	AxisComposite	0.7052991452991453	5.721949006035615e-05	21	0.00015565301841593385	0.8235897670267027	0.8851624183515301	0.9275213939159173	0.935	1.0
B_naive	26	LHX8	AxisComposite	0.7046153846153845	5.8599927748809125e-05	12	0.00015885276581384495	0.790769253272214	0.879692332725782	0.9446154114963802	0.813	1.0
B_naive	26	PAX9	AxisComposite	0.7032478632478633	6.144944149685531e-05	10	0.0001657111455270483	0.7729914749885326	0.8700854948455619	0.9206837868837321	0.738	1.0
B_naive	26	VHL	AxisComposite	0.7025641025641025	6.291960074905732e-05	24	0.00016908963517363247	0.8249572884331398	0.8899145552388988	0.9329914795416654	0.942	1.0
B_naive	26	AIP	AxisComposite	0.7011965811965812	6.595349358569506e-05	6	0.00017673416076809676	0.7251282257632364	0.8591453235940656	0.9117948977418914	0.577	1.0
B_naive	26	MEF2C	AxisComposite	0.7005128205128205	6.751836003774525e-05	88	0.0001796896833843756	0.8646154092198137	0.90362395733843	0.9357265223545395	1.0	1.0
B_naive	26	TRERF1	AxisComposite	0.7005128205128205	6.751836003774525e-05	16	0.0001796896833843756	0.8064957494462398	0.8810256660970581	0.9295726760255728	0.859	1.0
B_naive	26	TBXT	AxisComposite	0.6984615384615384	7.241161563408413e-05	13	0.0001921645376804461	0.7976068603043992	0.8851282303163692	0.9350427616513209	0.821	1.0
B_naive	26	MLXIPL	AxisComposite	0.6977777777777777	7.411090799002027e-05	16	0.00019589451783545562	0.8064957494462398	0.8810256660970581	0.9295726760255728	0.862	1.0
B_naive	26	PAX2	AxisComposite	0.6977777777777777	7.411090799002027e-05	25	0.00019589451783545562	0.8304273740588879	0.8940171194582099	0.9282051546191358	0.963	1.0
B_naive	26	SMARCA5	AxisComposite	0.6977777777777777	7.411090799002027e-05	16	0.00019589451783545562	0.8064957494462398	0.8810256660970581	0.9295726760255728	0.862	1.0
B_naive	26	TCF21	AxisComposite	0.6977777777777777	7.411090799002027e-05	16	0.00019589451783545562	0.8064957494462398	0.8810256660970581	0.9295726760255728	0.862	1.0
B_naive	26	LHX3	AxisComposite	0.6970940170940171	7.584532021062645e-05	13	0.00020002596313175382	0.7976068603043992	0.8851282303163692	0.9350427616513209	0.822	1.0
B_naive	26	SRSF2	AxisComposite	0.6970940170940171	7.584532021062645e-05	11	0.00020002596313175382	0.7866666890529029	0.8803760934290005	0.9172649833676395	0.783	1.0
B_naive	26	VENTX	AxisComposite	0.6970940170940171	7.584532021062645e-05	5	0.00020002596313175382	0.7035897636118531	0.8496410498193282	0.9186325047740765	0.519	1.0
B_naive	26	FOXE1	AxisComposite	0.6957264957264957	7.942200627402093e-05	8	0.00020863361017846356	0.7593162609241623	0.8653333579581931	0.9124786584451099	0.69	1.0
B_naive	26	ATF5	AxisComposite	0.6950427350427351	8.126555401235458e-05	30	0.000212758051671156	0.8400000239039471	0.8933333587549914	0.9220513082901691	0.976	1.0
B_naive	26	ZFHX3	AxisComposite	0.6943589743589742	8.314676960966e-05	15	0.00021731753669534875	0.8044444673365843	0.8817436148354375	0.939145325870632	0.868	1.0
B_naive	26	FEV	AxisComposite	0.6929914529914529	8.702485505294675e-05	8	0.00022681855018824983	0.7593162609241623	0.8653333579581931	0.9124786584451099	0.699	1.0
B_naive	26	ZFPM1	AxisComposite	0.6929914529914529	8.702485505294675e-05	16	0.00022681855018824983	0.8064957494462398	0.8810256660970581	0.9295726760255728	0.869	1.0
B_naive	26	FOXD3	AxisComposite	0.6923076923076923	8.902307414181189e-05	15	0.00023138068490756008	0.8044444673365843	0.8817436148354375	0.939145325870632	0.871	1.0
B_naive	26	MED1	AxisComposite	0.6923076923076923	8.902307414181189e-05	16	0.00023138068490756008	0.8064957494462398	0.8810256660970581	0.9295726760255728	0.871	1.0
B_naive	26	SIX4	AxisComposite	0.6923076923076923	8.902307414181189e-05	8	0.00023138068490756008	0.7593162609241623	0.8653333579581931	0.9124786584451099	0.701	1.0
B_naive	26	SON	AxisComposite	0.6916239316239315	9.106165978404401e-05	7	0.0002364159220644702	0.754871816353242	0.861230793738882	0.9432478900899431	0.675	1.0
B_naive	26	NFIX	AxisComposite	0.6895726495726495	9.742665583386132e-05	28	0.00025168103455034015	0.834529938278199	0.8926837860869338	0.9247863511030432	0.977	1.0
B_naive	26	FOXG1	AxisComposite	0.6888888888888889	9.963379762569447e-05	16	0.000255966190047739	0.8064957494462398	0.8810256660970581	0.9295726760255728	0.882	1.0
B_naive	26	SOX3	AxisComposite	0.6888888888888889	9.963379762569447e-05	7	0.000255966190047739	0.754871816353242	0.861230793738882	0.9432478900899431	0.681	1.0
B_naive	26	WWTR1	AxisComposite	0.6888888888888889	9.963379762569447e-05	9	0.000255966190047739	0.7675213893627845	0.8694017341423433	0.9117948977418914	0.732	1.0
B_naive	26	CHD4	AxisComposite	0.6875213675213674	0.00010418071707874816	6	0.00026574622258120024	0.7251282257632364	0.8591453235940656	0.9117948977418914	0.608	1.0
B_naive	26	FOXL2	AxisComposite	0.6875213675213674	0.00010418071707874816	26	0.00026574622258120024	0.8324786561685434	0.8912820766453359	0.9288889153223543	0.972	1.0
B_naive	26	NEUROG1	AxisComposite	0.6875213675213674	0.00010418071707874816	16	0.00026574622258120024	0.8064957494462398	0.8810256660970581	0.9295726760255728	0.889	1.0
B_naive	26	ZNF202	AxisComposite	0.6868376068376068	0.00010652200477786462	7	0.000271125800601457	0.754871816353242	0.861230793738882	0.9432478900899431	0.686	1.0
B_naive	26	ZNF395	AxisComposite	0.6854700854700854	0.0001113440904860501	7	0.00028232168081959903	0.754871816353242	0.861230793738882	0.9432478900899431	0.69	1.0
B_naive	26	ZXDC	AxisComposite	0.6847863247863248	0.00011382646241388955	6	0.00028814638099134294	0.7251282257632364	0.8591453235940656	0.9117948977418914	0.617	1.0
B_naive	26	TFDP2	AxisComposite	0.6827350427350427	0.00012156856744036314	5	0.0003044431721092356	0.7035897636118531	0.8496410498193282	0.9186325047740765	0.557	1.0
B_naive	26	LMO4	AxisComposite	0.682051282051282	0.00012425035057905167	5	0.0003106591518494982	0.7035897636118531	0.8496410498193282	0.9186325047740765	0.561	1.0
B_naive	26	DEAF1	AxisComposite	0.6813675213675212	0.0001269840785277866	13	0.0003147964304661221	0.7976068603043992	0.8851282303163692	0.9350427616513209	0.847	1.0
B_naive	26	SKIL	AxisComposite	0.6793162393162392	0.00013550558561231153	20	0.00033309113935664573	0.8194872028073916	0.8865299397579671	0.9234188296966062	0.934	1.0
B_naive	26	NFATC3	AxisComposite	0.6772649572649572	0.0001445262453040599	40	0.00035174583580779547	0.8441025881232582	0.898119683677521	0.9473504543092542	0.991	1.0
B_naive	26	CREB5	AxisComposite	0.6752136752136751	0.00015407086971018535	12	0.0003722581883059758	0.790769253272214	0.879692332725782	0.9446154114963802	0.864	1.0
B_naive	26	KCNIP3	AxisComposite	0.6745299145299145	0.00015737327947525914	16	0.0003792557917349043	0.8064957494462398	0.8810256660970581	0.9295726760255728	0.908	1.0
B_naive	26	MAML1	AxisComposite	0.6745299145299145	0.00015737327947525914	5	0.0003792557917349043	0.7035897636118531	0.8496410498193282	0.9186325047740765	0.58	1.0
B_naive	26	HOXD4	AxisComposite	0.6724786324786325	0.00016765684925488118	5	0.0004019631085371265	0.7035897636118531	0.8496410498193282	0.9186325047740765	0.587	1.0
B_naive	26	IRF6	AxisComposite	0.6717948717948717	0.0001712135087537664	15	0.00040922921600746625	0.8044444673365843	0.8817436148354375	0.939145325870632	0.89	1.0
B_naive	26	KAT6A	AxisComposite	0.6717948717948717	0.0001712135087537664	12	0.00040922921600746625	0.790769253272214	0.879692332725782	0.9446154114963802	0.869	1.0
B_naive	26	TCF7	AxisComposite	0.6717948717948717	0.0001712135087537664	23	0.00040922921600746625	0.8297436133556694	0.8919658373485544	0.9227350689933876	0.969	1.0
B_naive	26	HOXD8	AxisComposite	0.671111111111111	0.00017483628043564236	5	0.0004172473195672692	0.7035897636118531	0.8496410498193282	0.9186325047740765	0.588	1.0
B_naive	26	ZNF384	AxisComposite	0.6704273504273504	0.00017852621061444795	25	0.0004243178977333213	0.8304273740588879	0.8940171194582099	0.9282051546191358	0.979	1.0
B_naive	26	BACH2	AxisComposite	0.6676923076923077	0.00019397891512560562	8	0.0004584777599019377	0.7593162609241623	0.8653333579581931	0.9124786584451099	0.739	1.0
B_naive	26	PRRX1	AxisComposite	0.6642735042735042	0.0002149371023737053	6	0.0005034251850880363	0.7251282257632364	0.8591453235940656	0.9117948977418914	0.657	1.0
B_naive	26	INSM1	AxisComposite	0.6635897435897435	0.00021935918123493003	5	0.0005124968258281549	0.7035897636118531	0.8496410498193282	0.9186325047740765	0.606	1.0
B_naive	26	TFAP2B	AxisComposite	0.6622222222222223	0.00022844330093234108	26	0.0005321224195370101	0.8324786561685434	0.8912820766453359	0.9288889153223543	0.981	1.0
B_naive	26	FOXQ1	AxisComposite	0.6615384615384615	0.00023310778846631145	17	0.0005413667445575831	0.8126495957752065	0.8892649825708412	0.9323077188384469	0.944	1.0
B_naive	26	HOXC13	AxisComposite	0.6615384615384615	0.00023310778846631145	7	0.0005413667445575831	0.754871816353242	0.861230793738882	0.9432478900899431	0.731	1.0
B_naive	26	HOXD13	AxisComposite	0.6615384615384615	0.00023310778846631145	19	0.0005413667445575831	0.8194872028073916	0.8851282303163692	0.9234188296966062	0.952	1.0
B_naive	26	TEAD2	AxisComposite	0.6594871794871794	0.00024760595926475034	6	0.000570495862708714	0.7251282257632364	0.8591453235940656	0.9117948977418914	0.667	1.0
B_naive	26	PTF1A	AxisComposite	0.6581196581196581	0.00025770480147784165	17	0.0005905576893954663	0.8126495957752065	0.8892649825708412	0.9323077188384469	0.947	1.0
B_naive	26	ZNF300	AxisComposite	0.6560683760683761	0.00027352947103752073	8	0.000623454868556224	0.7593162609241623	0.8653333579581931	0.9124786584451099	0.764	1.0
B_naive	26	EOMES	AxisComposite	0.6526495726495727	0.000301798854946658	26	0.0006828875690213279	0.8324786561685434	0.8912820766453359	0.9288889153223543	0.983	1.0
B_naive	26	HOXC6	AxisComposite	0.6492307692307692	0.00033259179413430007	12	0.0007460540581542108	0.790769253272214	0.879692332725782	0.9446154114963802	0.892	1.0
B_naive	26	TLX1	AxisComposite	0.6485470085470085	0.00033906958882653555	9	0.0007576720156257865	0.7675213893627845	0.8694017341423433	0.9117948977418914	0.81	1.0
B_naive	26	EBF3	AxisComposite	0.6478632478632478	0.0003456573821189112	9	0.0007712852101964997	0.7675213893627845	0.8694017341423433	0.9117948977418914	0.81	1.0
B_naive	26	BCL11A	AxisComposite	0.6458119658119658	0.00036609661174944575	15	0.0008110768788070303	0.8044444673365843	0.8817436148354375	0.939145325870632	0.918	1.0
B_naive	26	CTBP2	AxisComposite	0.6458119658119658	0.00036609661174944575	16	0.0008110768788070303	0.8064957494462398	0.8810256660970581	0.9295726760255728	0.931	1.0
B_naive	26	IRF7	AxisComposite	0.6437606837606837	0.0003875836820057358	34	0.000854221259491395	0.8410256649587748	0.8960684015678655	0.9309401974320098	0.996	1.0
B_naive	26	CREB3L3	AxisComposite	0.6423931623931624	0.00040251271268128226	8	0.0008850350178032151	0.7593162609241623	0.8653333579581931	0.9124786584451099	0.784	1.0
B_naive	26	FOXP2	AxisComposite	0.641025641025641	0.0004179411641013507	11	0.0009146504238279911	0.7866666890529029	0.8803760934290005	0.9172649833676395	0.859	1.0
B_naive	26	ZNF804A	AxisComposite	0.6403418803418803	0.00042584704505116774	10	0.0009293380113599116	0.7729914749885326	0.8700854948455619	0.9206837868837321	0.844	1.0
B_naive	26	TBX20	AxisComposite	0.6396581196581196	0.00043388306690147495	7	0.0009442266462918812	0.754871816353242	0.861230793738882	0.9432478900899431	0.763	1.0
B_naive	26	NKX6-1	AxisComposite	0.6369230769230768	0.0004673649114507707	19	0.0010114322701215567	0.8194872028073916	0.8851282303163692	0.9234188296966062	0.966	1.0
B_naive	26	CREB3	AxisComposite	0.6362393162393162	0.00047607907340799395	15	0.001028859775309498	0.8044444673365843	0.8817436148354375	0.939145325870632	0.924	1.0
B_naive	26	FOXO6	AxisComposite	0.6341880341880342	0.0005030768067987411	5	0.0010816962386626086	0.7035897636118531	0.8496410498193282	0.9186325047740765	0.652	1.0
B_naive	26	HOXA7	AxisComposite	0.6335042735042735	0.0005123676139676471	13	0.0011001527240114889	0.7976068603043992	0.8851282303163692	0.9350427616513209	0.908	1.0
B_naive	26	GRHL2	AxisComposite	0.6328205128205128	0.0005218074946860474	9	0.0011193921806959878	0.7675213893627845	0.8694017341423433	0.9117948977418914	0.825	1.0
B_naive	26	NR1D1	AxisComposite	0.6321367521367521	0.0005313984558465283	26	0.0011378752256383457	0.8324786561685434	0.8912820766453359	0.9288889153223543	0.987	1.0
B_naive	26	NFKBIB	AxisComposite	0.6314529914529914	0.0005411425256025757	19	0.0011560884711729166	0.8194872028073916	0.8851282303163692	0.9234188296966062	0.968	1.0
B_naive	26	IRF9	AxisComposite	0.6307692307692306	0.0005510417535198182	27	0.0011761604505855104	0.833162416871762	0.896752162271084	0.9261538725094802	0.985	1.0
B_naive	26	BARX1	AxisComposite	0.6294017094017094	0.0005713139900703576	8	0.001215539519438664	0.7593162609241623	0.8653333579581931	0.9124786584451099	0.802	1.0
B_naive	26	STOX1	AxisComposite	0.6280341880341881	0.0005922319960292987	5	0.0012560376908063455	0.7035897636118531	0.8496410498193282	0.9186325047740765	0.656	1.0
B_naive	26	ZIC2	AxisComposite	0.6266666666666666	0.0006138129542434971	7	0.0012889243681550356	0.754871816353242	0.861230793738882	0.9432478900899431	0.777	1.0
B_naive	26	HOXD3	AxisComposite	0.6232478632478632	0.0006707817647309175	10	0.0013972375179669447	0.7729914749885326	0.8700854948455619	0.9206837868837321	0.864	1.0
B_naive	26	RREB1	AxisComposite	0.6205128205128205	0.0007196101454274512	10	0.0014896408686719922	0.7729914749885326	0.8700854948455619	0.9206837868837321	0.869	1.0
B_naive	26	NFIL3	AxisComposite	0.6177777777777778	0.000771494807714841	37	0.0015837017424858743	0.8447863488264767	0.8988034443807396	0.9275213939159173	1.0	1.0
B_naive	26	CEBPE	AxisComposite	0.617094017094017	0.0007849619314304729	36	0.0016092236697046321	0.8427350667168212	0.8974359229743025	0.9288889153223543	0.997	1.0
B_naive	26	OLIG1	AxisComposite	0.617094017094017	0.0007849619314304729	7	0.0016092236697046321	0.754871816353242	0.861230793738882	0.9432478900899431	0.788	1.0
B_naive	26	HAND1	AxisComposite	0.615042735042735	0.0008265940576886224	14	0.0016879007267237484	0.795897458546353	0.8830769482067137	0.9261538725094802	0.934	1.0
B_naive	26	GCM1	AxisComposite	0.6143589743589742	0.0008408902992071053	10	0.0017133461006978471	0.7729914749885326	0.8700854948455619	0.9206837868837321	0.875	1.0
B_naive	26	OVOL1	AxisComposite	0.610940170940171	0.0009156321379779107	9	0.0018526964976510129	0.7675213893627845	0.8694017341423433	0.9117948977418914	0.853	1.0
B_naive	26	RXRG	AxisComposite	0.6082051282051281	0.0009795022228687347	7	0.0019691284997206088	0.754871816353242	0.861230793738882	0.9432478900899431	0.796	1.0
B_naive	26	ONECUT1	AxisComposite	0.606153846153846	0.0010299010849706895	34	0.0020624531379850614	0.8410256649587748	0.8960684015678655	0.9309401974320098	0.999	1.0
B_naive	26	LHX2	AxisComposite	0.6034188034188035	0.0011005780070111172	41	0.00219457417203242	0.8488889130457878	0.8947008801614285	0.936410283057758	1.0	1.0
B_naive	26	FOXI1	AxisComposite	0.5979487179487181	0.0012545907161234467	10	0.0024836426899339475	0.7729914749885326	0.8700854948455619	0.9206837868837321	0.886	1.0
B_naive	26	KLF13	AxisComposite	0.5965811965811965	0.0012958792164000279	13	0.0025567050643090995	0.7976068603043992	0.8851282303163692	0.9350427616513209	0.93	1.0
B_naive	26	MSX1	AxisComposite	0.5965811965811965	0.0012958792164000279	25	0.0025567050643090995	0.8304273740588879	0.8940171194582099	0.9282051546191358	0.991	1.0
B_naive	26	NR1D2	AxisComposite	0.5835897435897436	0.0017502702588024497	6	0.0033789336509883524	0.7251282257632364	0.8591453235940656	0.9117948977418914	0.784	1.0
B_naive	26	LRRFIP1	AxisComposite	0.5801709401709401	0.0018904478450293314	17	0.003624070037206127	0.8126495957752065	0.8892649825708412	0.9323077188384469	0.979	1.0
B_naive	26	HNF1B	AxisComposite	0.5794871794871794	0.0019196104952663806	64	0.0036739408740891614	0.8584615628908471	0.9015384871936136	0.9295726760255728	1.0	1.0
B_naive	26	ATOH1	AxisComposite	0.5774358974358974	0.0020094266761414388	14	0.0038364023411976427	0.795897458546353	0.8830769482067137	0.9261538725094802	0.955	1.0
B_naive	26	HIF3A	AxisComposite	0.5733333333333333	0.002199917108464845	6	0.004171085727991022	0.7251282257632364	0.8591453235940656	0.9117948977418914	0.795	1.0
B_naive	26	ZMYND8	AxisComposite	0.5699145299145298	0.0023702778664135386	8	0.004466878110786596	0.7593162609241623	0.8653333579581931	0.9124786584451099	0.862	1.0
B_naive	26	NKRF	AxisComposite	0.5664957264957264	0.0025518042343054175	10	0.004787709873688782	0.7729914749885326	0.8700854948455619	0.9206837868837321	0.907	1.0
B_naive	26	ZFP64	AxisComposite	0.5582905982905982	0.003036590774460902	5	0.0056473329622244986	0.7035897636118531	0.8496410498193282	0.9186325047740765	0.746	1.0
B_naive	26	SPIC	AxisComposite	0.5548717948717948	0.003260615383692995	10	0.006044699210118706	0.7729914749885326	0.8700854948455619	0.9206837868837321	0.91	1.0
B_naive	26	LHX4	AxisComposite	0.5541880341880342	0.0033070693981884602	6	0.00612109435001734	0.7251282257632364	0.8591453235940656	0.9117948977418914	0.814	1.0
B_naive	26	IRF5	AxisComposite	0.5535042735042734	0.003354085710523184	36	0.006200741424444444	0.8427350667168212	0.8974359229743025	0.9288889153223543	0.999	1.0
B_naive	26	ZNF423	AxisComposite	0.5507692307692307	0.0035478840173657523	5	0.006520284485458005	0.7035897636118531	0.8496410498193282	0.9186325047740765	0.755	1.0
B_naive	26	TBX10	AxisComposite	0.55008547008547	0.003597794710886432	5	0.006596428008805132	0.7035897636118531	0.8496410498193282	0.9186325047740765	0.756	1.0
B_naive	26	NPAS2	AxisComposite	0.5473504273504273	0.003803451935599833	8	0.00695164981808145	0.7593162609241623	0.8653333579581931	0.9124786584451099	0.877	1.0
B_naive	26	ETV5	AxisComposite	0.5466666666666666	0.003856398665975644	23	0.007037399911170566	0.8297436133556694	0.8919658373485544	0.9227350689933876	0.993	1.0
B_naive	26	TCF15	AxisComposite	0.5466666666666666	0.003856398665975644	7	0.007037399911170566	0.754871816353242	0.861230793738882	0.9432478900899431	0.856	1.0
B_naive	26	HOXC8	AxisComposite	0.545982905982906	0.00390997002609723	14	0.007129585969461667	0.795897458546353	0.8830769482067137	0.9261538725094802	0.96	1.0
B_naive	26	LHX1	AxisComposite	0.5439316239316239	0.004074491060445511	6	0.00740355168165031	0.7251282257632364	0.8591453235940656	0.9117948977418914	0.82	1.0
B_naive	26	PARK7	AxisComposite	0.5432478632478631	0.004130620310501396	8	0.007493873147850959	0.7593162609241623	0.8653333579581931	0.9124786584451099	0.88	1.0
B_naive	26	BMAL2	AxisComposite	0.5411965811965811	0.00430295954223102	9	0.007788373456042808	0.7675213893627845	0.8694017341423433	0.9117948977418914	0.902	1.0
B_naive	26	MTF2	AxisComposite	0.5405128205128205	0.004361743558447378	6	0.007891712763888512	0.7251282257632364	0.8591453235940656	0.9117948977418914	0.821	1.0
B_naive	26	TBX6	AxisComposite	0.5391452991452992	0.00448135521632332	10	0.008092443384834528	0.7729914749885326	0.8700854948455619	0.9206837868837321	0.925	1.0
B_naive	26	HOXB2	AxisComposite	0.5336752136752136	0.004987980392119367	13	0.008965688282792915	0.7976068603043992	0.8851282303163692	0.9350427616513209	0.956	1.0
B_naive	26	NEUROD6	AxisComposite	0.532991452991453	0.005054585257982164	11	0.00907841630791102	0.7866666890529029	0.8803760934290005	0.9172649833676395	0.94	1.0
B_naive	26	MNT	AxisComposite	0.5254700854700854	0.005838238716710813	10	0.010370204843837928	0.7729914749885326	0.8700854948455619	0.9206837868837321	0.928	1.0
B_naive	26	FOXJ1	AxisComposite	0.524102564102564	0.005991185761768408	18	0.0106095808558175	0.816068399291299	0.8837607089099322	0.9213675475869506	0.985	1.0
B_naive	26	PLAGL2	AxisComposite	0.524102564102564	0.005991185761768408	8	0.0106095808558175	0.7593162609241623	0.8653333579581931	0.9124786584451099	0.893	1.0
B_naive	26	PHOX2A	AxisComposite	0.5234188034188034	0.006068916179581464	13	0.010739082913679407	0.7976068603043992	0.8851282303163692	0.9350427616513209	0.959	1.0
B_naive	26	ASXL1	AxisComposite	0.5227350427350427	0.006147494151160415	5	0.010857549261300347	0.7035897636118531	0.8496410498193282	0.9186325047740765	0.79	1.0
B_naive	26	EMX2	AxisComposite	0.5227350427350427	0.006147494151160415	9	0.010857549261300347	0.7675213893627845	0.8694017341423433	0.9117948977418914	0.919	1.0
B_naive	26	PITX3	AxisComposite	0.5227350427350427	0.006147494151160415	23	0.010857549261300347	0.8297436133556694	0.8919658373485544	0.9227350689933876	0.994	1.0
B_naive	26	TFEB	AxisComposite	0.5213675213675213	0.0063072218747107466	8	0.011131233161115223	0.7593162609241623	0.8653333579581931	0.9124786584451099	0.897	1.0
B_naive	26	GLIS3	AxisComposite	0.5206837606837607	0.0063883862898739	8	0.011257450812054122	0.7593162609241623	0.8653333579581931	0.9124786584451099	0.897	1.0
B_naive	26	TSHZ3	AxisComposite	0.52	0.0064704275852723175	6	0.011393419829517607	0.7251282257632364	0.8591453235940656	0.9117948977418914	0.837	1.0
B_naive	26	ELF3	AxisComposite	0.5165811965811965	0.006894048962799879	32	0.012098278405394673	0.8406837846071656	0.896752162271084	0.9282051546191358	1.0	1.0
B_naive	26	TLX2	AxisComposite	0.5152136752136752	0.00706989912254361	5	0.012388246660673263	0.7035897636118531	0.8496410498193282	0.9186325047740765	0.796	1.0
B_naive	26	CIITA	AxisComposite	0.5138461538461538	0.007249499446351302	30	0.012688662698000704	0.8400000239039471	0.8933333587549914	0.9220513082901691	0.999	1.0
B_naive	26	NR2E3	AxisComposite	0.5104273504273503	0.007715317854425544	15	0.013453531469726726	0.8044444673365843	0.8817436148354375	0.939145325870632	0.972	1.0
B_naive	26	POU3F1	AxisComposite	0.5104273504273503	0.007715317854425544	23	0.013453531469726726	0.8297436133556694	0.8919658373485544	0.9227350689933876	0.994	1.0
B_naive	26	SOX5	AxisComposite	0.5104273504273503	0.007715317854425544	18	0.013453531469726726	0.816068399291299	0.8837607089099322	0.9213675475869506	0.99	1.0
B_naive	26	PBX2	AxisComposite	0.5029059829059829	0.00882892728645773	11	0.015275549508222639	0.7866666890529029	0.8803760934290005	0.9172649833676395	0.954	1.0
B_naive	26	TBX1	AxisComposite	0.49675213675213675	0.009837125408618225	14	0.016900883845207906	0.795897458546353	0.8830769482067137	0.9261538725094802	0.969	1.0
B_naive	26	TBPL2	AxisComposite	0.4899145299145299	0.011068048346129455	10	0.018835453765852096	0.7729914749885326	0.8700854948455619	0.9206837868837321	0.938	1.0
B_naive	26	ATOH7	AxisComposite	0.48726278708386256	0.011578635101010001	11	0.019675671150897227	0.7866666890529029	0.8803760934290005	0.9172649833676395	0.958	1.0
B_naive	26	FOXN4	AxisComposite	0.4858119658119658	0.011866159080490905	8	0.02012031623237615	0.7593162609241623	0.8653333579581931	0.9124786584451099	0.916	1.0
B_naive	26	HAND2	AxisComposite	0.4844444444444444	0.012142570354210486	40	0.02055912891311373	0.8441025881232582	0.898119683677521	0.9473504543092542	1.0	1.0
B_naive	26	MLX	AxisComposite	0.481025641025641	0.012857018509186326	5	0.02169012013042348	0.7035897636118531	0.8496410498193282	0.9186325047740765	0.825	1.0
B_naive	26	AIRE	AxisComposite	0.4803418803418803	0.013004000731668462	23	0.02192223741980079	0.8297436133556694	0.8919658373485544	0.9227350689933876	0.997	1.0
B_naive	26	NFE2L3	AxisComposite	0.47965811965811966	0.013152370038791203	7	0.022156356312189582	0.754871816353242	0.861230793738882	0.9432478900899431	0.894	1.0
B_naive	26	DMRT1	AxisComposite	0.4666666666666667	0.016248326208227505	8	0.02693437029119531	0.7593162609241623	0.8653333579581931	0.9124786584451099	0.925	1.0
B_naive	26	CREB3L1	AxisComposite	0.4639316239316239	0.016970951786001796	11	0.028042620508692526	0.7866666890529029	0.8803760934290005	0.9172649833676395	0.962	1.0
B_naive	26	KAT6B	AxisComposite	0.45777777777777773	0.01869359407192823	7	0.030693526953134362	0.754871816353242	0.861230793738882	0.9432478900899431	0.903	1.0
B_naive	26	RFX1	AxisComposite	0.4570940170940171	0.018893522212823987	23	0.030967332053884262	0.8297436133556694	0.8919658373485544	0.9227350689933876	0.997	1.0
B_naive	26	SETBP1	AxisComposite	0.4570940170940171	0.018893522212823987	6	0.030967332053884262	0.7251282257632364	0.8591453235940656	0.9117948977418914	0.879	1.0
B_naive	26	ATF7	AxisComposite	0.4543589743589744	0.019710800434729562	8	0.032193847595982365	0.7593162609241623	0.8653333579581931	0.9124786584451099	0.931	1.0
B_naive	26	HOXB1	AxisComposite	0.4523076923076923	0.020342518612027485	10	0.03320240450382668	0.7729914749885326	0.8700854948455619	0.9206837868837321	0.954	1.0
B_naive	26	MAFA	AxisComposite	0.45094017094017086	0.020772767551489605	22	0.033798284743936376	0.8276923312460138	0.8926495980517729	0.939145325870632	0.999	1.0
B_naive	26	SPDEF	AxisComposite	0.44957264957264953	0.02121040620099987	18	0.034450304852563465	0.816068399291299	0.8837607089099322	0.9213675475869506	0.995	1.0
B_naive	26	HES6	AxisComposite	0.44820512820512814	0.02165552682902375	9	0.03511219146852479	0.7675213893627845	0.8694017341423433	0.9117948977418914	0.948	1.0
B_naive	26	RORC	AxisComposite	0.4461538461538461	0.022337439662589307	21	0.03614251935700759	0.8235897670267027	0.8851624183515301	0.9275213939159173	0.996	1.0
B_naive	26	NHLH1	AxisComposite	0.44547008547008543	0.022568585823071977	5	0.03646596006303218	0.7035897636118531	0.8496410498193282	0.9186325047740765	0.846	1.0
B_naive	26	FOXF1	AxisComposite	0.44136752136752133	0.023996626972053976	8	0.03866629434088642	0.7593162609241623	0.8653333579581931	0.9124786584451099	0.934	1.0
B_naive	26	PIAS1	AxisComposite	0.4393162393162393	0.024737644978932976	6	0.039723194620453775	0.7251282257632364	0.8591453235940656	0.9117948977418914	0.89	1.0
B_naive	26	NR2F6	AxisComposite	0.4379487179487179	0.025241875643086307	16	0.04049109123777556	0.8064957494462398	0.8810256660970581	0.9295726760255728	0.983	1.0
B_naive	26	FOXD1	AxisComposite	0.4372649572649573	0.025497092790828194	6	0.04084434768276802	0.7251282257632364	0.8591453235940656	0.9117948977418914	0.89	1.0
B_naive	26	SOX7	AxisComposite	0.436616537105395	0.025741043971638036	6	0.0412140936296008	0.7251282257632364	0.8591453235940656	0.9117948977418914	0.89	1.0
B_naive	26	HOXA11	AxisComposite	0.43589743589743585	0.026013791386892204	8	0.04155796652772512	0.7593162609241623	0.8653333579581931	0.9124786584451099	0.935	1.0
B_naive	26	HOXB5	AxisComposite	0.43247863247863244	0.027342649376350833	5	0.04350221107321257	0.7035897636118531	0.8496410498193282	0.9186325047740765	0.852	1.0
B_naive	26	ZNF335	AxisComposite	0.43111111111111106	0.027889295101014334	8	0.04432660181529959	0.7593162609241623	0.8653333579581931	0.9124786584451099	0.937	1.0
B_naive	26	ELK4	AxisComposite	0.427008547008547	0.029582300883681346	6	0.04673102555838393	0.7251282257632364	0.8591453235940656	0.9117948977418914	0.896	1.0
B_naive	26	SMARCA4	AxisComposite	0.41538461538461535	0.034831951299019094	10	0.054397975464644074	0.7729914749885326	0.8700854948455619	0.9206837868837321	0.961	1.0
B_naive	26	TBX18	AxisComposite	0.4099145299145299	0.03754720749645726	13	0.05836508977471279	0.7976068603043992	0.8851282303163692	0.9350427616513209	0.984	1.0
B_naive	26	MECOM	AxisComposite	0.4092307692307692	0.0378981380147291	19	0.05881266896700646	0.8194872028073916	0.8851282303163692	0.9234188296966062	0.999	1.0
B_naive	26	TOX3	AxisComposite	0.4092307692307692	0.0378981380147291	6	0.05881266896700646	0.7251282257632364	0.8591453235940656	0.9117948977418914	0.903	1.0
B_naive	26	EHF	AxisComposite	0.3969230769230768	0.04467307646314883	13	0.06841664072505864	0.7976068603043992	0.8851282303163692	0.9350427616513209	0.986	1.0
B_naive	26	MEOX1	AxisComposite	0.3791452991452991	0.056106541458046034	8	0.0838902420006915	0.7593162609241623	0.8653333579581931	0.9124786584451099	0.947	1.0
B_naive	26	DMTF1	AxisComposite	0.3517948717948718	0.0779982332539813	18	0.11244464262803727	0.816068399291299	0.8837607089099322	0.9213675475869506	0.998	1.0
B_naive	26	RFX5	AxisComposite	0.3490598290598291	0.08050193059176405	23	0.1158751193346761	0.8297436133556694	0.8919658373485544	0.9227350689933876	0.998	1.0
B_naive	26	MLXIP	AxisComposite	0.347008547008547	0.08241942822942935	5	0.11823413982021395	0.7035897636118531	0.8496410498193282	0.9186325047740765	0.891	1.0
B_naive	26	HOXB3	AxisComposite	0.3435897435897436	0.08569197418079139	9	0.12236467894644668	0.7675213893627845	0.8694017341423433	0.9117948977418914	0.968	1.0
B_naive	26	ELF5	AxisComposite	0.34222222222222215	0.08702814797914267	11	0.12400714125965749	0.7866666890529029	0.8803760934290005	0.9172649833676395	0.98	1.0
B_naive	26	ELK3	AxisComposite	0.3408547008547009	0.08837999497116146	28	0.1256266189175949	0.834529938278199	0.8926837860869338	0.9247863511030432	0.999	1.0
B_naive	26	PRDM16	AxisComposite	0.33780338747510535	0.09145335991976047	5	0.1296793086590042	0.7035897636118531	0.8496410498193282	0.9186325047740765	0.892	1.0
B_naive	26	ZNF219	AxisComposite	0.3217094017094017	0.1090085553610962	5	0.15148911474414917	0.7035897636118531	0.8496410498193282	0.9186325047740765	0.9	1.0
B_naive	26	HEYL	AxisComposite	0.3135042735042735	0.11886388380277614	6	0.164013186400047	0.7251282257632364	0.8591453235940656	0.9117948977418914	0.939	1.0
B_naive	26	ZGPAT	AxisComposite	0.31145299145299143	0.12142667656933935	12	0.16725279617163652	0.790769253272214	0.879692332725782	0.9446154114963802	0.994	1.0
B_naive	26	ZBTB18	AxisComposite	0.31008547008547005	0.12315752084780456	9	0.16933705664729062	0.7675213893627845	0.8694017341423433	0.9117948977418914	0.974	1.0
B_naive	26	HOPX	AxisComposite	0.30529914529914526	0.12935747155214597	8	0.17739150329183825	0.7593162609241623	0.8653333579581931	0.9124786584451099	0.966	1.0
B_naive	26	SIX3	AxisComposite	0.3011965811965812	0.1348496503693865	11	0.18411177769063944	0.7866666890529029	0.8803760934290005	0.9172649833676395	0.985	1.0
B_naive	26	HOXA13	AxisComposite	0.29504273504273504	0.14340113103005428	16	0.19476185034864513	0.8064957494462398	0.8810256660970581	0.9295726760255728	0.995	1.0
B_naive	26	SCX	AxisComposite	0.28888888888888886	0.15233504377885265	13	0.20540149750424155	0.7976068603043992	0.8851282303163692	0.9350427616513209	0.995	1.0
B_naive	26	PAX1	AxisComposite	0.28341543886946186	0.16060822287677007	5	0.21518920332628091	0.7035897636118531	0.8496410498193282	0.9186325047740765	0.912	1.0
B_naive	26	POU4F3	AxisComposite	0.28136752136752136	0.16378383307949315	6	0.2191295307581181	0.7251282257632364	0.8591453235940656	0.9117948977418914	0.949	1.0
B_naive	26	KLF12	AxisComposite	0.27526073235263815	0.17351557653962082	11	0.23125797107389612	0.7866666890529029	0.8803760934290005	0.9172649833676395	0.987	1.0
B_naive	26	HIVEP2	AxisComposite	0.2581196581196581	0.20297097529119013	11	0.2665921532524692	0.7866666890529029	0.8803760934290005	0.9172649833676395	0.989	1.0
B_naive	26	ZBTB4	AxisComposite	0.2581196581196581	0.20297097529119013	14	0.2665921532524692	0.795897458546353	0.8830769482067137	0.9261538725094802	0.994	1.0
B_naive	26	MYOCD	AxisComposite	0.2547008547008547	0.2092300876724156	8	0.27358152640191485	0.7593162609241623	0.8653333579581931	0.9124786584451099	0.975	1.0
B_naive	26	LMX1A	AxisComposite	0.2533333333333333	0.21176996749099927	8	0.2762834567490175	0.7593162609241623	0.8653333579581931	0.9124786584451099	0.975	1.0
B_naive	26	DLX1	AxisComposite	0.23965811965811962	0.23831737625711397	10	0.30646432847609034	0.7729914749885326	0.8700854948455619	0.9206837868837321	0.99	1.0
B_naive	26	ZBTB7B	AxisComposite	0.23897435897435895	0.2396999120851258	15	0.30807246410059674	0.8044444673365843	0.8817436148354375	0.939145325870632	0.998	1.0
B_naive	26	PPARGC1B	AxisComposite	0.2198290598290598	0.2805640835575299	5	0.3551174463249863	0.7035897636118531	0.8496410498193282	0.9186325047740765	0.929	1.0
B_naive	26	PHF5A	AxisComposite	0.21777777777777776	0.2851898367049421	6	0.3602885406599918	0.7251282257632364	0.8591453235940656	0.9117948977418914	0.967	1.0
B_naive	26	ZFX	AxisComposite	0.2075213675213675	0.3090379154663326	5	0.386856795225755	0.7035897636118531	0.8496410498193282	0.9186325047740765	0.933	1.0
B_naive	26	SHOX2	AxisComposite	0.19688140321535752	0.3350414180829565	7	0.4159503562795854	0.754871816353242	0.861230793738882	0.9432478900899431	0.975	1.0
B_naive	26	AEBP1	AxisComposite	0.1794871794871795	0.3802945642173086	5	0.46422987075481087	0.7035897636118531	0.8496410498193282	0.9186325047740765	0.942	1.0
B_naive	26	NKX3-2	AxisComposite	0.1794871794871795	0.3802945642173086	7	0.46422987075481087	0.754871816353242	0.861230793738882	0.9432478900899431	0.976	1.0
B_naive	26	SALL1	AxisComposite	0.17675213675213672	0.387715592656877	6	0.47168527144183	0.7251282257632364	0.8591453235940656	0.9117948977418914	0.977	1.0
B_naive	26	ASCL2	AxisComposite	0.1747008547008547	0.39333514783339046	10	0.47727800106219564	0.7729914749885326	0.8700854948455619	0.9206837868837321	0.993	1.0
B_naive	26	NHLH2	AxisComposite	0.17333333333333334	0.3971070220341032	6	0.4807301812383801	0.7251282257632364	0.8591453235940656	0.9117948977418914	0.977	1.0
B_naive	26	MTA2	AxisComposite	0.15829059829059827	0.4399250583834971	6	0.520418188680731	0.7251282257632364	0.8591453235940656	0.9117948977418914	0.978	1.0
B_naive	26	HOXA2	AxisComposite	0.15186141051321916	0.4589525225602582	6	0.5366709356992198	0.7251282257632364	0.8591453235940656	0.9117948977418914	0.978	1.0
B_naive	26	SMAD9	AxisComposite	0.1323076923076923	0.5193795608620917	7	0.5900968767335223	0.754871816353242	0.861230793738882	0.9432478900899431	0.978	1.0
B_naive	26	RFXAP	AxisComposite	0.09196581196581195	0.6550038147264957	16	0.7071132763976138	0.8064957494462398	0.8810256660970581	0.9295726760255728	1.0	1.0
B_naive	26	MIXL1	AxisComposite	0.06362969943992172	0.7574696142164774	5	0.7926178343785063	0.7035897636118531	0.8496410498193282	0.9186325047740765	0.96	1.0
B_naive	26	HOXB9	AxisComposite	0.05914529914529914	0.7741107650674119	7	0.8069560186097988	0.754871816353242	0.861230793738882	0.9432478900899431	0.985	1.0
B_naive	26	IRX4	AxisComposite	0.05820624668085922	0.7776080976818751	5	0.8096976578137393	0.7035897636118531	0.8496410498193282	0.9186325047740765	0.963	1.0
B_naive	26	RFXANK	AxisComposite	0.05641025641025641	0.7843086478542026	18	0.8157648770462161	0.816068399291299	0.8837607089099322	0.9213675475869506	0.999	1.0
B_naive	26	NFKBIZ	AxisComposite	0.03111111111111111	0.8800779478636698	8	0.8979680569677837	0.7593162609241623	0.8653333579581931	0.9124786584451099	0.992	1.0
B_naive	26	DACH1	AxisComposite	0.026324786324786322	0.8984253577371873	8	0.9134936985225857	0.7593162609241623	0.8653333579581931	0.9124786584451099	0.992	1.0
B_naive	26	ZBTB14	AxisComposite	-0.014017094017094016	0.9458163483898879	6	0.9548163309437709	0.7251282257632364	0.8591453235940656	0.9117948977418914	0.992	1.0
B_naive	26	PHOX2B	AxisComposite	-0.015384615384615384	0.9405389008858271	16	0.9509282194791079	0.8064957494462398	0.8810256660970581	0.9295726760255728	1.0	1.0
B_naive	26	NCOA6	AxisComposite	-0.031794871794871796	0.8774615811644543	5	0.8960819647507487	0.7035897636118531	0.8496410498193282	0.9186325047740765	0.978	1.0
B_naive	26	SOX18	AxisComposite	-0.08112218746758881	0.6936175639376739	6	0.739394105608829	0.7251282257632364	0.8591453235940656	0.9117948977418914	0.994	1.0
B_naive	26	TCF7L1	AxisComposite	-0.09974385317609351	0.6278221127659006	6	0.6848968502900734	0.7251282257632364	0.8591453235940656	0.9117948977418914	0.995	1.0
B_naive	26	GBX2	AxisComposite	-0.39145299145299145	0.04797529769967882	8	0.07275785888957138	0.7593162609241623	0.8653333579581931	0.9124786584451099	0.999	1.0
B_plasma	26	GRHL3	AxisComposite	0.898119658119658	4.864319866080611e-10	29	2.188213247238337e-06	0.7914530139754326	0.8530256653002598	0.9001709657871766	0.001	0.389
B_plasma	26	UBTF	AxisComposite	0.8885470085470085	1.3580405152241714e-09	9	2.188213247238337e-06	0.7237607043567994	0.8420513060136027	0.9035897693032692	0.002	0.5186666666666667
B_plasma	26	DLX4	AxisComposite	0.8851282051282051	1.916230611141857e-09	42	2.188213247238337e-06	0.8044444673365843	0.8591453235940656	0.8919658373485544	0.003	0.5835
B_plasma	26	FOXA2	AxisComposite	0.8837606837606837	2.1925524634232287e-09	134	2.188213247238337e-06	0.8270085705427953	0.8591453235940656	0.8919658373485544	0.001	0.389
B_plasma	26	HOXA9	AxisComposite	0.8830769230769231	2.343844523605759e-09	39	2.188213247238337e-06	0.8037607066333657	0.859863272332445	0.9083760942257988	0.014	1.0
B_plasma	26	MYF5	AxisComposite	0.8796581196581197	3.2522417556825923e-09	27	2.530244085921057e-06	0.790769253272214	0.855726520077973	0.9097436156322358	0.008	1.0
B_plasma	26	PBX1	AxisComposite	0.8776068376068377	3.939984240489251e-09	61	2.627406633514832e-06	0.8167521599945176	0.861264981774043	0.9029060086000507	0.012	1.0
B_plasma	26	SNAI1	AxisComposite	0.8748717948717948	5.061750161863463e-09	98	2.9535312194473304e-06	0.8229060063234842	0.8598290842972841	0.9001709657871766	0.013	1.0
B_plasma	26	HOXB4	AxisComposite	0.8721367521367521	6.46559551165472e-09	10	3.353488872044915e-06	0.7305983113889846	0.8448205368616376	0.917948744070858	0.015	1.0
B_plasma	26	ZNF202	AxisComposite	0.8707692307692306	7.292203017407885e-09	7	3.4040003685260007e-06	0.7022222422054161	0.8325128442037043	0.9008547264903951	0.013	1.0
B_plasma	26	TBX2	AxisComposite	0.8652991452991453	1.164456833381706e-08	32	3.7788802054406346e-06	0.8003419031172733	0.8564444688163524	0.9097436156322358	0.027	1.0
B_plasma	26	MYT1	AxisComposite	0.8646153846153846	1.2328498228777593e-08	9	3.7788802054406346e-06	0.7237607043567994	0.8420513060136027	0.9035897693032692	0.016	1.0
B_plasma	26	SP2	AxisComposite	0.8632478632478632	1.3806537550597868e-08	23	3.7788802054406346e-06	0.7846154069432474	0.854358998671536	0.8947008801614285	0.028	1.0
B_plasma	26	RB1	AxisComposite	0.8611965811965812	1.6325592681733792e-08	32	3.7788802054406346e-06	0.8003419031172733	0.8564444688163524	0.9097436156322358	0.04	1.0
B_plasma	26	HOXB7	AxisComposite	0.8605128205128205	1.7253401870060042e-08	23	3.7788802054406346e-06	0.7846154069432474	0.854358998671536	0.8947008801614285	0.034	1.0
B_plasma	26	CREB3	AxisComposite	0.859145299145299	1.9253528460087283e-08	15	3.7788802054406346e-06	0.7678632697143937	0.8495726737490064	0.9097436156322358	0.028	1.0
B_plasma	26	EPAS1	AxisComposite	0.8570940170940171	2.264862346224148e-08	91	3.7788802054406346e-06	0.8229060063234842	0.8591453235940656	0.896752162271084	0.063	1.0
B_plasma	26	ETV6	AxisComposite	0.8570940170940171	2.264862346224148e-08	27	3.7788802054406346e-06	0.790769253272214	0.855726520077973	0.9097436156322358	0.041	1.0
B_plasma	26	HOXB13	AxisComposite	0.8570940170940171	2.264862346224148e-08	13	3.7788802054406346e-06	0.7535042949468049	0.8489572891161097	0.9076923335225803	0.038	1.0
B_plasma	26	KLF1	AxisComposite	0.8564102564102564	2.3895226183452023e-08	28	3.7788802054406346e-06	0.7948718174915251	0.85709404148441	0.9083760942257988	0.056	1.0
B_plasma	26	NRF1	AxisComposite	0.8557264957264956	2.5203554990032168e-08	90	3.7788802054406346e-06	0.8222222456202657	0.8584957509260079	0.8912820766453359	0.071	1.0
B_plasma	26	CREB1	AxisComposite	0.8550427350427351	2.6576323409491527e-08	460	3.7788802054406346e-06	0.8338461775749805	0.854358998671536	0.8707692555487804	0.048	1.0
B_plasma	26	NR2E1	AxisComposite	0.8543589743589743	2.8016349016591608e-08	16	3.7788802054406346e-06	0.7671795090111753	0.8475213916393508	0.9029060086000507	0.041	1.0
B_plasma	26	SMARCA5	AxisComposite	0.8543589743589743	2.8016349016591608e-08	16	3.7788802054406346e-06	0.7671795090111753	0.8475213916393508	0.9029060086000507	0.041	1.0
B_plasma	26	SP7	AxisComposite	0.8543589743589743	2.8016349016591608e-08	45	3.7788802054406346e-06	0.8099145529623324	0.8605128450005026	0.9015384871936136	0.075	1.0
B_plasma	26	SOX17	AxisComposite	0.852991452991453	3.110998277713922e-08	45	3.7788802054406346e-06	0.8099145529623324	0.8605128450005026	0.9015384871936136	0.08	1.0
B_plasma	26	EN1	AxisComposite	0.8523076923076922	3.276977730695691e-08	11	3.7788802054406346e-06	0.7370940380695605	0.841401733345545	0.9049572907097062	0.034	1.0
B_plasma	26	ERG	AxisComposite	0.8516239316239315	3.4509209022639105e-08	57	3.7788802054406346e-06	0.814700877884862	0.8577778021876286	0.8994872050839581	0.09	1.0
B_plasma	26	HNF1A	AxisComposite	0.8516239316239315	3.4509209022639105e-08	151	3.7788802054406346e-06	0.8276923312460138	0.8577778021876286	0.8817094268002766	0.097	1.0
B_plasma	26	NCOR2	AxisComposite	0.8516239316239315	3.4509209022639105e-08	68	3.7788802054406346e-06	0.8153846385880805	0.859863272332445	0.8988034443807396	0.09	1.0
B_plasma	26	TBX3	AxisComposite	0.8509401709401709	3.6331668465986875e-08	23	3.7788802054406346e-06	0.7846154069432474	0.854358998671536	0.8947008801614285	0.06	1.0
B_plasma	26	TFAM	AxisComposite	0.8509401709401709	3.6331668465986875e-08	14	3.7788802054406346e-06	0.7565812181112882	0.8482051523425693	0.9104273763354543	0.044	1.0
B_plasma	26	CTCF	AxisComposite	0.8502564102564102	3.824067197745775e-08	142	3.7788802054406346e-06	0.8270085705427953	0.8564444688163524	0.8789743839874026	0.11	1.0
B_plasma	26	PPARG	AxisComposite	0.8502564102564102	3.824067197745775e-08	362	3.7788802054406346e-06	0.8341880579265897	0.855726520077973	0.8694017341423433	0.129	1.0
B_plasma	26	NCOR1	AxisComposite	0.8495726495726494	4.023986565976352e-08	88	3.7788802054406346e-06	0.8222222456202657	0.8584615628908471	0.8803419053938396	0.115	1.0
B_plasma	26	FOSB_JUN	AxisComposite	0.8488888888888889	4.23330294432722e-08	589	3.7788802054406346e-06	0.834529938278199	0.854358998671536	0.8714530162519989	0.143	1.0
B_plasma	26	FOSB_JUNB	AxisComposite	0.8488888888888889	4.23330294432722e-08	589	3.7788802054406346e-06	0.834529938278199	0.854358998671536	0.8714530162519989	0.143	1.0
B_plasma	26	FOSB_JUND	AxisComposite	0.8488888888888889	4.23330294432722e-08	589	3.7788802054406346e-06	0.834529938278199	0.854358998671536	0.8714530162519989	0.143	1.0
B_plasma	26	FOSL1_JUN	AxisComposite	0.8488888888888889	4.23330294432722e-08	589	3.7788802054406346e-06	0.834529938278199	0.854358998671536	0.8714530162519989	0.143	1.0
B_plasma	26	FOSL1_JUNB	AxisComposite	0.8488888888888889	4.23330294432722e-08	589	3.7788802054406346e-06	0.834529938278199	0.854358998671536	0.8714530162519989	0.143	1.0
B_plasma	26	FOSL1_JUND	AxisComposite	0.8488888888888889	4.23330294432722e-08	589	3.7788802054406346e-06	0.834529938278199	0.854358998671536	0.8714530162519989	0.143	1.0
B_plasma	26	FOSL2_JUN	AxisComposite	0.8488888888888889	4.23330294432722e-08	589	3.7788802054406346e-06	0.834529938278199	0.854358998671536	0.8714530162519989	0.143	1.0
B_plasma	26	FOSL2_JUNB	AxisComposite	0.8488888888888889	4.23330294432722e-08	589	3.7788802054406346e-06	0.834529938278199	0.854358998671536	0.8714530162519989	0.143	1.0
B_plasma	26	FOSL2_JUND	AxisComposite	0.8488888888888889	4.23330294432722e-08	589	3.7788802054406346e-06	0.834529938278199	0.854358998671536	0.8714530162519989	0.143	1.0
B_plasma	26	FOS_JUN	AxisComposite	0.8488888888888889	4.23330294432722e-08	589	3.7788802054406346e-06	0.834529938278199	0.854358998671536	0.8714530162519989	0.143	1.0
B_plasma	26	FOS_JUNB	AxisComposite	0.8488888888888889	4.23330294432722e-08	589	3.7788802054406346e-06	0.834529938278199	0.854358998671536	0.8714530162519989	0.143	1.0
B_plasma	26	FOS_JUND	AxisComposite	0.8488888888888889	4.23330294432722e-08	589	3.7788802054406346e-06	0.834529938278199	0.854358998671536	0.8714530162519989	0.143	1.0
B_plasma	26	JUNB_JUND	AxisComposite	0.8488888888888889	4.23330294432722e-08	589	3.7788802054406346e-06	0.834529938278199	0.854358998671536	0.8714530162519989	0.143	1.0
B_plasma	26	JUN_JUNB	AxisComposite	0.8488888888888889	4.23330294432722e-08	589	3.7788802054406346e-06	0.834529938278199	0.854358998671536	0.8714530162519989	0.143	1.0
B_plasma	26	JUN_JUND	AxisComposite	0.8488888888888889	4.23330294432722e-08	589	3.7788802054406346e-06	0.834529938278199	0.854358998671536	0.8714530162519989	0.143	1.0
B_plasma	26	FOXO1	AxisComposite	0.8482051282051282	4.4524081255191716e-08	277	3.7788802054406346e-06	0.833162416871762	0.8571282295195709	0.8762393411745285	0.163	1.0
B_plasma	26	GTF2I	AxisComposite	0.8482051282051282	4.4524081255191716e-08	22	3.7788802054406346e-06	0.7791453213174993	0.8523419045970413	0.9001709657871766	0.063	1.0
B_plasma	26	JUN	AxisComposite	0.8482051282051282	4.4524081255191716e-08	894	3.7788802054406346e-06	0.835897459684636	0.8523077165618804	0.8652991699230322	0.138	1.0
B_plasma	26	PPARD	AxisComposite	0.8482051282051282	4.4524081255191716e-08	100	3.7788802054406346e-06	0.8235897670267027	0.8584615628908471	0.9083760942257988	0.132	1.0
B_plasma	26	USF1	AxisComposite	0.8482051282051282	4.4524081255191716e-08	224	3.7788802054406346e-06	0.8304273740588879	0.8564444688163524	0.8796581446906211	0.146	1.0
B_plasma	26	POU2F3	AxisComposite	0.8475213675213674	4.6817081294523816e-08	9	3.834072552330477e-06	0.7237607043567994	0.8420513060136027	0.9035897693032692	0.043	1.0
B_plasma	26	TFDP1	AxisComposite	0.8475213675213674	4.6817081294523816e-08	31	3.834072552330477e-06	0.7962393388979622	0.8584957509260079	0.8974359229743025	0.088	1.0
B_plasma	26	EWSR1	AxisComposite	0.8468376068376068	4.921623641482485e-08	58	3.893921891261057e-06	0.8143589975332528	0.8584615628908471	0.9008547264903951	0.127	1.0
B_plasma	26	JUND	AxisComposite	0.8468376068376068	4.921623641482485e-08	620	3.893921891261057e-06	0.8348718186298083	0.854358998671536	0.8687179734391248	0.176	1.0
B_plasma	26	AR	AxisComposite	0.846153846153846	5.172590461681601e-08	506	3.958303651660609e-06	0.8352136989814175	0.8550769474099154	0.8748718197680915	0.187	1.0
B_plasma	26	GATA5	AxisComposite	0.846153846153846	5.172590461681601e-08	27	3.958303651660609e-06	0.790769253272214	0.855726520077973	0.9097436156322358	0.1	1.0
B_plasma	26	E2F6	AxisComposite	0.8447863247863248	5.7094995745745354e-08	40	4.082063528957284e-06	0.8044444673365843	0.8578119902227894	0.9104273763354543	0.122	1.0
B_plasma	26	JUNB	AxisComposite	0.8447863247863248	5.7094995745745354e-08	617	4.082063528957284e-06	0.834529938278199	0.854358998671536	0.8762393411745285	0.225	1.0
B_plasma	26	SRF	AxisComposite	0.8447863247863248	5.7094995745745354e-08	104	4.082063528957284e-06	0.8249572884331398	0.8584957509260079	0.8912820766453359	0.161	1.0
B_plasma	26	GLI2	AxisComposite	0.844102564102564	5.996393242289214e-08	149	4.082063528957284e-06	0.8290598526524509	0.8584615628908471	0.9049572907097062	0.219	1.0
B_plasma	26	NEUROG2	AxisComposite	0.844102564102564	5.996393242289214e-08	25	4.082063528957284e-06	0.7887179711625585	0.8584615628908471	0.9254701118062617	0.098	1.0
B_plasma	26	FLI1	AxisComposite	0.8434188034188034	6.296241946977816e-08	94	4.082063528957284e-06	0.8229060063234842	0.85709404148441	0.8885470338324618	0.174	1.0
B_plasma	26	KLF2	AxisComposite	0.8434188034188034	6.296241946977816e-08	66	4.082063528957284e-06	0.8184615617525639	0.8598290842972841	0.9029060086000507	0.167	1.0
B_plasma	26	MYBL2	AxisComposite	0.8434188034188034	6.296241946977816e-08	50	4.082063528957284e-06	0.8126495957752065	0.861230793738882	0.9193162654772951	0.154	1.0
B_plasma	26	NFKB1	AxisComposite	0.8434188034188034	6.296241946977816e-08	931	4.082063528957284e-06	0.835897459684636	0.8529914772650989	0.8680342127359063	0.253	1.0
B_plasma	26	RELA	AxisComposite	0.8434188034188034	6.296241946977816e-08	958	4.082063528957284e-06	0.835897459684636	0.8523419045970413	0.8625641271101582	0.264	1.0
B_plasma	26	STAT3	AxisComposite	0.8434188034188034	6.296241946977816e-08	430	4.082063528957284e-06	0.8324786561685434	0.8557607081131339	0.8735042983616544	0.218	1.0
B_plasma	26	ETV3	AxisComposite	0.8427350427350427	6.609564200310722e-08	11	4.093664012508532e-06	0.7370940380695605	0.841401733345545	0.9049572907097062	0.049	1.0
B_plasma	26	PAX6	AxisComposite	0.8427350427350427	6.609564200310722e-08	165	4.093664012508532e-06	0.8297436133556694	0.8578119902227894	0.8858119910195877	0.236	1.0
B_plasma	26	YY1	AxisComposite	0.8427350427350427	6.609564200310722e-08	260	4.093664012508532e-06	0.8304273740588879	0.8550427593747545	0.874188059064873	0.239	1.0
B_plasma	26	KMT2B	AxisComposite	0.8420512820512819	6.936896566689326e-08	15	4.093664012508532e-06	0.7678632697143937	0.8495726737490064	0.9097436156322358	0.063	1.0
B_plasma	26	STAT1	AxisComposite	0.8420512820512819	6.936896566689326e-08	301	4.093664012508532e-06	0.8338461775749805	0.8564102807811915	0.8721367769552174	0.298	1.0
B_plasma	26	FOXH1	AxisComposite	0.8413675213675212	7.278794195334366e-08	13	4.093664012508532e-06	0.7535042949468049	0.8489572891161097	0.9076923335225803	0.063	1.0
B_plasma	26	GATA4	AxisComposite	0.8413675213675212	7.278794195334366e-08	139	4.093664012508532e-06	0.8270085705427953	0.8584615628908471	0.8823931875034952	0.271	1.0
B_plasma	26	IRF3	AxisComposite	0.8413675213675212	7.278794195334366e-08	82	4.093664012508532e-06	0.8194872028073916	0.8564444688163524	0.8899145552388988	0.186	1.0
B_plasma	26	NR0B2	AxisComposite	0.8413675213675212	7.278794195334366e-08	116	4.093664012508532e-06	0.8235897670267027	0.8598290842972841	0.9008547264903951	0.209	1.0
B_plasma	26	SMARCC1	AxisComposite	0.8413675213675212	7.278794195334366e-08	8	4.093664012508532e-06	0.713846174160131	0.835897459684636	0.8844444696131507	0.039	1.0
B_plasma	26	STAT2	AxisComposite	0.8413675213675212	7.278794195334366e-08	49	4.093664012508532e-06	0.8102564333139417	0.8605470330356635	0.8912820766453359	0.164	1.0
B_plasma	26	HESX1	AxisComposite	0.8406837606837606	7.635831365084317e-08	30	4.097018484162482e-06	0.7969230996011807	0.8564102807811915	0.8892307945356803	0.123	1.0
B_plasma	26	MBD2	AxisComposite	0.8406837606837606	7.635831365084317e-08	89	4.097018484162482e-06	0.8208547242138287	0.8598290842972841	0.895384640864647	0.222	1.0
B_plasma	26	SMAD4	AxisComposite	0.8406837606837606	7.635831365084317e-08	142	4.097018484162482e-06	0.8270085705427953	0.8564444688163524	0.8789743839874026	0.24	1.0
B_plasma	26	STAT5A	AxisComposite	0.8406837606837606	7.635831365084317e-08	210	4.097018484162482e-06	0.8311111347621064	0.8577778021876286	0.8817094268002766	0.285	1.0
B_plasma	26	ZNF699	AxisComposite	0.84	8.008602042127855e-08	55	4.248199355983275e-06	0.8143589975332528	0.8591453235940656	0.915213701257984	0.193	1.0
B_plasma	26	MYCN	AxisComposite	0.8393162393162392	8.397720450900756e-08	138	4.404557198292666e-06	0.8276923312460138	0.8591795116292265	0.9001709657871766	0.291	1.0
B_plasma	26	SRSF2	AxisComposite	0.8386324786324786	8.80382165837698e-08	11	4.566248833478193e-06	0.7370940380695605	0.841401733345545	0.9049572907097062	0.054	1.0
B_plasma	26	REL	AxisComposite	0.837948717948718	9.227562171988866e-08	812	4.63164088374667e-06	0.835897459684636	0.8543931867066968	0.8694017341423433	0.434	1.0
B_plasma	26	SMAD5	AxisComposite	0.837948717948718	9.227562171988866e-08	35	4.63164088374667e-06	0.8017094245237103	0.8598290842972841	0.898119683677521	0.151	1.0
B_plasma	26	SP4	AxisComposite	0.837948717948718	9.227562171988866e-08	48	4.63164088374667e-06	0.8088889119075047	0.8605470330356635	0.8940171194582099	0.193	1.0
B_plasma	26	HNF4A	AxisComposite	0.8372649572649572	9.669620551410691e-08	278	4.751346182524748e-06	0.8324786561685434	0.855726520077973	0.8796581446906211	0.404	1.0
B_plasma	26	TFAP2A	AxisComposite	0.8372649572649572	9.669620551410691e-08	311	4.751346182524748e-06	0.8324786561685434	0.8550427593747545	0.8851282303163692	0.387	1.0
B_plasma	26	KLF11	AxisComposite	0.8365811965811965	1.013069803444403e-07	27	4.8065574771889354e-06	0.790769253272214	0.855726520077973	0.9097436156322358	0.148	1.0
B_plasma	26	NR1I2	AxisComposite	0.8365811965811965	1.013069803444403e-07	228	4.8065574771889354e-06	0.8324786561685434	0.8564102807811915	0.8762393411745285	0.39	1.0
B_plasma	26	SP1	AxisComposite	0.8365811965811965	1.013069803444403e-07	1322	4.8065574771889354e-06	0.8365812203878545	0.8516239558586619	0.8659829306262508	0.512	1.0
B_plasma	26	E2F1	AxisComposite	0.8358974358974358	1.0611519177246296e-07	310	4.8065574771889354e-06	0.833162416871762	0.85709404148441	0.8735042983616544	0.44	1.0
B_plasma	26	CEBPB	AxisComposite	0.8352136752136751	1.1112832509144289e-07	445	4.8065574771889354e-06	0.8352136989814175	0.8543931867066968	0.8714530162519989	0.505	1.0
B_plasma	26	SNAI2	AxisComposite	0.8352136752136751	1.1112832509144289e-07	48	4.8065574771889354e-06	0.8088889119075047	0.8605470330356635	0.8940171194582099	0.224	1.0
B_plasma	26	CUX1	AxisComposite	0.8345299145299144	1.1635411202278272e-07	109	4.8065574771889354e-06	0.8249572884331398	0.8591453235940656	0.8858119910195877	0.332	1.0
B_plasma	26	NFKB1_NFKB2	AxisComposite	0.8345299145299144	1.1635411202278272e-07	794	4.8065574771889354e-06	0.835897459684636	0.8536752379683175	0.8659829306262508	0.544	1.0
B_plasma	26	NFKB1_REL	AxisComposite	0.8345299145299144	1.1635411202278272e-07	794	4.8065574771889354e-06	0.835897459684636	0.8536752379683175	0.8659829306262508	0.544	1.0
B_plasma	26	NFKB1_RELA	AxisComposite	0.8345299145299144	1.1635411202278272e-07	794	4.8065574771889354e-06	0.835897459684636	0.8536752379683175	0.8659829306262508	0.544	1.0
B_plasma	26	NFKB1_RELB	AxisComposite	0.8345299145299144	1.1635411202278272e-07	794	4.8065574771889354e-06	0.835897459684636	0.8536752379683175	0.8659829306262508	0.544	1.0
B_plasma	26	NFKB2_REL	AxisComposite	0.8345299145299144	1.1635411202278272e-07	794	4.8065574771889354e-06	0.835897459684636	0.8536752379683175	0.8659829306262508	0.544	1.0
B_plasma	26	NFKB2_RELA	AxisComposite	0.8345299145299144	1.1635411202278272e-07	794	4.8065574771889354e-06	0.835897459684636	0.8536752379683175	0.8659829306262508	0.544	1.0
B_plasma	26	NFKB2_RELB	AxisComposite	0.8345299145299144	1.1635411202278272e-07	794	4.8065574771889354e-06	0.835897459684636	0.8536752379683175	0.8659829306262508	0.544	1.0
B_plasma	26	RELA_RELB	AxisComposite	0.8345299145299144	1.1635411202278272e-07	794	4.8065574771889354e-06	0.835897459684636	0.8536752379683175	0.8659829306262508	0.544	1.0
B_plasma	26	REL_RELA	AxisComposite	0.8345299145299144	1.1635411202278272e-07	794	4.8065574771889354e-06	0.835897459684636	0.8536752379683175	0.8659829306262508	0.544	1.0
B_plasma	26	REL_RELB	AxisComposite	0.8345299145299144	1.1635411202278272e-07	794	4.8065574771889354e-06	0.835897459684636	0.8536752379683175	0.8659829306262508	0.544	1.0
B_plasma	26	STAT5B	AxisComposite	0.8345299145299144	1.1635411202278272e-07	103	4.8065574771889354e-06	0.8249572884331398	0.8598290842972841	0.8899145552388988	0.343	1.0
B_plasma	26	MYB	AxisComposite	0.833162393162393	1.2747584698543132e-07	179	5.174410901982552e-06	0.8290598526524509	0.8564102807811915	0.8823931875034952	0.416	1.0
B_plasma	26	SMARCA1	AxisComposite	0.833162393162393	1.2747584698543132e-07	52	5.174410901982552e-06	0.8105983136655509	0.8591795116292265	0.898119683677521	0.232	1.0
B_plasma	26	ETS1	AxisComposite	0.8324786324786325	1.333885529941251e-07	230	5.321861242534837e-06	0.8311111347621064	0.8564102807811915	0.8830769482067137	0.469	1.0
B_plasma	26	REST	AxisComposite	0.8324786324786325	1.333885529941251e-07	81	5.321861242534837e-06	0.8201709635106101	0.8598290842972841	0.896752162271084	0.307	1.0
B_plasma	26	E2F4	AxisComposite	0.8317948717948718	1.3954744304089752e-07	163	5.383532761280244e-06	0.8290598526524509	0.8564102807811915	0.8878632731292433	0.444	1.0
B_plasma	26	ESR2	AxisComposite	0.8317948717948718	1.3954744304089752e-07	206	5.383532761280244e-06	0.8311111347621064	0.8571282295195709	0.874188059064873	0.49	1.0
B_plasma	26	HOXA10	AxisComposite	0.8317948717948718	1.3954744304089752e-07	49	5.383532761280244e-06	0.8102564333139417	0.8605470330356635	0.8912820766453359	0.261	1.0
B_plasma	26	RELB	AxisComposite	0.8317948717948718	1.3954744304089752e-07	811	5.383532761280244e-06	0.835897459684636	0.854358998671536	0.8680342127359063	0.647	1.0
B_plasma	26	BRCA1	AxisComposite	0.831111111111111	1.4596158679968148e-07	60	5.450789497447305e-06	0.8164102796429082	0.8632478878133767	0.9070085728193618	0.318	1.0
B_plasma	26	LEF1	AxisComposite	0.831111111111111	1.4596158679968148e-07	118	5.450789497447305e-06	0.8270085705427953	0.8611966057037211	0.898119683677521	0.405	1.0
B_plasma	26	POU1F1	AxisComposite	0.831111111111111	1.4596158679968148e-07	56	5.450789497447305e-06	0.8126495957752065	0.8591453235940656	0.9015384871936136	0.285	1.0
B_plasma	26	TP63	AxisComposite	0.831111111111111	1.4596158679968148e-07	200	5.450789497447305e-06	0.8311111347621064	0.8598290842972841	0.8789743839874026	0.51	1.0
B_plasma	26	TCF3	AxisComposite	0.8304273504273504	1.526403438058306e-07	127	5.65496130861601e-06	0.8256410491363583	0.8571282295195709	0.8912820766453359	0.415	1.0
B_plasma	26	CLOCK	AxisComposite	0.8297435897435896	1.5959337126130685e-07	65	5.6868844049448884e-06	0.8174359206977361	0.8618803664069397	0.9022222478968321	0.337	1.0
B_plasma	26	MXD1	AxisComposite	0.8297435897435896	1.5959337126130685e-07	28	5.6868844049448884e-06	0.7948718174915251	0.85709404148441	0.9083760942257988	0.193	1.0
B_plasma	26	NFKB2	AxisComposite	0.8297435897435896	1.5959337126130685e-07	815	5.6868844049448884e-06	0.8365812203878545	0.8536752379683175	0.8694017341423433	0.727	1.0
B_plasma	26	POU5F1	AxisComposite	0.8297435897435896	1.5959337126130685e-07	92	5.6868844049448884e-06	0.8235897670267027	0.8605128450005026	0.8988034443807396	0.413	1.0
B_plasma	26	RORA	AxisComposite	0.8297435897435896	1.5959337126130685e-07	86	5.6868844049448884e-06	0.8201709635106101	0.8577778021876286	0.8960684015678655	0.348	1.0
B_plasma	26	GATA3	AxisComposite	0.8290598290598289	1.6683063200860038e-07	190	5.855378873805614e-06	0.8304273740588879	0.8571282295195709	0.8762393411745285	0.536	1.0
B_plasma	26	TP53	AxisComposite	0.8290598290598289	1.6683063200860038e-07	963	5.855378873805614e-06	0.8352136989814175	0.8529914772650989	0.8673504520326878	0.733	1.0
B_plasma	26	ELK1	AxisComposite	0.8283760683760684	1.7436240267608167e-07	61	5.941048873663863e-06	0.8167521599945176	0.861264981774043	0.9029060086000507	0.333	1.0
B_plasma	26	ESR1	AxisComposite	0.8283760683760684	1.7436240267608167e-07	622	5.941048873663863e-06	0.835897459684636	0.8550769474099154	0.8680342127359063	0.727	1.0
B_plasma	26	NSD2	AxisComposite	0.8283760683760684	1.7436240267608167e-07	8	5.941048873663863e-06	0.713846174160131	0.835897459684636	0.8844444696131507	0.065	1.0
B_plasma	26	SOX6	AxisComposite	0.8283760683760684	1.7436240267608167e-07	24	5.941048873663863e-06	0.7866666890529029	0.8550769474099154	0.8926495980517729	0.186	1.0
B_plasma	26	HEY1	AxisComposite	0.8276923076923076	1.8219928199744738e-07	32	6.075044631172032e-06	0.8003419031172733	0.8564444688163524	0.9097436156322358	0.219	1.0
B_plasma	26	KAT7	AxisComposite	0.8276923076923076	1.8219928199744738e-07	83	6.075044631172032e-06	0.8201709635106101	0.85709404148441	0.9111111370386729	0.385	1.0
B_plasma	26	ZEB1	AxisComposite	0.8276923076923076	1.8219928199744738e-07	63	6.075044631172032e-06	0.8157265189396898	0.8618803664069397	0.9035897693032692	0.333	1.0
B_plasma	26	EGR1	AxisComposite	0.827008547008547	1.9035219930794422e-07	359	6.257493425137208e-06	0.833162416871762	0.8564102807811915	0.8776068625809655	0.683	1.0
B_plasma	26	NFIB	AxisComposite	0.827008547008547	1.9035219930794422e-07	26	6.257493425137208e-06	0.7914530139754326	0.8550427593747545	0.9186325047740765	0.199	1.0
B_plasma	26	CDX2	AxisComposite	0.8263247863247863	1.9883242322014113e-07	77	6.4454843860529085e-06	0.8208547242138287	0.8591453235940656	0.8885470338324618	0.423	1.0
B_plasma	26	ZBTB16	AxisComposite	0.8263247863247863	1.9883242322014113e-07	50	6.4454843860529085e-06	0.8126495957752065	0.861230793738882	0.9193162654772951	0.345	1.0
B_plasma	26	FOXF1	AxisComposite	0.8259234409137424	2.039671341590899e-07	8	6.5663350500319425e-06	0.713846174160131	0.835897459684636	0.8844444696131507	0.07	1.0
B_plasma	26	NR3C1	AxisComposite	0.8256410256410256	2.076515704819606e-07	288	6.639161171299945e-06	0.8324786561685434	0.85709404148441	0.8721367769552174	0.668	1.0
B_plasma	26	ASCL1	AxisComposite	0.8249572649572647	2.1682161501975669e-07	69	6.747488659414828e-06	0.8174359206977361	0.8571282295195709	0.9022222478968321	0.407	1.0
B_plasma	26	HMGA1	AxisComposite	0.8249572649572647	2.1682161501975669e-07	72	6.747488659414828e-06	0.8194872028073916	0.8577778021876286	0.9008547264903951	0.416	1.0
B_plasma	26	NCOA2	AxisComposite	0.8249572649572647	2.1682161501975669e-07	62	6.747488659414828e-06	0.8153846385880805	0.8605470330356635	0.8919658373485544	0.369	1.0
B_plasma	26	NFIC	AxisComposite	0.8249572649572647	2.1682161501975669e-07	81	6.747488659414828e-06	0.8201709635106101	0.8598290842972841	0.896752162271084	0.442	1.0
B_plasma	26	ARID4A	AxisComposite	0.8242735042735042	2.263548971692127e-07	5	6.77323499990952e-06	0.6707692498573643	0.8243077157650821	0.9097436156322358	0.052	1.0
B_plasma	26	FOXN1	AxisComposite	0.8242735042735042	2.263548971692127e-07	55	6.77323499990952e-06	0.8143589975332528	0.8591453235940656	0.915213701257984	0.379	1.0
B_plasma	26	MAX	AxisComposite	0.8242735042735042	2.263548971692127e-07	48	6.77323499990952e-06	0.8088889119075047	0.8605470330356635	0.8940171194582099	0.338	1.0
B_plasma	26	MYOD1	AxisComposite	0.8242735042735042	2.263548971692127e-07	142	6.77323499990952e-06	0.8270085705427953	0.8564444688163524	0.8789743839874026	0.561	1.0
B_plasma	26	NR4A1	AxisComposite	0.8242735042735042	2.263548971692127e-07	109	6.77323499990952e-06	0.8249572884331398	0.8591453235940656	0.8858119910195877	0.516	1.0
B_plasma	26	YBX3	AxisComposite	0.8242735042735042	2.263548971692127e-07	26	6.77323499990952e-06	0.7914530139754326	0.8550427593747545	0.9186325047740765	0.223	1.0
B_plasma	26	RCOR2	AxisComposite	0.8229059829059829	2.465624244154475e-07	16	7.28451517197031e-06	0.7671795090111753	0.8475213916393508	0.9029060086000507	0.147	1.0
B_plasma	26	TP73	AxisComposite	0.8229059829059829	2.465624244154475e-07	125	7.28451517197031e-06	0.8270085705427953	0.8591453235940656	0.8905983159421174	0.604	1.0
B_plasma	26	KMT2A	AxisComposite	0.8222222222222222	2.572632679946375e-07	69	7.459036863347627e-06	0.8174359206977361	0.8571282295195709	0.9022222478968321	0.441	1.0
B_plasma	26	SUPT20H	AxisComposite	0.8222222222222222	2.572632679946375e-07	5	7.459036863347627e-06	0.6707692498573643	0.8243077157650821	0.9097436156322358	0.056	1.0
B_plasma	26	TBX5	AxisComposite	0.8222222222222222	2.572632679946375e-07	25	7.459036863347627e-06	0.7887179711625585	0.8584615628908471	0.9254701118062617	0.224	1.0
B_plasma	26	CDX1	AxisComposite	0.8215384615384614	2.6838056597229997e-07	43	7.546990855172869e-06	0.8085470315558954	0.8591453235940656	0.9015384871936136	0.36	1.0
B_plasma	26	NFYC	AxisComposite	0.8215384615384614	2.6838056597229997e-07	23	7.546990855172869e-06	0.7846154069432474	0.854358998671536	0.8947008801614285	0.229	1.0
B_plasma	26	TBP	AxisComposite	0.8215384615384614	2.6838056597229997e-07	162	7.546990855172869e-06	0.8283760919492323	0.8564102807811915	0.8960684015678655	0.644	1.0
B_plasma	26	TFCP2	AxisComposite	0.8215384615384614	2.6838056597229997e-07	73	7.546990855172869e-06	0.8188034421041731	0.8605470330356635	0.8899145552388988	0.466	1.0
B_plasma	26	TWIST1	AxisComposite	0.8215384615384614	2.6838056597229997e-07	78	7.546990855172869e-06	0.8194872028073916	0.8591453235940656	0.8885470338324618	0.477	1.0
B_plasma	26	CTNNB1	AxisComposite	0.8208547008547009	2.799286359668852e-07	336	7.686511015843648e-06	0.8324786561685434	0.8564444688163524	0.87555558047131	0.777	1.0
B_plasma	26	ESRRG	AxisComposite	0.8208547008547009	2.799286359668852e-07	25	7.686511015843648e-06	0.7887179711625585	0.8584615628908471	0.9254701118062617	0.235	1.0
B_plasma	26	FOXM1	AxisComposite	0.8208547008547009	2.799286359668852e-07	96	7.686511015843648e-06	0.8229060063234842	0.8591453235940656	0.8940171194582099	0.538	1.0
B_plasma	26	TRPS1	AxisComposite	0.8208547008547009	2.799286359668852e-07	16	7.686511015843648e-06	0.7671795090111753	0.8475213916393508	0.9029060086000507	0.159	1.0
B_plasma	26	HOXD8	AxisComposite	0.8201709401709402	2.9192222149527117e-07	5	7.876837745317489e-06	0.6707692498573643	0.8243077157650821	0.9097436156322358	0.056	1.0
B_plasma	26	NR5A2	AxisComposite	0.8201709401709402	2.9192222149527117e-07	64	7.876837745317489e-06	0.8150427582364712	0.8577778021876286	0.8892307945356803	0.437	1.0
B_plasma	26	SOX10	AxisComposite	0.8201709401709402	2.9192222149527117e-07	37	7.876837745317489e-06	0.8017094245237103	0.8557607081131339	0.8974359229743025	0.302	1.0
B_plasma	26	KDM5B	AxisComposite	0.8194871794871793	3.0437650259847e-07	36	8.165686862814127e-06	0.8003419031172733	0.8632478878133767	0.9029060086000507	0.325	1.0
B_plasma	26	ATF2	AxisComposite	0.8188034188034188	3.1730710667830426e-07	118	8.368302677821041e-06	0.8270085705427953	0.8611966057037211	0.898119683677521	0.647	1.0
B_plasma	26	FOXO3	AxisComposite	0.8188034188034188	3.1730710667830426e-07	195	8.368302677821041e-06	0.8297436133556694	0.8591453235940656	0.8782906232841841	0.726	1.0
B_plasma	26	NFE2L1	AxisComposite	0.8188034188034188	3.1730710667830426e-07	8	8.368302677821041e-06	0.713846174160131	0.835897459684636	0.8844444696131507	0.098	1.0
B_plasma	26	TAL1	AxisComposite	0.818119658119658	3.3073011954803196e-07	95	8.624850268436944e-06	0.8229060063234842	0.8611966057037211	0.8940171194582099	0.59	1.0
B_plasma	26	TSC22D1	AxisComposite	0.818119658119658	3.3073011954803196e-07	7	8.624850268436944e-06	0.7022222422054161	0.8325128442037043	0.9008547264903951	0.087	1.0
B_plasma	26	DDIT3	AxisComposite	0.8174358974358973	3.44662096699826e-07	99	8.743927540189063e-06	0.8229060063234842	0.8584615628908471	0.8851282303163692	0.592	1.0
B_plasma	26	KDM5D	AxisComposite	0.8174358974358973	3.44662096699826e-07	6	8.743927540189063e-06	0.6991453190409328	0.8345641263133599	0.9035897693032692	0.079	1.0
B_plasma	26	NFE2	AxisComposite	0.8174358974358973	3.44662096699826e-07	22	8.743927540189063e-06	0.7791453213174993	0.8523419045970413	0.9001709657871766	0.225	1.0
B_plasma	26	NOTCH1	AxisComposite	0.8174358974358973	3.44662096699826e-07	67	8.743927540189063e-06	0.8167521599945176	0.8625641271101582	0.8899145552388988	0.495	1.0
B_plasma	26	SP3	AxisComposite	0.8174358974358973	3.44662096699826e-07	445	8.743927540189063e-06	0.8352136989814175	0.8543931867066968	0.8714530162519989	0.9	1.0
B_plasma	26	GLI3	AxisComposite	0.8167521367521368	3.5912007479224056e-07	43	8.964558872353897e-06	0.8085470315558954	0.8591453235940656	0.9015384871936136	0.408	1.0
B_plasma	26	NR2C1	AxisComposite	0.8167521367521368	3.5912007479224056e-07	21	8.964558872353897e-06	0.7805128427239363	0.8516239558586619	0.9200000261805136	0.223	1.0
B_plasma	26	ZNF350	AxisComposite	0.8167521367521368	3.5912007479224056e-07	9	8.964558872353897e-06	0.7237607043567994	0.8420513060136027	0.9035897693032692	0.115	1.0
B_plasma	26	HIF1A	AxisComposite	0.816068376068376	3.7412158336066577e-07	458	9.289359314508445e-06	0.8352136989814175	0.8536752379683175	0.8728205376584359	0.91	1.0
B_plasma	26	E2F3	AxisComposite	0.8153846153846154	3.896846567537868e-07	68	9.474208217326442e-06	0.8153846385880805	0.859863272332445	0.8988034443807396	0.508	1.0
B_plasma	26	NCOA3	AxisComposite	0.8153846153846154	3.896846567537868e-07	73	9.474208217326442e-06	0.8188034421041731	0.8605470330356635	0.8899145552388988	0.554	1.0
B_plasma	26	SMAD3	AxisComposite	0.8153846153846154	3.896846567537868e-07	189	9.474208217326442e-06	0.8300854937072786	0.8564102807811915	0.8776068625809655	0.807	1.0
B_plasma	26	TCF7L2	AxisComposite	0.8153846153846154	3.896846567537868e-07	116	9.474208217326442e-06	0.8235897670267027	0.8598290842972841	0.9008547264903951	0.648	1.0
B_plasma	26	LMO2	AxisComposite	0.8147008547008547	4.058278462992169e-07	29	9.815566769558262e-06	0.7914530139754326	0.8530256653002598	0.9001709657871766	0.292	1.0
B_plasma	26	BCOR	AxisComposite	0.8140170940170939	4.225702327012995e-07	7	1.0012983991115056e-05	0.7022222422054161	0.8325128442037043	0.9008547264903951	0.094	1.0
B_plasma	26	GATA6	AxisComposite	0.8140170940170939	4.225702327012995e-07	86	1.0012983991115056e-05	0.8201709635106101	0.8577778021876286	0.8960684015678655	0.606	1.0
B_plasma	26	MTF1	AxisComposite	0.8140170940170939	4.225702327012995e-07	32	1.0012983991115056e-05	0.8003419031172733	0.8564444688163524	0.9097436156322358	0.343	1.0
B_plasma	26	ZNF91	AxisComposite	0.8140170940170939	4.225702327012995e-07	49	1.0012983991115056e-05	0.8102564333139417	0.8605470330356635	0.8912820766453359	0.455	1.0
B_plasma	26	MYC	AxisComposite	0.8133333333333332	4.399314386742778e-07	873	1.0267999778657644e-05	0.835897459684636	0.8536752379683175	0.8700854948455619	0.966	1.0
B_plasma	26	OTX2	AxisComposite	0.8133333333333332	4.399314386742778e-07	42	1.0267999778657644e-05	0.8044444673365843	0.8591453235940656	0.8919658373485544	0.398	1.0
B_plasma	26	VDR	AxisComposite	0.8133333333333332	4.399314386742778e-07	148	1.0267999778657644e-05	0.8276923312460138	0.8584615628908471	0.8830769482067137	0.76	1.0
B_plasma	26	NCOA1	AxisComposite	0.8126495726495726	4.5793164181395837e-07	90	1.04785534509194e-05	0.8222222456202657	0.8584957509260079	0.8912820766453359	0.644	1.0
B_plasma	26	NR5A1	AxisComposite	0.8126495726495726	4.5793164181395837e-07	107	1.04785534509194e-05	0.8229060063234842	0.8591453235940656	0.8892307945356803	0.678	1.0
B_plasma	26	PPARA	AxisComposite	0.8126495726495726	4.5793164181395837e-07	263	1.04785534509194e-05	0.8311111347621064	0.8564102807811915	0.8871795124260248	0.884	1.0
B_plasma	26	THRA	AxisComposite	0.8126495726495726	4.5793164181395837e-07	83	1.04785534509194e-05	0.8201709635106101	0.85709404148441	0.9111111370386729	0.62	1.0
B_plasma	26	SMAD1	AxisComposite	0.8119658119658119	4.7659158771095816e-07	74	1.079965791958618e-05	0.8194872028073916	0.8591795116292265	0.9035897693032692	0.615	1.0
B_plasma	26	KAT5	AxisComposite	0.8112820512820512	4.959326033087666e-07	57	1.1183639576064359e-05	0.814700877884862	0.8577778021876286	0.8994872050839581	0.551	1.0
B_plasma	26	ID1	AxisComposite	0.8105982905982906	5.159766105098348e-07	76	1.1524300563923009e-05	0.8188034421041731	0.8578119902227894	0.9200000261805136	0.639	1.0
B_plasma	26	WT1	AxisComposite	0.8105982905982906	5.159766105098348e-07	156	1.1524300563923009e-05	0.8270085705427953	0.8564102807811915	0.8878632731292433	0.8	1.0
B_plasma	26	NFE2L2	AxisComposite	0.8099145299145298	5.36746140032812e-07	201	1.1931099912729364e-05	0.8304273740588879	0.8591453235940656	0.8796581446906211	0.864	1.0
B_plasma	26	ATF1	AxisComposite	0.8092307692307692	5.582643455242203e-07	84	1.2177467125733928e-05	0.8218803652686564	0.8605470330356635	0.9029060086000507	0.671	1.0
B_plasma	26	GATA1	AxisComposite	0.8092307692307692	5.582643455242203e-07	147	1.2177467125733928e-05	0.8283760919492323	0.8591453235940656	0.8892307945356803	0.828	1.0
B_plasma	26	KLF5	AxisComposite	0.8092307692307692	5.582643455242203e-07	75	1.2177467125733928e-05	0.8188034421041731	0.8584615628908471	0.8905983159421174	0.628	1.0
B_plasma	26	KLF6	AxisComposite	0.8092307692307692	5.582643455242203e-07	60	1.2177467125733928e-05	0.8164102796429082	0.8632478878133767	0.9070085728193618	0.581	1.0
B_plasma	26	NUPR1	AxisComposite	0.8085470085470086	5.80555017927817e-07	6	1.2488621307313594e-05	0.6991453190409328	0.8345641263133599	0.9035897693032692	0.1	1.0
B_plasma	26	YBX1	AxisComposite	0.8085470085470086	5.80555017927817e-07	91	1.2488621307313594e-05	0.8229060063234842	0.8591453235940656	0.896752162271084	0.702	1.0
B_plasma	26	ZBTB32	AxisComposite	0.8085470085470086	5.80555017927817e-07	5	1.2488621307313594e-05	0.6707692498573643	0.8243077157650821	0.9097436156322358	0.087	1.0
B_plasma	26	FOXP3	AxisComposite	0.8078632478632478	6.036426001148585e-07	52	1.2808198442437087e-05	0.8105983136655509	0.8591795116292265	0.898119683677521	0.538	1.0
B_plasma	26	MEIS2	AxisComposite	0.8078632478632478	6.036426001148585e-07	9	1.2808198442437087e-05	0.7237607043567994	0.8420513060136027	0.9035897693032692	0.151	1.0
B_plasma	26	NR2C2	AxisComposite	0.8078632478632478	6.036426001148585e-07	59	1.2808198442437087e-05	0.8153846385880805	0.8605128450005026	0.9076923335225803	0.615	1.0
B_plasma	26	HOXA5	AxisComposite	0.8071794871794871	6.275522017785493e-07	16	1.3077739633492269e-05	0.7671795090111753	0.8475213916393508	0.9029060086000507	0.236	1.0
B_plasma	26	KLF10	AxisComposite	0.8071794871794871	6.275522017785493e-07	29	1.3077739633492269e-05	0.7914530139754326	0.8530256653002598	0.9001709657871766	0.365	1.0
B_plasma	26	NFATC1	AxisComposite	0.8071794871794871	6.275522017785493e-07	122	1.3077739633492269e-05	0.8263248098395768	0.8584615628908471	0.8823931875034952	0.799	1.0
B_plasma	26	NKX3-1	AxisComposite	0.8071794871794871	6.275522017785493e-07	70	1.3077739633492269e-05	0.8188034421041731	0.8577778021876286	0.8947008801614285	0.674	1.0
B_plasma	26	CRX	AxisComposite	0.8064957264957264	6.523096145960036e-07	31	1.3296861488795393e-05	0.7962393388979622	0.8584957509260079	0.8974359229743025	0.422	1.0
B_plasma	26	DNMT3A	AxisComposite	0.8064957264957264	6.523096145960036e-07	60	1.3296861488795393e-05	0.8164102796429082	0.8632478878133767	0.9070085728193618	0.625	1.0
B_plasma	26	GABPA	AxisComposite	0.8064957264957264	6.523096145960036e-07	48	1.3296861488795393e-05	0.8088889119075047	0.8605470330356635	0.8940171194582099	0.534	1.0
B_plasma	26	SIRT1	AxisComposite	0.8064957264957264	6.523096145960036e-07	62	1.3296861488795393e-05	0.8153846385880805	0.8605470330356635	0.8919658373485544	0.62	1.0
B_plasma	26	SOX9	AxisComposite	0.8064957264957264	6.523096145960036e-07	104	1.3296861488795393e-05	0.8249572884331398	0.8584957509260079	0.8912820766453359	0.781	1.0
B_plasma	26	PITX2	AxisComposite	0.8058119658119658	6.779413276609926e-07	140	1.375926138052832e-05	0.8276923312460138	0.8577778021876286	0.8823931875034952	0.836	1.0
B_plasma	26	PITX1	AxisComposite	0.8044444444444444	7.319371925106236e-07	39	1.4790834695409483e-05	0.8037607066333657	0.859863272332445	0.9083760942257988	0.498	1.0
B_plasma	26	NR2F1	AxisComposite	0.803076923076923	7.897662612347509e-07	67	1.5822441662849002e-05	0.8167521599945176	0.8625641271101582	0.8899145552388988	0.669	1.0
B_plasma	26	ABL1	AxisComposite	0.8023931623931623	8.201923366389125e-07	10	1.608679759424556e-05	0.7305983113889846	0.8448205368616376	0.917948744070858	0.17	1.0
B_plasma	26	BCL3	AxisComposite	0.8023931623931623	8.201923366389125e-07	28	1.608679759424556e-05	0.7948718174915251	0.85709404148441	0.9083760942257988	0.431	1.0
B_plasma	26	MAF	AxisComposite	0.8023931623931623	8.201923366389125e-07	64	1.608679759424556e-05	0.8150427582364712	0.8577778021876286	0.8892307945356803	0.675	1.0
B_plasma	26	ZNF148	AxisComposite	0.8023931623931623	8.201923366389125e-07	29	1.608679759424556e-05	0.7914530139754326	0.8530256653002598	0.9001709657871766	0.413	1.0
B_plasma	26	APEX1	AxisComposite	0.8017094017094016	8.516671917973535e-07	41	1.6634236197949986e-05	0.805470108391412	0.8577778021876286	0.9022222478968321	0.544	1.0
B_plasma	26	ZBTB17	AxisComposite	0.8010256410256409	8.84222653285539e-07	43	1.7126769068617826e-05	0.8085470315558954	0.8591453235940656	0.9015384871936136	0.579	1.0
B_plasma	26	ZNF331	AxisComposite	0.8010256410256409	8.84222653285539e-07	17	1.7126769068617826e-05	0.770940192878877	0.8571282295195709	0.9336752402448839	0.284	1.0
B_plasma	26	DNMT1	AxisComposite	0.8003418803418804	9.178913787079526e-07	184	1.75603153926587e-05	0.8290598526524509	0.85709404148441	0.8817094268002766	0.938	1.0
B_plasma	26	KLF8	AxisComposite	0.8003418803418804	9.178913787079526e-07	21	1.75603153926587e-05	0.7805128427239363	0.8516239558586619	0.9200000261805136	0.342	1.0
B_plasma	26	NKX2-5	AxisComposite	0.8003418803418804	9.178913787079526e-07	72	1.75603153926587e-05	0.8194872028073916	0.8577778021876286	0.9008547264903951	0.742	1.0
B_plasma	26	DBP	AxisComposite	0.7996581196581196	9.527068747192885e-07	35	1.7788942764758557e-05	0.8017094245237103	0.8598290842972841	0.898119683677521	0.522	1.0
B_plasma	26	FEZF2	AxisComposite	0.7996581196581196	9.527068747192885e-07	8	1.7788942764758557e-05	0.713846174160131	0.835897459684636	0.8844444696131507	0.165	1.0
B_plasma	26	FOXD3	AxisComposite	0.7996581196581196	9.527068747192885e-07	15	1.7788942764758557e-05	0.7678632697143937	0.8495726737490064	0.9097436156322358	0.272	1.0
B_plasma	26	GLI1	AxisComposite	0.7996581196581196	9.527068747192885e-07	176	1.7788942764758557e-05	0.8297436133556694	0.8564102807811915	0.8810256660970581	0.931	1.0
B_plasma	26	INSM1	AxisComposite	0.7996581196581196	9.527068747192885e-07	5	1.7788942764758557e-05	0.6707692498573643	0.8243077157650821	0.9097436156322358	0.106	1.0
B_plasma	26	MEF2C	AxisComposite	0.7996581196581196	9.527068747192885e-07	88	1.7788942764758557e-05	0.8222222456202657	0.8584615628908471	0.8803419053938396	0.798	1.0
B_plasma	26	SMAD2	AxisComposite	0.7989743589743589	9.887035153502194e-07	107	1.8387521950816032e-05	0.8229060063234842	0.8591453235940656	0.8892307945356803	0.852	1.0
B_plasma	26	HDAC9	AxisComposite	0.7982905982905983	1.0259165606413714e-06	19	1.9003882956642545e-05	0.7729914749885326	0.855726520077973	0.9200000261805136	0.324	1.0
B_plasma	26	HEY2	AxisComposite	0.7976068376068376	1.0643821755888977e-06	19	1.9408343733003806e-05	0.7729914749885326	0.855726520077973	0.9200000261805136	0.332	1.0
B_plasma	26	NKX2-1	AxisComposite	0.7976068376068376	1.0643821755888977e-06	62	1.9408343733003806e-05	0.8153846385880805	0.8605470330356635	0.8919658373485544	0.734	1.0
B_plasma	26	NR1H4	AxisComposite	0.7976068376068376	1.0643821755888977e-06	134	1.9408343733003806e-05	0.8270085705427953	0.8591453235940656	0.8919658373485544	0.9	1.0
B_plasma	26	TBPL1	AxisComposite	0.7976068376068376	1.0643821755888977e-06	38	1.9408343733003806e-05	0.8051282280398028	0.861230793738882	0.9158974619612025	0.577	1.0
B_plasma	26	MTA1	AxisComposite	0.7962393162393162	1.145220415097343e-06	51	2.0482332941281215e-05	0.8123077154235971	0.85709404148441	0.9070085728193618	0.687	1.0
B_plasma	26	SALL4	AxisComposite	0.7962393162393162	1.145220415097343e-06	20	2.0482332941281215e-05	0.7784615606142807	0.8543931867066968	0.8919658373485544	0.374	1.0
B_plasma	26	SRY	AxisComposite	0.7962393162393162	1.145220415097343e-06	41	2.0482332941281215e-05	0.805470108391412	0.8577778021876286	0.9022222478968321	0.608	1.0
B_plasma	26	TGIF1	AxisComposite	0.7962393162393162	1.145220415097343e-06	12	2.0482332941281215e-05	0.7466666879146198	0.8502564344522249	0.915213701257984	0.256	1.0
B_plasma	26	GRHL2	AxisComposite	0.7955555555555555	1.187670069369975e-06	9	2.116047283900398e-05	0.7237607043567994	0.8420513060136027	0.9035897693032692	0.193	1.0
B_plasma	26	ESRRB	AxisComposite	0.7948717948717947	1.2315263928505196e-06	11	2.177562576449328e-05	0.7370940380695605	0.841401733345545	0.9049572907097062	0.225	1.0
B_plasma	26	MYBL1	AxisComposite	0.7948717948717947	1.2315263928505196e-06	12	2.177562576449328e-05	0.7466666879146198	0.8502564344522249	0.915213701257984	0.267	1.0
B_plasma	26	GCM1	AxisComposite	0.7941880341880342	1.2768303706459963e-06	10	2.2406932970584627e-05	0.7305983113889846	0.8448205368616376	0.917948744070858	0.205	1.0
B_plasma	26	RBPJ	AxisComposite	0.7941880341880342	1.2768303706459963e-06	155	2.2406932970584627e-05	0.8297436133556694	0.8598290842972841	0.8905983159421174	0.944	1.0
B_plasma	26	GATA2	AxisComposite	0.7935042735042734	1.323624013231549e-06	105	2.2969059084627774e-05	0.8242735277299212	0.8577778021876286	0.9022222478968321	0.892	1.0
B_plasma	26	SATB1	AxisComposite	0.7935042735042734	1.323624013231549e-06	44	2.2969059084627774e-05	0.8051282280398028	0.8571282295195709	0.8988034443807396	0.631	1.0
B_plasma	26	SIX1	AxisComposite	0.7935042735042734	1.323624013231549e-06	18	2.2969059084627774e-05	0.7736752356917511	0.8543931867066968	0.9097436156322358	0.366	1.0
B_plasma	26	ETS2	AxisComposite	0.7928205128205127	1.3719503776751977e-06	111	2.3458843820468216e-05	0.8256410491363583	0.8591795116292265	0.8960684015678655	0.918	1.0
B_plasma	26	NFATC4	AxisComposite	0.7928205128205127	1.3719503776751977e-06	41	2.3458843820468216e-05	0.805470108391412	0.8577778021876286	0.9022222478968321	0.645	1.0
B_plasma	26	NFYB	AxisComposite	0.7928205128205127	1.3719503776751977e-06	40	2.3458843820468216e-05	0.8044444673365843	0.8578119902227894	0.9104273763354543	0.63	1.0
B_plasma	26	ZNF143	AxisComposite	0.7928205128205127	1.3719503776751977e-06	29	2.3458843820468216e-05	0.7914530139754326	0.8530256653002598	0.9001709657871766	0.487	1.0
B_plasma	26	ARID1A	AxisComposite	0.7921367521367522	1.4218535892024847e-06	8	2.4047871573902892e-05	0.713846174160131	0.835897459684636	0.8844444696131507	0.188	1.0
B_plasma	26	SREBF1	AxisComposite	0.7921367521367522	1.4218535892024847e-06	130	2.4047871573902892e-05	0.8263248098395768	0.8577778021876286	0.8803419053938396	0.936	1.0
B_plasma	26	HDAC1	AxisComposite	0.7914529914529914	1.4733788631044072e-06	82	2.46513710859189e-05	0.8194872028073916	0.8564444688163524	0.8899145552388988	0.854	1.0
B_plasma	26	LMO4	AxisComposite	0.7914529914529914	1.4733788631044072e-06	5	2.46513710859189e-05	0.6707692498573643	0.8243077157650821	0.9097436156322358	0.129	1.0
B_plasma	26	SMAD7	AxisComposite	0.7914529914529914	1.4733788631044072e-06	66	2.46513710859189e-05	0.8184615617525639	0.8598290842972841	0.9029060086000507	0.786	1.0
B_plasma	26	EP300	AxisComposite	0.7907692307692307	1.5265725269921547e-06	74	2.5450144842854923e-05	0.8194872028073916	0.8591795116292265	0.9035897693032692	0.842	1.0
B_plasma	26	PAX5	AxisComposite	0.79008547008547	1.5814820434023874e-06	67	2.6178575101426753e-05	0.8167521599945176	0.8625641271101582	0.8899145552388988	0.808	1.0
B_plasma	26	AHR	AxisComposite	0.7894017094017093	1.6381560327565768e-06	193	2.664429394044495e-05	0.8304273740588879	0.8578119902227894	0.8885470338324618	0.977	1.0
B_plasma	26	EBF1	AxisComposite	0.7894017094017093	1.6381560327565768e-06	33	2.664429394044495e-05	0.8003419031172733	0.862598315145319	0.9193162654772951	0.596	1.0
B_plasma	26	HIVEP3	AxisComposite	0.7894017094017093	1.6381560327565768e-06	6	2.664429394044495e-05	0.6991453190409328	0.8345641263133599	0.9035897693032692	0.15	1.0
B_plasma	26	MTA3	AxisComposite	0.7894017094017093	1.6381560327565768e-06	12	2.664429394044495e-05	0.7466666879146198	0.8502564344522249	0.915213701257984	0.295	1.0
B_plasma	26	PGR	AxisComposite	0.7894017094017093	1.6381560327565768e-06	130	2.664429394044495e-05	0.8263248098395768	0.8577778021876286	0.8803419053938396	0.943	1.0
B_plasma	26	PRDM1	AxisComposite	0.7887179487179486	1.6966442966778927e-06	66	2.721627346011135e-05	0.8184615617525639	0.8598290842972841	0.9029060086000507	0.809	1.0
B_plasma	26	PURA	AxisComposite	0.7887179487179486	1.6966442966778927e-06	20	2.721627346011135e-05	0.7784615606142807	0.8543931867066968	0.8919658373485544	0.428	1.0
B_plasma	26	TFE3	AxisComposite	0.7887179487179486	1.6966442966778927e-06	36	2.721627346011135e-05	0.8003419031172733	0.8632478878133767	0.9029060086000507	0.61	1.0
B_plasma	26	XBP1	AxisComposite	0.7887179487179486	1.6966442966778927e-06	54	2.721627346011135e-05	0.8140171171816435	0.8564444688163524	0.9329914795416654	0.737	1.0
B_plasma	26	NFAT5	AxisComposite	0.7866666666666666	1.8835109699013974e-06	51	3.011037399828672e-05	0.8123077154235971	0.85709404148441	0.9070085728193618	0.766	1.0
B_plasma	26	CREB5	AxisComposite	0.785982905982906	1.9497788087805702e-06	12	3.054217274962316e-05	0.7466666879146198	0.8502564344522249	0.915213701257984	0.305	1.0
B_plasma	26	LITAF	AxisComposite	0.785982905982906	1.9497788087805702e-06	24	3.054217274962316e-05	0.7866666890529029	0.8550769474099154	0.8926495980517729	0.512	1.0
B_plasma	26	NKX2-2	AxisComposite	0.785982905982906	1.9497788087805702e-06	26	3.054217274962316e-05	0.7914530139754326	0.8550427593747545	0.9186325047740765	0.531	1.0
B_plasma	26	NKX6-3	AxisComposite	0.785982905982906	1.9497788087805702e-06	6	3.054217274962316e-05	0.6991453190409328	0.8345641263133599	0.9035897693032692	0.169	1.0
B_plasma	26	PAX3	AxisComposite	0.785982905982906	1.9497788087805702e-06	114	3.054217274962316e-05	0.8246154080815304	0.8598290842972841	0.8837607089099322	0.954	1.0
B_plasma	26	ZEB2	AxisComposite	0.785982905982906	1.9497788087805702e-06	29	3.054217274962316e-05	0.7914530139754326	0.8530256653002598	0.9001709657871766	0.546	1.0
B_plasma	26	ATF6	AxisComposite	0.7852991452991451	2.018128489950072e-06	56	3.098889404962808e-05	0.8126495957752065	0.8591453235940656	0.9015384871936136	0.796	1.0
B_plasma	26	DNMT3B	AxisComposite	0.7852991452991451	2.018128489950072e-06	70	3.098889404962808e-05	0.8188034421041731	0.8577778021876286	0.8947008801614285	0.852	1.0
B_plasma	26	HIC1	AxisComposite	0.7852991452991451	2.018128489950072e-06	21	3.098889404962808e-05	0.7805128427239363	0.8516239558586619	0.9200000261805136	0.463	1.0
B_plasma	26	MEF2A	AxisComposite	0.7852991452991451	2.018128489950072e-06	116	3.098889404962808e-05	0.8235897670267027	0.8598290842972841	0.9008547264903951	0.947	1.0
B_plasma	26	ZNF236	AxisComposite	0.7852991452991451	2.018128489950072e-06	14	3.098889404962808e-05	0.7565812181112882	0.8482051523425693	0.9104273763354543	0.351	1.0
B_plasma	26	DMAP1	AxisComposite	0.7846153846153845	2.08861741238098e-06	5	3.1966118298342346e-05	0.6707692498573643	0.8243077157650821	0.9097436156322358	0.146	1.0
B_plasma	26	MKX	AxisComposite	0.7839316239316239	2.1613043297814814e-06	7	3.275639159551933e-05	0.7022222422054161	0.8325128442037043	0.9008547264903951	0.193	1.0
B_plasma	26	PDX1	AxisComposite	0.7839316239316239	2.1613043297814814e-06	85	3.275639159551933e-05	0.8188034421041731	0.8584957509260079	0.8899145552388988	0.895	1.0
B_plasma	26	RARA	AxisComposite	0.7839316239316239	2.1613043297814814e-06	186	3.275639159551933e-05	0.8304273740588879	0.8584615628908471	0.8830769482067137	0.99	1.0
B_plasma	26	ID4	AxisComposite	0.7832478632478632	2.236249376904914e-06	14	3.378256340256355e-05	0.7565812181112882	0.8482051523425693	0.9104273763354543	0.36	1.0
B_plasma	26	CTBP2	AxisComposite	0.7825641025641025	2.3135140962479255e-06	16	3.4725028299952785e-05	0.7671795090111753	0.8475213916393508	0.9029060086000507	0.403	1.0
B_plasma	26	NFYA	AxisComposite	0.7825641025641025	2.3135140962479255e-06	92	3.4725028299952785e-05	0.8235897670267027	0.8605128450005026	0.8988034443807396	0.918	1.0
B_plasma	26	TBX15	AxisComposite	0.7818803418803418	2.3931614651425286e-06	28	3.557731757734179e-05	0.7948718174915251	0.85709404148441	0.9083760942257988	0.605	1.0
B_plasma	26	TEAD1	AxisComposite	0.7818803418803418	2.3931614651425286e-06	25	3.557731757734179e-05	0.7887179711625585	0.8584615628908471	0.9254701118062617	0.555	1.0
B_plasma	26	DLX3	AxisComposite	0.7811965811965812	2.475255923245621e-06	20	3.6107795780345494e-05	0.7784615606142807	0.8543931867066968	0.8919658373485544	0.479	1.0
B_plasma	26	POU2F1	AxisComposite	0.7811965811965812	2.475255923245621e-06	122	3.6107795780345494e-05	0.8263248098395768	0.8584615628908471	0.8823931875034952	0.964	1.0
B_plasma	26	SKIL	AxisComposite	0.7811965811965812	2.475255923245621e-06	20	3.6107795780345494e-05	0.7784615606142807	0.8543931867066968	0.8919658373485544	0.479	1.0
B_plasma	26	SP6	AxisComposite	0.7811965811965812	2.475255923245621e-06	5	3.6107795780345494e-05	0.6707692498573643	0.8243077157650821	0.9097436156322358	0.158	1.0
B_plasma	26	DLX5	AxisComposite	0.7805128205128204	2.5598634004296194e-06	37	3.6767514932939884e-05	0.8017094245237103	0.8557607081131339	0.8974359229743025	0.69	1.0
B_plasma	26	EZH2	AxisComposite	0.7805128205128204	2.5598634004296194e-06	154	3.6767514932939884e-05	0.8283760919492323	0.8564102807811915	0.8844444696131507	0.984	1.0
B_plasma	26	FOS	AxisComposite	0.7805128205128204	2.5598634004296194e-06	340	3.6767514932939884e-05	0.833162416871762	0.8557607081131339	0.8735042983616544	0.999	1.0
B_plasma	26	HDAC7	AxisComposite	0.7805128205128204	2.5598634004296194e-06	13	3.6767514932939884e-05	0.7535042949468049	0.8489572891161097	0.9076923335225803	0.352	1.0
B_plasma	26	NOTO	AxisComposite	0.7805128205128204	2.5598634004296194e-06	10	3.6767514932939884e-05	0.7305983113889846	0.8448205368616376	0.917948744070858	0.27	1.0
B_plasma	26	MSX2	AxisComposite	0.7798290598290597	2.6470513450777657e-06	47	3.790317692890494e-05	0.8078632708526768	0.85709404148441	0.9090598549290173	0.765	1.0
B_plasma	26	FOXA1	AxisComposite	0.7791452991452991	2.736888752787867e-06	70	3.906971467282497e-05	0.8188034421041731	0.8577778021876286	0.8947008801614285	0.887	1.0
B_plasma	26	ETV1	AxisComposite	0.7777777777777777	2.924795850968619e-06	22	4.124757411577496e-05	0.7791453213174993	0.8523419045970413	0.9001709657871766	0.515	1.0
B_plasma	26	NR3C2	AxisComposite	0.7777777777777777	2.924795850968619e-06	56	4.124757411577496e-05	0.8126495957752065	0.8591453235940656	0.9015384871936136	0.848	1.0
B_plasma	26	GFI1	AxisComposite	0.777094017094017	3.0230115328317732e-06	54	4.250427058812867e-05	0.8140171171816435	0.8564444688163524	0.9329914795416654	0.828	1.0
B_plasma	26	HOXD3	AxisComposite	0.7764102564102563	3.1241687208663268e-06	10	4.3019526811221283e-05	0.7305983113889846	0.8448205368616376	0.917948744070858	0.294	1.0
B_plasma	26	NR0B1	AxisComposite	0.7764102564102563	3.1241687208663268e-06	57	4.3019526811221283e-05	0.814700877884862	0.8577778021876286	0.8994872050839581	0.883	1.0
B_plasma	26	PKNOX1	AxisComposite	0.7764102564102563	3.1241687208663268e-06	20	4.3019526811221283e-05	0.7784615606142807	0.8543931867066968	0.8919658373485544	0.515	1.0
B_plasma	26	SSRP1	AxisComposite	0.7764102564102563	3.1241687208663268e-06	146	4.3019526811221283e-05	0.8270085705427953	0.8571282295195709	0.8817094268002766	0.988	1.0
B_plasma	26	VHL	AxisComposite	0.7764102564102563	3.1241687208663268e-06	24	4.3019526811221283e-05	0.7866666890529029	0.8550769474099154	0.8926495980517729	0.579	1.0
B_plasma	26	ESRRA	AxisComposite	0.7757264957264958	3.228344591847369e-06	48	4.380788533355674e-05	0.8088889119075047	0.8605470330356635	0.8940171194582099	0.828	1.0
B_plasma	26	FGF2	AxisComposite	0.7757264957264958	3.228344591847369e-06	10	4.380788533355674e-05	0.7305983113889846	0.8448205368616376	0.917948744070858	0.295	1.0
B_plasma	26	NEUROD1	AxisComposite	0.7757264957264958	3.228344591847369e-06	71	4.380788533355674e-05	0.8188034421041731	0.8571282295195709	0.8960684015678655	0.917	1.0
B_plasma	26	PREB	AxisComposite	0.7757264957264958	3.228344591847369e-06	23	4.380788533355674e-05	0.7846154069432474	0.854358998671536	0.8947008801614285	0.57	1.0
B_plasma	26	ARID4B	AxisComposite	0.775042735042735	3.3356180507669523e-06	12	4.4872233605130066e-05	0.7466666879146198	0.8502564344522249	0.915213701257984	0.364	1.0
B_plasma	26	ATOH7	AxisComposite	0.775042735042735	3.3356180507669523e-06	11	4.4872233605130066e-05	0.7370940380695605	0.841401733345545	0.9049572907097062	0.314	1.0
B_plasma	26	TCF12	AxisComposite	0.775042735042735	3.3356180507669523e-06	51	4.4872233605130066e-05	0.8123077154235971	0.85709404148441	0.9070085728193618	0.838	1.0
B_plasma	26	ZNF382	AxisComposite	0.7736752136752136	3.5597821838970664e-06	11	4.761336170324214e-05	0.7370940380695605	0.841401733345545	0.9049572907097062	0.322	1.0
B_plasma	26	ZNF217	AxisComposite	0.773520536867904	3.5859664984513346e-06	6	4.78265474707738e-05	0.6991453190409328	0.8345641263133599	0.9035897693032692	0.221	1.0
B_plasma	26	PBRM1	AxisComposite	0.7729914529914529	3.6768395963452965e-06	9	4.889882403344686e-05	0.7237607043567994	0.8420513060136027	0.9035897693032692	0.292	1.0
B_plasma	26	NR6A1	AxisComposite	0.7723076923076921	3.7973281387377016e-06	14	5.0073242236236136e-05	0.7565812181112882	0.8482051523425693	0.9104273763354543	0.425	1.0
B_plasma	26	POU4F2	AxisComposite	0.7723076923076921	3.7973281387377016e-06	34	5.0073242236236136e-05	0.8003419031172733	0.8557607081131339	0.917948744070858	0.705	1.0
B_plasma	26	SOX4	AxisComposite	0.7723076923076921	3.7973281387377016e-06	23	5.0073242236236136e-05	0.7846154069432474	0.854358998671536	0.8947008801614285	0.596	1.0
B_plasma	26	BCL6	AxisComposite	0.7716239316239316	3.921335840918089e-06	99	5.113071426090961e-05	0.8229060063234842	0.8584615628908471	0.8851282303163692	0.95	1.0
B_plasma	26	SREBF2	AxisComposite	0.7716239316239316	3.921335840918089e-06	70	5.113071426090961e-05	0.8188034421041731	0.8577778021876286	0.8947008801614285	0.93	1.0
B_plasma	26	BHLHE40	AxisComposite	0.7709401709401709	4.048952657567029e-06	41	5.206752343119253e-05	0.805470108391412	0.8577778021876286	0.9022222478968321	0.787	1.0
B_plasma	26	E2F2	AxisComposite	0.7709401709401709	4.048952657567029e-06	50	5.206752343119253e-05	0.8126495957752065	0.861230793738882	0.9193162654772951	0.862	1.0
B_plasma	26	KDM2A	AxisComposite	0.7709401709401709	4.048952657567029e-06	10	5.206752343119253e-05	0.7305983113889846	0.8448205368616376	0.917948744070858	0.316	1.0
B_plasma	26	RXRA	AxisComposite	0.7709401709401709	4.048952657567029e-06	110	5.206752343119253e-05	0.8242735277299212	0.8591795116292265	0.8851282303163692	0.977	1.0
B_plasma	26	ZNF354C	AxisComposite	0.7709401709401709	4.048952657567029e-06	28	5.206752343119253e-05	0.7948718174915251	0.85709404148441	0.9083760942257988	0.688	1.0
B_plasma	26	NR1H3	AxisComposite	0.7702564102564102	4.18027050254489e-06	135	5.36085239172515e-05	0.8283760919492323	0.8591453235940656	0.8919658373485544	0.986	1.0
B_plasma	26	MSC	AxisComposite	0.7695726495726496	4.315383283694357e-06	29	5.5189614159685635e-05	0.7914530139754326	0.8530256653002598	0.9001709657871766	0.67	1.0
B_plasma	26	HDAC4	AxisComposite	0.7688888888888888	4.454386938105327e-06	24	5.681168914501548e-05	0.7866666890529029	0.8550769474099154	0.8926495980517729	0.641	1.0
B_plasma	26	ISL1	AxisComposite	0.7668376068376067	4.895733704163621e-06	41	6.19330214933219e-05	0.805470108391412	0.8577778021876286	0.9022222478968321	0.814	1.0
B_plasma	26	NR1H2	AxisComposite	0.7668376068376067	4.895733704163621e-06	48	6.19330214933219e-05	0.8088889119075047	0.8605470330356635	0.8940171194582099	0.876	1.0
B_plasma	26	NONO	AxisComposite	0.7661538461538462	5.0513020679498765e-06	20	6.355654461776287e-05	0.7784615606142807	0.8543931867066968	0.8919658373485544	0.583	1.0
B_plasma	26	CREBBP	AxisComposite	0.7654700854700854	5.211272696268864e-06	36	6.452578500313808e-05	0.8003419031172733	0.8632478878133767	0.9029060086000507	0.782	1.0
B_plasma	26	MITF	AxisComposite	0.7654700854700854	5.211272696268864e-06	110	6.452578500313808e-05	0.8242735277299212	0.8591795116292265	0.8851282303163692	0.987	1.0
B_plasma	26	POU3F2	AxisComposite	0.7654700854700854	5.211272696268864e-06	29	6.452578500313808e-05	0.7914530139754326	0.8530256653002598	0.9001709657871766	0.691	1.0
B_plasma	26	GFI1B	AxisComposite	0.7647863247863247	5.375754468618932e-06	12	6.603689963029782e-05	0.7466666879146198	0.8502564344522249	0.915213701257984	0.417	1.0
B_plasma	26	MSX1	AxisComposite	0.7647863247863247	5.375754468618932e-06	25	6.603689963029782e-05	0.7887179711625585	0.8584615628908471	0.9254701118062617	0.67	1.0
B_plasma	26	ERF	AxisComposite	0.7641025641025642	5.544858553855289e-06	18	6.77575909146505e-05	0.7736752356917511	0.8543931867066968	0.9097436156322358	0.57	1.0
B_plasma	26	PPARGC1A	AxisComposite	0.7641025641025642	5.544858553855289e-06	32	6.77575909146505e-05	0.8003419031172733	0.8564444688163524	0.9097436156322358	0.771	1.0
B_plasma	26	CEBPD	AxisComposite	0.7627350427350426	5.8973900202538095e-06	95	7.150393925855788e-05	0.8229060063234842	0.8611966057037211	0.8940171194582099	0.969	1.0
B_plasma	26	CREB3L3	AxisComposite	0.7627350427350426	5.8973900202538095e-06	8	7.150393925855788e-05	0.713846174160131	0.835897459684636	0.8844444696131507	0.301	1.0
B_plasma	26	ZFPM2	AxisComposite	0.7627350427350426	5.8973900202538095e-06	12	7.150393925855788e-05	0.7466666879146198	0.8502564344522249	0.915213701257984	0.426	1.0
B_plasma	26	ATF4	AxisComposite	0.762051282051282	6.081051540236911e-06	121	7.316069224181934e-05	0.8252991687847491	0.8584615628908471	0.9083760942257988	0.991	1.0
B_plasma	26	BHLHE41	AxisComposite	0.762051282051282	6.081051540236911e-06	27	7.316069224181934e-05	0.790769253272214	0.855726520077973	0.9097436156322358	0.713	1.0
B_plasma	26	MXI1	AxisComposite	0.762051282051282	6.081051540236911e-06	8	7.316069224181934e-05	0.713846174160131	0.835897459684636	0.8844444696131507	0.302	1.0
B_plasma	26	MAFG	AxisComposite	0.7613675213675213	6.269803731424257e-06	8	7.523764477709109e-05	0.713846174160131	0.835897459684636	0.8844444696131507	0.302	1.0
B_plasma	26	MECP2	AxisComposite	0.7606837606837605	6.463769805815214e-06	34	7.697162615700361e-05	0.8003419031172733	0.8557607081131339	0.917948744070858	0.78	1.0
B_plasma	26	TAF1	AxisComposite	0.7606837606837605	6.463769805815214e-06	42	7.697162615700361e-05	0.8044444673365843	0.8591453235940656	0.8919658373485544	0.846	1.0
B_plasma	26	TWIST2	AxisComposite	0.7606837606837605	6.463769805815214e-06	34	7.697162615700361e-05	0.8003419031172733	0.8557607081131339	0.917948744070858	0.78	1.0
B_plasma	26	DEAF1	AxisComposite	0.7586324786324786	7.078221672567577e-06	13	8.364845257606444e-05	0.7535042949468049	0.8489572891161097	0.9076923335225803	0.478	1.0
B_plasma	26	PROX1	AxisComposite	0.7586324786324786	7.078221672567577e-06	34	8.364845257606444e-05	0.8003419031172733	0.8557607081131339	0.917948744070858	0.794	1.0
B_plasma	26	ARID3B	AxisComposite	0.757948717948718	7.2943266627885175e-06	6	8.533813749848822e-05	0.6991453190409328	0.8345641263133599	0.9035897693032692	0.271	1.0
B_plasma	26	NR2F2	AxisComposite	0.757948717948718	7.2943266627885175e-06	79	8.533813749848822e-05	0.8208547242138287	0.8611966057037211	0.9035897693032692	0.978	1.0
B_plasma	26	PLAG1	AxisComposite	0.757948717948718	7.2943266627885175e-06	7	8.533813749848822e-05	0.7022222422054161	0.8325128442037043	0.9008547264903951	0.302	1.0
B_plasma	26	ATOH1	AxisComposite	0.7565811965811965	7.744281978920823e-06	14	8.926002043852446e-05	0.7565812181112882	0.8482051523425693	0.9104273763354543	0.502	1.0
B_plasma	26	HDGF	AxisComposite	0.7565811965811965	7.744281978920823e-06	7	8.926002043852446e-05	0.7022222422054161	0.8325128442037043	0.9008547264903951	0.305	1.0
B_plasma	26	ZKSCAN7	AxisComposite	0.7565811965811965	7.744281978920823e-06	14	8.926002043852446e-05	0.7565812181112882	0.8482051523425693	0.9104273763354543	0.502	1.0
B_plasma	26	NPM1	AxisComposite	0.7558974358974359	7.978413181771184e-06	12	9.105924873473811e-05	0.7466666879146198	0.8502564344522249	0.915213701257984	0.454	1.0
B_plasma	26	STAT6	AxisComposite	0.7558974358974359	7.978413181771184e-06	126	9.105924873473811e-05	0.8276923312460138	0.8605128450005026	0.895384640864647	0.996	1.0
B_plasma	26	BCLAF1	AxisComposite	0.7538461538461538	8.719165814865052e-06	7	9.807485788865075e-05	0.7022222422054161	0.8325128442037043	0.9008547264903951	0.32	1.0
B_plasma	26	IRF1	AxisComposite	0.7538461538461538	8.719165814865052e-06	165	9.807485788865075e-05	0.8297436133556694	0.8578119902227894	0.8858119910195877	0.999	1.0
B_plasma	26	ZIC1	AxisComposite	0.7538461538461538	8.719165814865052e-06	17	9.807485788865075e-05	0.770940192878877	0.8571282295195709	0.9336752402448839	0.595	1.0
B_plasma	26	SOX2	AxisComposite	0.7531623931623931	8.979371360134841e-06	88	0.00010075890747382077	0.8222222456202657	0.8584615628908471	0.8803419053938396	0.993	1.0
B_plasma	26	USF2	AxisComposite	0.7524786324786324	9.246479199870456e-06	114	0.00010325972465309877	0.8246154080815304	0.8598290842972841	0.8837607089099322	0.995	1.0
B_plasma	26	VSX2	AxisComposite	0.7524786324786324	9.246479199870456e-06	30	0.00010325972465309877	0.7969230996011807	0.8564102807811915	0.8892307945356803	0.799	1.0
B_plasma	26	BMAL1	AxisComposite	0.751111111111111	9.802043102600025e-06	57	0.00010842639147615383	0.814700877884862	0.8577778021876286	0.8994872050839581	0.965	1.0
B_plasma	26	RUNX3	AxisComposite	0.751111111111111	9.802043102600025e-06	69	0.00010842639147615383	0.8174359206977361	0.8571282295195709	0.9022222478968321	0.977	1.0
B_plasma	26	AIP	AxisComposite	0.7504273504273503	1.0090827684673456e-05	6	0.0001103137789977885	0.6991453190409328	0.8345641263133599	0.9035897693032692	0.309	1.0
B_plasma	26	PEG3	AxisComposite	0.7504273504273503	1.0090827684673456e-05	8	0.0001103137789977885	0.713846174160131	0.835897459684636	0.8844444696131507	0.349	1.0
B_plasma	26	FHL2	AxisComposite	0.7497435897435897	1.0387171698070945e-05	7	0.00011223916084859994	0.7022222422054161	0.8325128442037043	0.9008547264903951	0.338	1.0
B_plasma	26	KDM5C	AxisComposite	0.7497435897435897	1.0387171698070945e-05	12	0.00011223916084859994	0.7466666879146198	0.8502564344522249	0.915213701257984	0.493	1.0
B_plasma	26	SMAD6	AxisComposite	0.7483760683760683	1.1003230665475721e-05	24	0.00011807604769296705	0.7866666890529029	0.8550769474099154	0.8926495980517729	0.746	1.0
B_plasma	26	SMARCB1	AxisComposite	0.7476923076923077	1.132330029330546e-05	5	0.00012040356667232322	0.6707692498573643	0.8243077157650821	0.9097436156322358	0.261	1.0
B_plasma	26	NFIA	AxisComposite	0.7456410256410255	1.2333869680828194e-05	60	0.0001299650195713454	0.8164102796429082	0.8632478878133767	0.9070085728193618	0.968	1.0
B_plasma	26	ZNF410	AxisComposite	0.7449572649572649	1.2688144528397227e-05	6	0.00013309721046867023	0.6991453190409328	0.8345641263133599	0.9035897693032692	0.328	1.0
B_plasma	26	TBX18	AxisComposite	0.7442735042735041	1.3051453326099745e-05	13	0.0001350868827632674	0.7535042949468049	0.8489572891161097	0.9076923335225803	0.56	1.0
B_plasma	26	ELF1	AxisComposite	0.7435897435897435	1.3423996432176836e-05	78	0.000138329393698458	0.8194872028073916	0.8591453235940656	0.8885470338324618	0.989	1.0
B_plasma	26	TCF7	AxisComposite	0.7435897435897435	1.3423996432176836e-05	23	0.000138329393698458	0.7846154069432474	0.854358998671536	0.8947008801614285	0.755	1.0
B_plasma	26	ASXL1	AxisComposite	0.7429059829059829	1.3805977951239298e-05	5	0.00013952510279748476	0.6707692498573643	0.8243077157650821	0.9097436156322358	0.273	1.0
B_plasma	26	FOXO4	AxisComposite	0.7429059829059829	1.3805977951239298e-05	31	0.00013952510279748476	0.7962393388979622	0.8584957509260079	0.8974359229743025	0.857	1.0
B_plasma	26	PLAGL1	AxisComposite	0.7429059829059829	1.3805977951239298e-05	19	0.00013952510279748476	0.7729914749885326	0.855726520077973	0.9200000261805136	0.674	1.0
B_plasma	26	RARG	AxisComposite	0.7422222222222221	1.419760579023249e-05	40	0.00013952510279748476	0.8044444673365843	0.8578119902227894	0.9104273763354543	0.91	1.0
B_plasma	26	TRIM28	AxisComposite	0.7422222222222221	1.419760579023249e-05	6	0.00013952510279748476	0.6991453190409328	0.8345641263133599	0.9035897693032692	0.337	1.0
B_plasma	26	FOXA3	AxisComposite	0.7415384615384616	1.4599091714994295e-05	14	0.00014138705420247587	0.7565812181112882	0.8482051523425693	0.9104273763354543	0.583	1.0
B_plasma	26	FOXC1	AxisComposite	0.7415384615384616	1.4599091714994295e-05	19	0.00014138705420247587	0.7729914749885326	0.855726520077973	0.9200000261805136	0.677	1.0
B_plasma	26	NANOG	AxisComposite	0.7415384615384616	1.4599091714994295e-05	57	0.00014138705420247587	0.814700877884862	0.8577778021876286	0.8994872050839581	0.977	1.0
B_plasma	26	ZNF436	AxisComposite	0.7415384615384616	1.4599091714994295e-05	7	0.00014138705420247587	0.7022222422054161	0.8325128442037043	0.9008547264903951	0.371	1.0
B_plasma	26	FOXC2	AxisComposite	0.7408547008547008	1.5010651407411214e-05	23	0.00014388033012278345	0.7846154069432474	0.854358998671536	0.8947008801614285	0.758	1.0
B_plasma	26	POU2F2	AxisComposite	0.7408547008547008	1.5010651407411214e-05	48	0.00014388033012278345	0.8088889119075047	0.8605470330356635	0.8940171194582099	0.96	1.0
B_plasma	26	RUNX1	AxisComposite	0.7408547008547008	1.5010651407411214e-05	193	0.00014388033012278345	0.8304273740588879	0.8578119902227894	0.8885470338324618	1.0	1.0
B_plasma	26	BACH2	AxisComposite	0.7394871794871795	1.586487475011906e-05	8	0.0001508293998646757	0.713846174160131	0.835897459684636	0.8844444696131507	0.404	1.0
B_plasma	26	CXXC1	AxisComposite	0.7388034188034187	1.630798986721919e-05	21	0.00015347922721810318	0.7805128427239363	0.8516239558586619	0.9200000261805136	0.728	1.0
B_plasma	26	PAX2	AxisComposite	0.7388034188034187	1.630798986721919e-05	25	0.00015347922721810318	0.7887179711625585	0.8584615628908471	0.9254701118062617	0.805	1.0
B_plasma	26	SFPQ	AxisComposite	0.7388034188034187	1.630798986721919e-05	29	0.00015347922721810318	0.7914530139754326	0.8530256653002598	0.9001709657871766	0.849	1.0
B_plasma	26	CREBZF	AxisComposite	0.738119658119658	1.676208180412053e-05	20	0.0001558673264175989	0.7784615606142807	0.8543931867066968	0.8919658373485544	0.73	1.0
B_plasma	26	DOT1L	AxisComposite	0.738119658119658	1.676208180412053e-05	8	0.0001558673264175989	0.713846174160131	0.835897459684636	0.8844444696131507	0.412	1.0
B_plasma	26	EGR2	AxisComposite	0.738119658119658	1.676208180412053e-05	73	0.0001558673264175989	0.8188034421041731	0.8605470330356635	0.8899145552388988	0.991	1.0
B_plasma	26	LYL1	AxisComposite	0.7374358974358974	1.7227386701334836e-05	13	0.00015987562847282507	0.7535042949468049	0.8489572891161097	0.9076923335225803	0.592	1.0
B_plasma	26	ID2	AxisComposite	0.7367521367521367	1.7704144971026877e-05	64	0.0001623633570230913	0.8150427582364712	0.8577778021876286	0.8892307945356803	0.987	1.0
B_plasma	26	IKZF3	AxisComposite	0.7367521367521367	1.7704144971026877e-05	6	0.0001623633570230913	0.6991453190409328	0.8345641263133599	0.9035897693032692	0.36	1.0
B_plasma	26	NEUROG3	AxisComposite	0.7360683760683759	1.8192601358418314e-05	35	0.00016586535769745446	0.8017094245237103	0.8598290842972841	0.898119683677521	0.89	1.0
B_plasma	26	HHEX	AxisComposite	0.7353846153846154	1.8693005003810143e-05	28	0.0001684535663277717	0.7948718174915251	0.85709404148441	0.9083760942257988	0.849	1.0
B_plasma	26	MEF2D	AxisComposite	0.7353846153846154	1.8693005003810143e-05	28	0.0001684535663277717	0.7948718174915251	0.85709404148441	0.9083760942257988	0.849	1.0
B_plasma	26	BHLHA15	AxisComposite	0.7347008547008547	1.9205609505225198e-05	20	0.00017207636309096204	0.7784615606142807	0.8543931867066968	0.8919658373485544	0.742	1.0
B_plasma	26	SATB2	AxisComposite	0.7340170940170939	1.9730672981671857e-05	32	0.00017476808629685812	0.8003419031172733	0.8564444688163524	0.9097436156322358	0.882	1.0
B_plasma	26	TADA2A	AxisComposite	0.7340170940170939	1.9730672981671857e-05	8	0.00017476808629685812	0.713846174160131	0.835897459684636	0.8844444696131507	0.427	1.0
B_plasma	26	ZNF263	AxisComposite	0.7333333333333333	2.0268458137033508e-05	10	0.00017751062398437602	0.7305983113889846	0.8448205368616376	0.917948744070858	0.488	1.0
B_plasma	26	BRD4	AxisComposite	0.7319658119658119	2.1383267612139773e-05	11	0.0001828151890356565	0.7370940380695605	0.841401733345545	0.9049572907097062	0.515	1.0
B_plasma	26	ZFP42	AxisComposite	0.7319658119658119	2.1383267612139773e-05	18	0.0001828151890356565	0.7736752356917511	0.8543931867066968	0.9097436156322358	0.731	1.0
B_plasma	26	ARID5B	AxisComposite	0.7305982905982905	2.2552233726492604e-05	9	0.0001903685841505741	0.7237607043567994	0.8420513060136027	0.9035897693032692	0.472	1.0
B_plasma	26	VEZF1	AxisComposite	0.7305982905982905	2.2552233726492604e-05	7	0.0001903685841505741	0.7022222422054161	0.8325128442037043	0.9008547264903951	0.42	1.0
B_plasma	26	HDAC5	AxisComposite	0.7299145299145299	2.3157732856773502e-05	10	0.0001947753098656193	0.7305983113889846	0.8448205368616376	0.917948744070858	0.504	1.0
B_plasma	26	KAT2B	AxisComposite	0.7299145299145299	2.3157732856773502e-05	15	0.0001947753098656193	0.7678632697143937	0.8495726737490064	0.9097436156322358	0.683	1.0
B_plasma	26	HOXD1	AxisComposite	0.7292307692307692	2.377762982875586e-05	6	0.0001989139355566888	0.6991453190409328	0.8345641263133599	0.9035897693032692	0.392	1.0
B_plasma	26	JARID2	AxisComposite	0.7292307692307692	2.377762982875586e-05	16	0.0001989139355566888	0.7671795090111753	0.8475213916393508	0.9029060086000507	0.692	1.0
B_plasma	26	POU4F1	AxisComposite	0.7292307692307692	2.377762982875586e-05	31	0.0001989139355566888	0.7962393388979622	0.8584957509260079	0.8974359229743025	0.903	1.0
B_plasma	26	MZF1	AxisComposite	0.7285470085470084	2.441222128231645e-05	23	0.00020276912623817293	0.7846154069432474	0.854358998671536	0.8947008801614285	0.795	1.0
B_plasma	26	LHX3	AxisComposite	0.7264957264957265	2.640720613090856e-05	13	0.00021588237866739256	0.7535042949468049	0.8489572891161097	0.9076923335225803	0.64	1.0
B_plasma	26	GLIS3	AxisComposite	0.7251282051282051	2.7816340398921184e-05	8	0.00022158136003782268	0.713846174160131	0.835897459684636	0.8844444696131507	0.457	1.0
B_plasma	26	NRL	AxisComposite	0.7251282051282051	2.7816340398921184e-05	18	0.00022158136003782268	0.7736752356917511	0.8543931867066968	0.9097436156322358	0.76	1.0
B_plasma	26	PIN1	AxisComposite	0.7251282051282051	2.7816340398921184e-05	6	0.00022158136003782268	0.6991453190409328	0.8345641263133599	0.9035897693032692	0.416	1.0
B_plasma	26	DAXX	AxisComposite	0.7244444444444444	2.854561973895683e-05	5	0.00022623251772742016	0.6707692498573643	0.8243077157650821	0.9097436156322358	0.34	1.0
B_plasma	26	HINFP	AxisComposite	0.7244444444444444	2.854561973895683e-05	9	0.00022623251772742016	0.7237607043567994	0.8420513060136027	0.9035897693032692	0.497	1.0
B_plasma	26	NAB2	AxisComposite	0.7244444444444444	2.854561973895683e-05	7	0.00022623251772742016	0.7022222422054161	0.8325128442037043	0.9008547264903951	0.432	1.0
B_plasma	26	CEBPA	AxisComposite	0.7237606837606837	2.9291817308634706e-05	232	0.00022941980402132014	0.8311111347621064	0.85709404148441	0.87555558047131	1.0	1.0
B_plasma	26	HES1	AxisComposite	0.7237606837606837	2.9291817308634706e-05	92	0.00022941980402132014	0.8235897670267027	0.8605128450005026	0.8988034443807396	0.999	1.0
B_plasma	26	ZFPM1	AxisComposite	0.7237606837606837	2.9291817308634706e-05	16	0.00022941980402132014	0.7671795090111753	0.8475213916393508	0.9029060086000507	0.709	1.0
B_plasma	26	RUNX2	AxisComposite	0.7223931623931623	3.0836331132631664e-05	127	0.00023831787040914668	0.8256410491363583	0.8571282295195709	0.8912820766453359	1.0	1.0
B_plasma	26	HDAC3	AxisComposite	0.7217094017094016	3.163534369434038e-05	27	0.00024368611281382985	0.790769253272214	0.855726520077973	0.9097436156322358	0.864	1.0
B_plasma	26	IRF2	AxisComposite	0.7217094017094016	3.163534369434038e-05	59	0.00024368611281382985	0.8153846385880805	0.8605128450005026	0.9076923335225803	0.99	1.0
B_plasma	26	EMX2	AxisComposite	0.7210256410256409	3.245266725080752e-05	9	0.0002483427061094582	0.7237607043567994	0.8420513060136027	0.9035897693032692	0.508	1.0
B_plasma	26	ZNF804A	AxisComposite	0.7210256410256409	3.245266725080752e-05	10	0.0002483427061094582	0.7305983113889846	0.8448205368616376	0.917948744070858	0.542	1.0
B_plasma	26	MESP2	AxisComposite	0.7203418803418803	3.3288664604677326e-05	8	0.0002530805967013579	0.713846174160131	0.835897459684636	0.8844444696131507	0.477	1.0
B_plasma	26	ZNF362	AxisComposite	0.7196581196581195	3.41437045557963e-05	22	0.0002583189835761056	0.7791453213174993	0.8523419045970413	0.9001709657871766	0.837	1.0
B_plasma	26	ETV7	AxisComposite	0.718974358974359	3.5018161978703056e-05	14	0.00026280511272763003	0.7565812181112882	0.8482051523425693	0.9104273763354543	0.668	1.0
B_plasma	26	NR1I3	AxisComposite	0.718974358974359	3.5018161978703056e-05	60	0.00026280511272763003	0.8164102796429082	0.8632478878133767	0.9070085728193618	0.995	1.0
B_plasma	26	LMX1B	AxisComposite	0.7182905982905983	3.59124179007878e-05	23	0.00026736709212261153	0.7846154069432474	0.854358998671536	0.8947008801614285	0.824	1.0
B_plasma	26	PATZ1	AxisComposite	0.7182905982905983	3.59124179007878e-05	12	0.00026736709212261153	0.7466666879146198	0.8502564344522249	0.915213701257984	0.632	1.0
B_plasma	26	TEAD4	AxisComposite	0.7182905982905983	3.59124179007878e-05	12	0.00026736709212261153	0.7466666879146198	0.8502564344522249	0.915213701257984	0.632	1.0
B_plasma	26	CREB3L1	AxisComposite	0.7176068376068375	3.682685958111622e-05	11	0.0002728694928962707	0.7370940380695605	0.841401733345545	0.9049572907097062	0.581	1.0
B_plasma	26	ENO1	AxisComposite	0.7169230769230769	3.7761880589925224e-05	19	0.0002762891200529325	0.7729914749885326	0.855726520077973	0.9200000261805136	0.784	1.0
B_plasma	26	MAFB	AxisComposite	0.7169230769230769	3.7761880589925224e-05	46	0.0002762891200529325	0.8085470315558954	0.8598290842972841	0.917948744070858	0.973	1.0
B_plasma	26	SALL3	AxisComposite	0.7169230769230769	3.7761880589925224e-05	10	0.0002762891200529325	0.7305983113889846	0.8448205368616376	0.917948744070858	0.555	1.0
B_plasma	26	ETV4	AxisComposite	0.7162393162393161	3.8717880888790394e-05	65	0.00028108097665454675	0.8174359206977361	0.8618803664069397	0.9022222478968321	0.993	1.0
B_plasma	26	SPI1	AxisComposite	0.7162393162393161	3.8717880888790394e-05	338	0.00028108097665454675	0.833162416871762	0.8543931867066968	0.8721367769552174	1.0	1.0
B_plasma	26	THRB	AxisComposite	0.7162393162393161	3.8717880888790394e-05	57	0.00028108097665454675	0.814700877884862	0.8577778021876286	0.8994872050839581	0.992	1.0
B_plasma	26	TTF1	AxisComposite	0.7162393162393161	3.8717880888790394e-05	59	0.00028108097665454675	0.8153846385880805	0.8605128450005026	0.9076923335225803	0.993	1.0
B_plasma	26	FOSL1	AxisComposite	0.7155555555555554	3.969526691146089e-05	51	0.00028595294126959787	0.8123077154235971	0.85709404148441	0.9070085728193618	0.989	1.0
B_plasma	26	TFDP3	AxisComposite	0.7155555555555554	3.969526691146089e-05	6	0.00028595294126959787	0.6991453190409328	0.8345641263133599	0.9035897693032692	0.445	1.0
B_plasma	26	MLXIPL	AxisComposite	0.7148717948717949	4.069445164537276e-05	16	0.0002913523010438651	0.7671795090111753	0.8475213916393508	0.9029060086000507	0.742	1.0
B_plasma	26	PML	AxisComposite	0.7148717948717949	4.069445164537276e-05	18	0.0002913523010438651	0.7736752356917511	0.8543931867066968	0.9097436156322358	0.79	1.0
B_plasma	26	FOXG1	AxisComposite	0.7135042735042735	4.275990245887947e-05	16	0.00030334836577211154	0.7671795090111753	0.8475213916393508	0.9029060086000507	0.747	1.0
B_plasma	26	TBR1	AxisComposite	0.7135042735042735	4.275990245887947e-05	6	0.00030334836577211154	0.6991453190409328	0.8345641263133599	0.9035897693032692	0.455	1.0
B_plasma	26	ZNF160	AxisComposite	0.7128205128205128	4.3827028024816875e-05	7	0.00030718403426403183	0.7022222422054161	0.8325128442037043	0.9008547264903951	0.465	1.0
B_plasma	26	ARX	AxisComposite	0.7121367521367521	4.491767144243178e-05	27	0.00031294879148249485	0.790769253272214	0.855726520077973	0.9097436156322358	0.889	1.0
B_plasma	26	NKX3-2	AxisComposite	0.7121367521367521	4.491767144243178e-05	7	0.00031294879148249485	0.7022222422054161	0.8325128442037043	0.9008547264903951	0.468	1.0
B_plasma	26	NEUROD2	AxisComposite	0.7114529914529912	4.60322797138815e-05	12	0.00031786787234378526	0.7466666879146198	0.8502564344522249	0.915213701257984	0.659	1.0
B_plasma	26	IRF9	AxisComposite	0.7107692307692307	4.717130689826513e-05	27	0.00032334164552290986	0.790769253272214	0.855726520077973	0.9097436156322358	0.892	1.0
B_plasma	26	KAT6A	AxisComposite	0.7107692307692307	4.717130689826513e-05	12	0.00032334164552290986	0.7466666879146198	0.8502564344522249	0.915213701257984	0.661	1.0
B_plasma	26	NFATC2	AxisComposite	0.7107692307692307	4.717130689826513e-05	93	0.00032334164552290986	0.8208547242138287	0.855726520077973	0.9104273763354543	1.0	1.0
B_plasma	26	KLF4	AxisComposite	0.71008547008547	4.8335214197874814e-05	128	0.0003289049269324776	0.8270085705427953	0.8577778021876286	0.8837607089099322	1.0	1.0
B_plasma	26	TLX3	AxisComposite	0.71008547008547	4.8335214197874814e-05	6	0.0003289049269324776	0.6991453190409328	0.8345641263133599	0.9035897693032692	0.463	1.0
B_plasma	26	HR	AxisComposite	0.7094017094017094	4.9524470045121975e-05	92	0.00033650687943323054	0.8235897670267027	0.8605128450005026	0.8988034443807396	1.0	1.0
B_plasma	26	CREM	AxisComposite	0.7052991452991453	5.721949006035615e-05	87	0.00037409044762148804	0.8208547242138287	0.8591453235940656	0.896752162271084	0.998	1.0
B_plasma	26	ID3	AxisComposite	0.7052991452991453	5.721949006035615e-05	35	0.00037409044762148804	0.8017094245237103	0.8598290842972841	0.898119683677521	0.946	1.0
B_plasma	26	THAP11	AxisComposite	0.7039316239316238	6.000973238503075e-05	6	0.0003890630982962827	0.6991453190409328	0.8345641263133599	0.9035897693032692	0.484	1.0
B_plasma	26	BARX1	AxisComposite	0.7032478632478633	6.144944149685531e-05	8	0.0003956496453894077	0.713846174160131	0.835897459684636	0.8844444696131507	0.53	1.0
B_plasma	26	CTCFL	AxisComposite	0.7032478632478633	6.144944149685531e-05	11	0.0003956496453894077	0.7370940380695605	0.841401733345545	0.9049572907097062	0.634	1.0
B_plasma	26	FOSL2	AxisComposite	0.7032478632478633	6.144944149685531e-05	42	0.0003956496453894077	0.8044444673365843	0.8591453235940656	0.8919658373485544	0.972	1.0
B_plasma	26	MYRF	AxisComposite	0.7032478632478633	6.144944149685531e-05	10	0.0003956496453894077	0.7305983113889846	0.8448205368616376	0.917948744070858	0.612	1.0
B_plasma	26	HSF2	AxisComposite	0.7018803418803419	6.442076403778654e-05	24	0.0004113763700798735	0.7866666890529029	0.8550769474099154	0.8926495980517729	0.904	1.0
B_plasma	26	FOXD1	AxisComposite	0.7005128205128205	6.751836003774525e-05	6	0.0004276468177153254	0.6991453190409328	0.8345641263133599	0.9035897693032692	0.493	1.0
B_plasma	26	SOX5	AxisComposite	0.6984615384615384	7.241161563408413e-05	18	0.00045249989528769037	0.7736752356917511	0.8543931867066968	0.9097436156322358	0.832	1.0
B_plasma	26	TEF	AxisComposite	0.6984615384615384	7.241161563408413e-05	16	0.00045249989528769037	0.7671795090111753	0.8475213916393508	0.9029060086000507	0.791	1.0
B_plasma	26	ZBED1	AxisComposite	0.6977777777777777	7.411090799002027e-05	20	0.0004606520885451593	0.7784615606142807	0.8543931867066968	0.8919658373485544	0.854	1.0
B_plasma	26	BCL11A	AxisComposite	0.6970940170940171	7.584532021062645e-05	15	0.00046462723719580614	0.7678632697143937	0.8495726737490064	0.9097436156322358	0.806	1.0
B_plasma	26	ZBTB33	AxisComposite	0.6970940170940171	7.584532021062645e-05	11	0.00046462723719580614	0.7370940380695605	0.841401733345545	0.9049572907097062	0.646	1.0
B_plasma	26	ETV2	AxisComposite	0.6964102564102563	7.761547552492604e-05	8	0.0004729883025461551	0.713846174160131	0.835897459684636	0.8844444696131507	0.553	1.0
B_plasma	26	DLX2	AxisComposite	0.6957264957264957	7.942200627402093e-05	22	0.0004802356545170074	0.7791453213174993	0.8523419045970413	0.9001709657871766	0.888	1.0
B_plasma	26	PAX4	AxisComposite	0.6950427350427351	8.126555401235458e-05	9	0.00048822085730974407	0.7237607043567994	0.8420513060136027	0.9035897693032692	0.619	1.0
B_plasma	26	SON	AxisComposite	0.6950427350427351	8.126555401235458e-05	7	0.00048822085730974407	0.7022222422054161	0.8325128442037043	0.9008547264903951	0.523	1.0
B_plasma	26	ZNF24	AxisComposite	0.6943589743589742	8.314676960966e-05	5	0.0004969643028654198	0.6707692498573643	0.8243077157650821	0.9097436156322358	0.442	1.0
B_plasma	26	ZNF76	AxisComposite	0.6943589743589742	8.314676960966e-05	7	0.0004969643028654198	0.7022222422054161	0.8325128442037043	0.9008547264903951	0.524	1.0
B_plasma	26	SPIB	AxisComposite	0.6936752136752136	8.506631335357429e-05	17	0.0005058465614452036	0.770940192878877	0.8571282295195709	0.9336752402448839	0.836	1.0
B_plasma	26	BATF	AxisComposite	0.6923076923076923	8.902307414181189e-05	16	0.0005227166164704125	0.7671795090111753	0.8475213916393508	0.9029060086000507	0.804	1.0
B_plasma	26	GTF3A	AxisComposite	0.6923076923076923	8.902307414181189e-05	26	0.0005227166164704125	0.7914530139754326	0.8550427593747545	0.9186325047740765	0.931	1.0
B_plasma	26	MYOG	AxisComposite	0.6923076923076923	8.902307414181189e-05	64	0.0005227166164704125	0.8150427582364712	0.8577778021876286	0.8892307945356803	0.999	1.0
B_plasma	26	FOXF2	AxisComposite	0.6902564102564103	9.526273666593729e-05	13	0.000550354523213608	0.7535042949468049	0.8489572891161097	0.9076923335225803	0.766	1.0
B_plasma	26	E4F1	AxisComposite	0.6888888888888889	9.963379762569447e-05	9	0.0005685703756928384	0.7237607043567994	0.8420513060136027	0.9035897693032692	0.635	1.0
B_plasma	26	MED1	AxisComposite	0.6888888888888889	9.963379762569447e-05	16	0.0005685703756928384	0.7671795090111753	0.8475213916393508	0.9029060086000507	0.811	1.0
B_plasma	26	WWTR1	AxisComposite	0.6888888888888889	9.963379762569447e-05	9	0.0005685703756928384	0.7237607043567994	0.8420513060136027	0.9035897693032692	0.635	1.0
B_plasma	26	TBX21	AxisComposite	0.6868376068376068	0.00010652200477786462	52	0.0005933707855645251	0.8105983136655509	0.8591795116292265	0.898119683677521	0.993	1.0
B_plasma	26	IKZF2	AxisComposite	0.6854700854700854	0.0001113440904860501	5	0.0006100401577334295	0.6707692498573643	0.8243077157650821	0.9097436156322358	0.462	1.0
B_plasma	26	RARB	AxisComposite	0.6854700854700854	0.0001113440904860501	53	0.0006100401577334295	0.8112820743687694	0.8591795116292265	0.9001709657871766	0.992	1.0
B_plasma	26	ZBTB7A	AxisComposite	0.6854700854700854	0.0001113440904860501	36	0.0006100401577334295	0.8003419031172733	0.8632478878133767	0.9029060086000507	0.976	1.0
B_plasma	26	BARX2	AxisComposite	0.6834188034188033	0.00011893788098619707	15	0.0006418520560041248	0.7678632697143937	0.8495726737490064	0.9097436156322358	0.832	1.0
B_plasma	26	BACH1	AxisComposite	0.6813675213675212	0.0001269840785277866	16	0.0006782170235328466	0.7671795090111753	0.8475213916393508	0.9029060086000507	0.838	1.0
B_plasma	26	NRG1	AxisComposite	0.6813675213675212	0.0001269840785277866	35	0.0006782170235328466	0.8017094245237103	0.8598290842972841	0.898119683677521	0.965	1.0
B_plasma	26	MAZ	AxisComposite	0.6806837606837607	0.00012977061090720265	47	0.0006899421545726902	0.8078632708526768	0.85709404148441	0.9090598549290173	0.995	1.0
B_plasma	26	HCFC1	AxisComposite	0.6799999999999999	0.0001326108189489616	8	0.0007002571299250596	0.713846174160131	0.835897459684636	0.8844444696131507	0.604	1.0
B_plasma	26	MYF6	AxisComposite	0.6799999999999999	0.0001326108189489616	13	0.0007002571299250596	0.7535042949468049	0.8489572891161097	0.9076923335225803	0.793	1.0
B_plasma	26	ZHX2	AxisComposite	0.6799999999999999	0.0001326108189489616	10	0.0007002571299250596	0.7305983113889846	0.8448205368616376	0.917948744070858	0.683	1.0
B_plasma	26	HIPK2	AxisComposite	0.6793162393162392	0.00013550558561231153	9	0.0007139278483501921	0.7237607043567994	0.8420513060136027	0.9035897693032692	0.658	1.0
B_plasma	26	OLIG1	AxisComposite	0.6793162393162392	0.00013550558561231153	7	0.0007139278483501921	0.7022222422054161	0.8325128442037043	0.9008547264903951	0.584	1.0
B_plasma	26	PAWR	AxisComposite	0.6758974358974358	0.00015082953757960562	6	0.0007823025349128879	0.6991453190409328	0.8345641263133599	0.9035897693032692	0.571	1.0
B_plasma	26	PAX8	AxisComposite	0.6745299145299145	0.00015737327947525914	33	0.000812631049325785	0.8003419031172733	0.862598315145319	0.9193162654772951	0.972	1.0
B_plasma	26	KLF12	AxisComposite	0.6738461538461538	0.00016073774792765274	11	0.0008263478054254218	0.7370940380695605	0.841401733345545	0.9049572907097062	0.713	1.0
B_plasma	26	ZNF384	AxisComposite	0.6731623931623931	0.00016416526892545382	25	0.0008338666761088339	0.7887179711625585	0.8584615628908471	0.9254701118062617	0.944	1.0
B_plasma	26	NFIX	AxisComposite	0.6724786324786325	0.00016765684925488118	28	0.0008451643329608912	0.7948718174915251	0.85709404148441	0.9083760942257988	0.957	1.0
B_plasma	26	SOX11	AxisComposite	0.6724786324786325	0.00016765684925488118	12	0.0008451643329608912	0.7466666879146198	0.8502564344522249	0.915213701257984	0.77	1.0
B_plasma	26	SIX4	AxisComposite	0.671111111111111	0.00017483628043564236	8	0.0008728724674583728	0.713846174160131	0.835897459684636	0.8844444696131507	0.621	1.0
B_plasma	26	IKZF4	AxisComposite	0.6704273504273504	0.00017852621061444795	7	0.0008874977115529745	0.7022222422054161	0.8325128442037043	0.9008547264903951	0.604	1.0
B_plasma	26	CEBPZ	AxisComposite	0.6697435897435897	0.00018228435902982893	19	0.0009023365725888032	0.7729914749885326	0.855726520077973	0.9200000261805136	0.889	1.0
B_plasma	26	TEAD2	AxisComposite	0.669059829059829	0.00018611179897303948	6	0.0009106602490630486	0.6991453190409328	0.8345641263133599	0.9035897693032692	0.592	1.0
B_plasma	26	FEZF1	AxisComposite	0.6676923076923077	0.00019397891512560562	9	0.0009422409737838991	0.7237607043567994	0.8420513060136027	0.9035897693032692	0.691	1.0
B_plasma	26	MEIS1	AxisComposite	0.6676923076923077	0.00019397891512560562	24	0.0009422409737838991	0.7866666890529029	0.8550769474099154	0.8926495980517729	0.943	1.0
B_plasma	26	KAT6B	AxisComposite	0.6663247863247863	0.00020213642125616505	7	0.0009727554787874004	0.7022222422054161	0.8325128442037043	0.9008547264903951	0.617	1.0
B_plasma	26	NR4A2	AxisComposite	0.6663247863247863	0.00020213642125616505	60	0.0009727554787874004	0.8164102796429082	0.8632478878133767	0.9070085728193618	1.0	1.0
B_plasma	26	KLF15	AxisComposite	0.6656410256410256	0.00020632690140176224	26	0.0009898602011751553	0.7914530139754326	0.8550427593747545	0.9186325047740765	0.957	1.0
B_plasma	26	SF1	AxisComposite	0.6635897435897435	0.00021935918123493003	12	0.0010395620893448258	0.7466666879146198	0.8502564344522249	0.915213701257984	0.785	1.0
B_plasma	26	HLF	AxisComposite	0.6622222222222223	0.00022844330093234108	18	0.0010717319886956464	0.7736752356917511	0.8543931867066968	0.9097436156322358	0.893	1.0
B_plasma	26	KCNIP3	AxisComposite	0.6622222222222223	0.00022844330093234108	16	0.0010717319886956464	0.7671795090111753	0.8475213916393508	0.9029060086000507	0.878	1.0
B_plasma	26	ZNF395	AxisComposite	0.6622222222222223	0.00022844330093234108	7	0.0010717319886956464	0.7022222422054161	0.8325128442037043	0.9008547264903951	0.628	1.0
B_plasma	26	ARID3A	AxisComposite	0.6615384615384615	0.00023310778846631145	7	0.0010881471565607418	0.7022222422054161	0.8325128442037043	0.9008547264903951	0.632	1.0
B_plasma	26	BMAL2	AxisComposite	0.6608547008547008	0.00023785555068020625	9	0.0011047857816668684	0.7237607043567994	0.8420513060136027	0.9035897693032692	0.705	1.0
B_plasma	26	FOXI1	AxisComposite	0.6608547008547008	0.00023785555068020625	10	0.0011047857816668684	0.7305983113889846	0.8448205368616376	0.917948744070858	0.723	1.0
B_plasma	26	TFEB	AxisComposite	0.6574358974358974	0.00026288816439467926	8	0.0011891104180177935	0.713846174160131	0.835897459684636	0.8844444696131507	0.657	1.0
B_plasma	26	ZMYND8	AxisComposite	0.6574358974358974	0.00026288816439467926	8	0.0011891104180177935	0.713846174160131	0.835897459684636	0.8844444696131507	0.657	1.0
B_plasma	26	MNX1	AxisComposite	0.6567521367521366	0.0002681626024269461	5	0.0012094522010908063	0.6707692498573643	0.8243077157650821	0.9097436156322358	0.527	1.0
B_plasma	26	HMGA2	AxisComposite	0.6560683760683761	0.00027352947103752073	42	0.0012230225773976501	0.8044444673365843	0.8591453235940656	0.8919658373485544	0.994	1.0
B_plasma	26	TET1	AxisComposite	0.6560683760683761	0.00027352947103752073	15	0.0012230225773976501	0.7678632697143937	0.8495726737490064	0.9097436156322358	0.88	1.0
B_plasma	26	STAT4	AxisComposite	0.6547008547008548	0.0002845460029301392	31	0.0012602094323319638	0.7962393388979622	0.8584957509260079	0.8974359229743025	0.983	1.0
B_plasma	26	IKZF1	AxisComposite	0.654017094017094	0.00029019845863607576	52	0.0012779683065218884	0.8105983136655509	0.8591795116292265	0.898119683677521	0.998	1.0
B_plasma	26	LHX2	AxisComposite	0.6533333333333332	0.00029594893004467537	41	0.001294741898264803	0.805470108391412	0.8577778021876286	0.9022222478968321	0.996	1.0
B_plasma	26	TCF4	AxisComposite	0.6526495726495727	0.000301798854946658	58	0.0013141763571744398	0.8143589975332528	0.8584615628908471	0.9008547264903951	0.999	1.0
B_plasma	26	LHX8	AxisComposite	0.6519658119658119	0.000307749688014876	12	0.001332630374446606	0.7466666879146198	0.8502564344522249	0.915213701257984	0.801	1.0
B_plasma	26	LHX4	AxisComposite	0.6517353488995383	0.00030977842489030927	6	0.0013401720921111804	0.6991453190409328	0.8345641263133599	0.9035897693032692	0.63	1.0
B_plasma	26	HOXA1	AxisComposite	0.6505982905982907	0.00031995998259249476	26	0.0013727694841376523	0.7914530139754326	0.8550427593747545	0.9186325047740765	0.969	1.0
B_plasma	26	KLF3	AxisComposite	0.6505982905982907	0.00031995998259249476	14	0.0013727694841376523	0.7565812181112882	0.8482051523425693	0.9104273763354543	0.853	1.0
B_plasma	26	FOXL2	AxisComposite	0.6492307692307692	0.00033259179413430007	26	0.0014126828890071998	0.7914530139754326	0.8550427593747545	0.9186325047740765	0.969	1.0
B_plasma	26	RFX3	AxisComposite	0.6485470085470085	0.00033906958882653555	6	0.0014297893772739548	0.6991453190409328	0.8345641263133599	0.9035897693032692	0.642	1.0
B_plasma	26	KLF17	AxisComposite	0.6451282051282051	0.00037314034824430773	5	0.0015414328722163084	0.6707692498573643	0.8243077157650821	0.9097436156322358	0.553	1.0
B_plasma	26	AIRE	AxisComposite	0.6437606837606837	0.0003875836820057358	23	0.0015898423792643011	0.7846154069432474	0.854358998671536	0.8947008801614285	0.941	1.0
B_plasma	26	ATF5	AxisComposite	0.6417094017094016	0.0004101636411292751	30	0.0016548348114014315	0.7969230996011807	0.8564102807811915	0.8892307945356803	0.983	1.0
B_plasma	26	TBX10	AxisComposite	0.638974358974359	0.0004420510321915964	5	0.0017621641488218378	0.6707692498573643	0.8243077157650821	0.9097436156322358	0.567	1.0
B_plasma	26	HOXB5	AxisComposite	0.6382905982905983	0.00045035276322533254	5	0.001783076080352716	0.6707692498573643	0.8243077157650821	0.9097436156322358	0.569	1.0
B_plasma	26	ZGLP1	AxisComposite	0.6382905982905983	0.00045035276322533254	26	0.001783076080352716	0.7914530139754326	0.8550427593747545	0.9186325047740765	0.973	1.0
B_plasma	26	KDM5A	AxisComposite	0.6362393162393162	0.00047607907340799395	18	0.001848866151970479	0.7736752356917511	0.8543931867066968	0.9097436156322358	0.922	1.0
B_plasma	26	PROP1	AxisComposite	0.6362393162393162	0.00047607907340799395	12	0.001848866151970479	0.7466666879146198	0.8502564344522249	0.915213701257984	0.822	1.0
B_plasma	26	CEBPG	AxisComposite	0.6348717948717948	0.0004939330873966639	204	0.001894560108436834	0.8297436133556694	0.8577778021876286	0.8762393411745285	1.0	1.0
B_plasma	26	HOXD13	AxisComposite	0.6348717948717948	0.0004939330873966639	19	0.001894560108436834	0.7729914749885326	0.855726520077973	0.9200000261805136	0.931	1.0
B_plasma	26	MAFK	AxisComposite	0.6348717948717948	0.0004939330873966639	23	0.001894560108436834	0.7846154069432474	0.854358998671536	0.8947008801614285	0.948	1.0
B_plasma	26	ONECUT1	AxisComposite	0.6341880341880342	0.0005030768067987411	34	0.0019233108387686514	0.8003419031172733	0.8557607081131339	0.917948744070858	0.995	1.0
B_plasma	26	HIVEP1	AxisComposite	0.6335042735042735	0.0005123676139676471	10	0.0019540294297393603	0.7305983113889846	0.8448205368616376	0.917948744070858	0.778	1.0
B_plasma	26	FEV	AxisComposite	0.6328205128205128	0.0005218074946860474	8	0.0019803230773938777	0.713846174160131	0.835897459684636	0.8844444696131507	0.714	1.0
B_plasma	26	IRX1	AxisComposite	0.6328205128205128	0.0005218074946860474	19	0.0019803230773938777	0.7729914749885326	0.855726520077973	0.9200000261805136	0.931	1.0
B_plasma	26	HBP1	AxisComposite	0.6307692307692306	0.0005510417535198182	44	0.002057810324344409	0.8051282280398028	0.8571282295195709	0.8988034443807396	0.997	1.0
B_plasma	26	RXRG	AxisComposite	0.6307692307692306	0.0005510417535198182	7	0.002057810324344409	0.7022222422054161	0.8325128442037043	0.9008547264903951	0.694	1.0
B_plasma	26	POU2AF1	AxisComposite	0.63008547008547	0.0005610982107275201	5	0.00209369020597607	0.6707692498573643	0.8243077157650821	0.9097436156322358	0.586	1.0
B_plasma	26	NEUROG1	AxisComposite	0.6287179487179486	0.0005816912062603898	16	0.0021516121638854987	0.7671795090111753	0.8475213916393508	0.9029060086000507	0.917	1.0
B_plasma	26	MBD1	AxisComposite	0.6280341880341881	0.0005922319960292987	17	0.002185406290485981	0.770940192878877	0.8571282295195709	0.9336752402448839	0.93	1.0
B_plasma	26	BCL11B	AxisComposite	0.6273504273504273	0.0006029385182808359	24	0.002219650633544907	0.7866666890529029	0.8550769474099154	0.8926495980517729	0.966	1.0
B_plasma	26	OLIG2	AxisComposite	0.6273504273504273	0.0006029385182808359	19	0.002219650633544907	0.7729914749885326	0.855726520077973	0.9200000261805136	0.933	1.0
B_plasma	26	ARNT	AxisComposite	0.625982905982906	0.0006248575076233789	68	0.002262866443433617	0.8153846385880805	0.859863272332445	0.8988034443807396	1.0	1.0
B_plasma	26	GTF2IRD1	AxisComposite	0.6246153846153845	0.0006474658947659175	6	0.0023142195993624062	0.6991453190409328	0.8345641263133599	0.9035897693032692	0.677	1.0
B_plasma	26	TBX6	AxisComposite	0.6246153846153845	0.0006474658947659175	10	0.0023142195993624062	0.7305983113889846	0.8448205368616376	0.917948744070858	0.799	1.0
B_plasma	26	FOXP1	AxisComposite	0.6232478632478632	0.0006707817647309175	32	0.002381147739744428	0.8003419031172733	0.8564444688163524	0.9097436156322358	0.992	1.0
B_plasma	26	HSF4	AxisComposite	0.6218803418803419	0.0006948235719980981	11	0.002438674010591821	0.7370940380695605	0.841401733345545	0.9049572907097062	0.822	1.0
B_plasma	26	PHF20	AxisComposite	0.6218803418803419	0.0006948235719980981	10	0.002438674010591821	0.7305983113889846	0.8448205368616376	0.917948744070858	0.803	1.0
B_plasma	26	TGFB1I1	AxisComposite	0.6218803418803419	0.0006948235719980981	12	0.002438674010591821	0.7466666879146198	0.8502564344522249	0.915213701257984	0.849	1.0
B_plasma	26	TFAP2C	AxisComposite	0.6211965811965812	0.0007071225713797207	33	0.0024706947329345332	0.8003419031172733	0.862598315145319	0.9193162654772951	0.984	1.0
B_plasma	26	HTATIP2	AxisComposite	0.6198290598290598	0.0007322887070548988	16	0.0025302173830734774	0.7671795090111753	0.8475213916393508	0.9029060086000507	0.924	1.0
B_plasma	26	ARID1B	AxisComposite	0.6184615384615384	0.0007582285649365319	5	0.00260634089920746	0.6707692498573643	0.8243077157650821	0.9097436156322358	0.609	1.0
B_plasma	26	TFAP4	AxisComposite	0.6184615384615384	0.0007582285649365319	36	0.00260634089920746	0.8003419031172733	0.8632478878133767	0.9029060086000507	0.995	1.0
B_plasma	26	ZNF219	AxisComposite	0.6184615384615384	0.0007582285649365319	5	0.00260634089920746	0.6707692498573643	0.8243077157650821	0.9097436156322358	0.609	1.0
B_plasma	26	HOXB2	AxisComposite	0.6177777777777778	0.000771494807714841	13	0.0026422140589969756	0.7535042949468049	0.8489572891161097	0.9076923335225803	0.901	1.0
B_plasma	26	HOXA7	AxisComposite	0.617094017094017	0.0007849619314304729	13	0.002676553904979874	0.7535042949468049	0.8489572891161097	0.9076923335225803	0.902	1.0
B_plasma	26	AHRR	AxisComposite	0.615042735042735	0.0008265940576886224	5	0.0027940195954312018	0.6707692498573643	0.8243077157650821	0.9097436156322358	0.615	1.0
B_plasma	26	ELF4	AxisComposite	0.6143589743589742	0.0008408902992071053	50	0.002828008585517844	0.8126495957752065	0.861230793738882	0.9193162654772951	0.999	1.0
B_plasma	26	PHOX2A	AxisComposite	0.6088888888888888	0.0009631838255163641	13	0.003141958139420257	0.7535042949468049	0.8489572891161097	0.9076923335225803	0.912	1.0
B_plasma	26	BTG2	AxisComposite	0.6082051282051281	0.0009795022228687347	7	0.0031752197057994818	0.7022222422054161	0.8325128442037043	0.9008547264903951	0.73	1.0
B_plasma	26	EGR3	AxisComposite	0.6082051282051281	0.0009795022228687347	32	0.0031752197057994818	0.8003419031172733	0.8564444688163524	0.9097436156322358	0.994	1.0
B_plasma	26	ZBTB38	AxisComposite	0.6082051282051281	0.0009795022228687347	5	0.0031752197057994818	0.6707692498573643	0.8243077157650821	0.9097436156322358	0.629	1.0
B_plasma	26	E2F7	AxisComposite	0.606153846153846	0.0010299010849706895	7	0.003261586339649375	0.7022222422054161	0.8325128442037043	0.9008547264903951	0.734	1.0
B_plasma	26	HOXC8	AxisComposite	0.606153846153846	0.0010299010849706895	14	0.003261586339649375	0.7565812181112882	0.8482051523425693	0.9104273763354543	0.899	1.0
B_plasma	26	NR4A3	AxisComposite	0.6047863247863248	0.0010647326795773088	40	0.0033267551193218725	0.8044444673365843	0.8578119902227894	0.9104273763354543	0.999	1.0
B_plasma	26	POU3F1	AxisComposite	0.604102564102564	0.0010825271141228514	23	0.0033643385943578365	0.7846154069432474	0.854358998671536	0.8947008801614285	0.974	1.0
B_plasma	26	ING4	AxisComposite	0.6020512820512819	0.0011374614347415045	15	0.0034955036059074016	0.7678632697143937	0.8495726737490064	0.9097436156322358	0.94	1.0
B_plasma	26	NR2E3	AxisComposite	0.6006837606837606	0.0011754077763855735	15	0.003581464425697035	0.7678632697143937	0.8495726737490064	0.9097436156322358	0.94	1.0
B_plasma	26	FOXE1	AxisComposite	0.5999999999999999	0.0011947874173848477	8	0.003628671219487618	0.713846174160131	0.835897459684636	0.8844444696131507	0.768	1.0
B_plasma	26	ZBTB18	AxisComposite	0.5958974358974359	0.0013169593057771017	9	0.003913154703607582	0.7237607043567994	0.8420513060136027	0.9035897693032692	0.827	1.0
B_plasma	26	HAND2	AxisComposite	0.5945299145299144	0.0013600080377354597	40	0.0039802617681185745	0.8044444673365843	0.8578119902227894	0.9104273763354543	0.999	1.0
B_plasma	26	PARK7	AxisComposite	0.5924786324786324	0.0014268540325279757	8	0.004113992973341934	0.713846174160131	0.835897459684636	0.8844444696131507	0.78	1.0
B_plasma	26	IRF8	AxisComposite	0.5904273504273503	0.0014965115450164906	68	0.004277841942521113	0.8153846385880805	0.859863272332445	0.8988034443807396	1.0	1.0
B_plasma	26	TBPL2	AxisComposite	0.5876923076923077	0.001593929367122766	10	0.004495747604670134	0.7305983113889846	0.8448205368616376	0.917948744070858	0.848	1.0
B_plasma	26	SALL2	AxisComposite	0.587008547008547	0.001619119256724906	5	0.004553041379754133	0.6707692498573643	0.8243077157650821	0.9097436156322358	0.676	1.0
B_plasma	26	MTF2	AxisComposite	0.5849572649572649	0.0016967541786882285	6	0.004714552682212292	0.6991453190409328	0.8345641263133599	0.9035897693032692	0.734	1.0
B_plasma	26	NHLH1	AxisComposite	0.5849572649572649	0.0016967541786882285	5	0.004714552682212292	0.6707692498573643	0.8243077157650821	0.9097436156322358	0.676	1.0
B_plasma	26	PRDM2	AxisComposite	0.5849572649572649	0.0016967541786882285	11	0.004714552682212292	0.7370940380695605	0.841401733345545	0.9049572907097062	0.87	1.0
B_plasma	26	TOX3	AxisComposite	0.5849572649572649	0.0016967541786882285	6	0.004714552682212292	0.6991453190409328	0.8345641263133599	0.9035897693032692	0.734	1.0
B_plasma	26	DMRT1	AxisComposite	0.5835897435897436	0.0017502702588024497	8	0.0048060362165234325	0.713846174160131	0.835897459684636	0.8844444696131507	0.788	1.0
B_plasma	26	IRF4	AxisComposite	0.5829059829059828	0.0017775678322434027	59	0.004869534413680871	0.8153846385880805	0.8605128450005026	0.9076923335225803	1.0	1.0
B_plasma	26	JDP2	AxisComposite	0.5822222222222222	0.0018052303667626497	33	0.004916461698977858	0.8003419031172733	0.862598315145319	0.9193162654772951	0.998	1.0
B_plasma	26	MNT	AxisComposite	0.5815384615384616	0.0018332618569103652	10	0.004958091742791184	0.7305983113889846	0.8448205368616376	0.917948744070858	0.854	1.0
B_plasma	26	TBX1	AxisComposite	0.5815384615384616	0.0018332618569103652	14	0.004958091742791184	0.7565812181112882	0.8482051523425693	0.9104273763354543	0.913	1.0
B_plasma	26	HIF3A	AxisComposite	0.5747008547008546	0.0021347715529140363	6	0.005533100282622277	0.6991453190409328	0.8345641263133599	0.9035897693032692	0.754	1.0
B_plasma	26	PAX7	AxisComposite	0.5747008547008546	0.0021347715529140363	18	0.005533100282622277	0.7736752356917511	0.8543931867066968	0.9097436156322358	0.96	1.0
B_plasma	26	PRDM4	AxisComposite	0.5747008547008546	0.0021347715529140363	9	0.005533100282622277	0.7237607043567994	0.8420513060136027	0.9035897693032692	0.857	1.0
B_plasma	26	ELK4	AxisComposite	0.5740170940170939	0.002167134597112429	6	0.005585538100576279	0.6991453190409328	0.8345641263133599	0.9035897693032692	0.754	1.0
B_plasma	26	TRERF1	AxisComposite	0.5733333333333333	0.002199917108464845	16	0.005648632047477391	0.7671795090111753	0.8475213916393508	0.9029060086000507	0.958	1.0
B_plasma	26	HNF4G	AxisComposite	0.5705982905982906	0.0023353309066062567	11	0.005873558551744615	0.7370940380695605	0.841401733345545	0.9049572907097062	0.884	1.0
B_plasma	26	PIAS1	AxisComposite	0.5705982905982906	0.0023353309066062567	6	0.005873558551744615	0.6991453190409328	0.8345641263133599	0.9035897693032692	0.76	1.0
B_plasma	26	RREB1	AxisComposite	0.5705982905982906	0.0023353309066062567	10	0.005873558551744615	0.7305983113889846	0.8448205368616376	0.917948744070858	0.866	1.0
B_plasma	26	TFDP2	AxisComposite	0.5705982905982906	0.0023353309066062567	5	0.005873558551744615	0.6707692498573643	0.8243077157650821	0.9097436156322358	0.712	1.0
B_plasma	26	SPDEF	AxisComposite	0.5678632478632477	0.0024778166524246042	18	0.006129543261005857	0.7736752356917511	0.8543931867066968	0.9097436156322358	0.96	1.0
B_plasma	26	NR1D2	AxisComposite	0.5664957264957264	0.0025518042343054175	6	0.00626278767914705	0.6991453190409328	0.8345641263133599	0.9035897693032692	0.763	1.0
B_plasma	26	KLF13	AxisComposite	0.5644444444444444	0.0026663233910131675	13	0.006472385641835396	0.7535042949468049	0.8489572891161097	0.9076923335225803	0.941	1.0
B_plasma	26	RORC	AxisComposite	0.5644444444444444	0.0026663233910131675	21	0.006472385641835396	0.7805128427239363	0.8516239558586619	0.9200000261805136	0.979	1.0
B_plasma	26	MEOX2	AxisComposite	0.5637606837606838	0.002705459212467405	7	0.006540177940858543	0.7022222422054161	0.8325128442037043	0.9008547264903951	0.792	1.0
B_plasma	26	OVOL1	AxisComposite	0.5623931623931623	0.0027852044804999912	9	0.006657109326663573	0.7237607043567994	0.8420513060136027	0.9035897693032692	0.864	1.0
B_plasma	26	TLX1	AxisComposite	0.5623931623931623	0.0027852044804999912	9	0.006657109326663573	0.7237607043567994	0.8420513060136027	0.9035897693032692	0.864	1.0
B_plasma	26	KLF9	AxisComposite	0.5617094017094016	0.0028258238773439335	26	0.006712949546789557	0.7914530139754326	0.8550427593747545	0.9186325047740765	0.99	1.0
B_plasma	26	NFE2L3	AxisComposite	0.5596581196581196	0.002950729584936462	7	0.006907726029329692	0.7022222422054161	0.8325128442037043	0.9008547264903951	0.795	1.0
B_plasma	26	PAX9	AxisComposite	0.5596581196581196	0.002950729584936462	10	0.006907726029329692	0.7305983113889846	0.8448205368616376	0.917948744070858	0.88	1.0
B_plasma	26	HSF1	AxisComposite	0.5582905982905982	0.003036590774460902	97	0.0070591662027806226	0.8235897670267027	0.8584957509260079	0.8892307945356803	1.0	1.0
B_plasma	26	ATF3	AxisComposite	0.5576068376068375	0.0030803141139446612	108	0.007150127441021223	0.8229060063234842	0.8591453235940656	0.8905983159421174	1.0	1.0
B_plasma	26	LRRFIP1	AxisComposite	0.5562393162393161	0.003169372534982605	17	0.007316830362660138	0.770940192878877	0.8571282295195709	0.9336752402448839	0.973	1.0
B_plasma	26	TCF21	AxisComposite	0.5535042735042734	0.003354085710523184	16	0.00764122601108942	0.7671795090111753	0.8475213916393508	0.9029060086000507	0.963	1.0
B_plasma	26	YAP1	AxisComposite	0.5535042735042734	0.003354085710523184	9	0.00764122601108942	0.7237607043567994	0.8420513060136027	0.9035897693032692	0.872	1.0
B_plasma	26	E2F5	AxisComposite	0.5494017094017093	0.003648301125762657	12	0.008101936087088526	0.7466666879146198	0.8502564344522249	0.915213701257984	0.923	1.0
B_plasma	26	HOXC6	AxisComposite	0.5473504273504273	0.003803451935599833	12	0.008366877302252601	0.7466666879146198	0.8502564344522249	0.915213701257984	0.926	1.0
B_plasma	26	CEBPE	AxisComposite	0.545982905982906	0.00390997002609723	36	0.008548824394295957	0.8003419031172733	0.8632478878133767	0.9029060086000507	0.999	1.0
B_plasma	26	STOX1	AxisComposite	0.545982905982906	0.00390997002609723	5	0.008548824394295957	0.6707692498573643	0.8243077157650821	0.9097436156322358	0.737	1.0
B_plasma	26	EGR4	AxisComposite	0.5452991452991452	0.003964171913999596	15	0.008622905169874238	0.7678632697143937	0.8495726737490064	0.9097436156322358	0.968	1.0
B_plasma	26	CTBP1	AxisComposite	0.5425641025641026	0.004187404071548548	10	0.008982905425546242	0.7305983113889846	0.8448205368616376	0.917948744070858	0.889	1.0
B_plasma	26	HOXD10	AxisComposite	0.5391452991452992	0.00448135521632332	5	0.009435708682813376	0.6707692498573643	0.8243077157650821	0.9097436156322358	0.744	1.0
B_plasma	26	PA2G4	AxisComposite	0.5384615384615384	0.0045421954027157286	5	0.009533708695987868	0.6707692498573643	0.8243077157650821	0.9097436156322358	0.744	1.0
B_plasma	26	MECOM	AxisComposite	0.5377777777777777	0.004603733590348422	19	0.009628238530352344	0.7729914749885326	0.855726520077973	0.9200000261805136	0.976	1.0
B_plasma	26	TFAP2D	AxisComposite	0.5370940170940172	0.004665976151383709	9	0.009727903829682517	0.7237607043567994	0.8420513060136027	0.9035897693032692	0.884	1.0
B_plasma	26	NFX1	AxisComposite	0.5364102564102563	0.0047289294980479854	5	0.009824051133461503	0.6707692498573643	0.8243077157650821	0.9097436156322358	0.745	1.0
B_plasma	26	NFATC3	AxisComposite	0.532991452991453	0.005054585257982164	40	0.010353139089188565	0.8044444673365843	0.8578119902227894	0.9104273763354543	1.0	1.0
B_plasma	26	FOXQ1	AxisComposite	0.5316239316239316	0.005190051998392047	17	0.01057492917001051	0.770940192878877	0.8571282295195709	0.9336752402448839	0.981	1.0
B_plasma	26	VENTX	AxisComposite	0.5302564102564101	0.0053285729189973706	5	0.01079122706545758	0.6707692498573643	0.8243077157650821	0.9097436156322358	0.752	1.0
B_plasma	26	HES6	AxisComposite	0.5295726495726496	0.005398995662797429	9	0.010924365736427567	0.7237607043567994	0.8420513060136027	0.9035897693032692	0.888	1.0
B_plasma	26	ETV5	AxisComposite	0.5261538461538461	0.005763007757421197	23	0.011467058913743455	0.7846154069432474	0.854358998671536	0.8947008801614285	0.99	1.0
B_plasma	26	NPAS2	AxisComposite	0.5261538461538461	0.005763007757421197	8	0.011467058913743455	0.713846174160131	0.835897459684636	0.8844444696131507	0.855	1.0
B_plasma	26	RFX1	AxisComposite	0.5261538461538461	0.005763007757421197	23	0.011467058913743455	0.7846154069432474	0.854358998671536	0.8947008801614285	0.99	1.0
B_plasma	26	FOSB	AxisComposite	0.524102564102564	0.005991185761768408	38	0.011820310708341051	0.8051282280398028	0.861230793738882	0.9158974619612025	0.999	1.0
B_plasma	26	NFIL3	AxisComposite	0.5152136752136752	0.00706989912254361	37	0.013393786162351286	0.8017094245237103	0.8557607081131339	0.8974359229743025	1.0	1.0
B_plasma	26	RXRB	AxisComposite	0.5145299145299145	0.007159226634566504	15	0.01351365545093265	0.7678632697143937	0.8495726737490064	0.9097436156322358	0.98	1.0
B_plasma	26	NEUROD6	AxisComposite	0.5104273504273503	0.007715317854425544	11	0.01437154977831542	0.7370940380695605	0.841401733345545	0.9049572907097062	0.928	1.0
B_plasma	26	NKX6-1	AxisComposite	0.5076923076923077	0.008105795891337307	19	0.014961587671317732	0.7729914749885326	0.855726520077973	0.9200000261805136	0.983	1.0
B_plasma	26	SOX18	AxisComposite	0.5043383654899882	0.00860708185020949	6	0.01572518907114595	0.6991453190409328	0.8345641263133599	0.9035897693032692	0.832	1.0
B_plasma	26	GSC	AxisComposite	0.5029059829059829	0.00882892728645773	14	0.01603635508684229	0.7565812181112882	0.8482051523425693	0.9104273763354543	0.963	1.0
B_plasma	26	HMGB2	AxisComposite	0.5022222222222221	0.008936499498143772	9	0.0161688293245485	0.7237607043567994	0.8420513060136027	0.9035897693032692	0.915	1.0
B_plasma	26	NR2F6	AxisComposite	0.5015384615384615	0.009045164025594835	16	0.016302249294006442	0.7671795090111753	0.8475213916393508	0.9029060086000507	0.975	1.0
B_plasma	26	SOX3	AxisComposite	0.5008547008547009	0.009154929435087222	7	0.01642398562758922	0.7022222422054161	0.8325128442037043	0.9008547264903951	0.86	1.0
B_plasma	26	HOXB1	AxisComposite	0.4994871794871794	0.00937779737498252	10	0.016752988192276462	0.7305983113889846	0.8448205368616376	0.917948744070858	0.921	1.0
B_plasma	26	HOXB9	AxisComposite	0.4994871794871794	0.00937779737498252	7	0.016752988192276462	0.7022222422054161	0.8325128442037043	0.9008547264903951	0.86	1.0
B_plasma	26	DMTF1	AxisComposite	0.4981196581196581	0.009605172686534297	18	0.017074236900511082	0.7736752356917511	0.8543931867066968	0.9097436156322358	0.98	1.0
B_plasma	26	EOMES	AxisComposite	0.4974358974358974	0.009720572467670495	26	0.01723343421157838	0.7914530139754326	0.8550427593747545	0.9186325047740765	0.997	1.0
B_plasma	26	AEBP1	AxisComposite	0.49675213675213675	0.009837125408618225	5	0.017374083014540246	0.6707692498573643	0.8243077157650821	0.9097436156322358	0.794	1.0
B_plasma	26	HOXC13	AxisComposite	0.49401709401709404	0.010315046586223425	7	0.018101743407703364	0.7022222422054161	0.8325128442037043	0.9008547264903951	0.869	1.0
B_plasma	26	NKRF	AxisComposite	0.49333333333333323	0.010437499053309362	10	0.018254869082370964	0.7305983113889846	0.8448205368616376	0.917948744070858	0.924	1.0
B_plasma	26	PITX3	AxisComposite	0.49196581196581196	0.01068603392526151	23	0.018598958375511086	0.7846154069432474	0.854358998671536	0.8947008801614285	0.992	1.0
B_plasma	26	HAND1	AxisComposite	0.49128205128205127	0.010812134591055554	14	0.018790411121015385	0.7565812181112882	0.8482051523425693	0.9104273763354543	0.967	1.0
B_plasma	26	CIITA	AxisComposite	0.4892307692307692	0.011197879945369717	30	0.01933158926883813	0.7969230996011807	0.8564102807811915	0.8892307945356803	0.997	1.0
B_plasma	26	ZFHX3	AxisComposite	0.4878632478632478	0.011461339172620127	15	0.01970590469900212	0.7678632697143937	0.8495726737490064	0.9097436156322358	0.985	1.0
B_plasma	26	FOXO6	AxisComposite	0.4871794871794871	0.011594985558740625	5	0.019906359907392878	0.6707692498573643	0.8243077157650821	0.9097436156322358	0.804	1.0
B_plasma	26	FOXP2	AxisComposite	0.48512820512820504	0.012003705221376573	11	0.02047252319086074	0.7370940380695605	0.841401733345545	0.9049572907097062	0.939	1.0
B_plasma	26	MYOCD	AxisComposite	0.48512820512820504	0.012003705221376573	8	0.02047252319086074	0.713846174160131	0.835897459684636	0.8844444696131507	0.894	1.0
B_plasma	26	HNF1B	AxisComposite	0.481025641025641	0.012857018509186326	64	0.021612013828189332	0.8150427582364712	0.8577778021876286	0.8892307945356803	1.0	1.0
B_plasma	26	FOXJ1	AxisComposite	0.47282051282051274	0.014714548456955467	18	0.024126277554291576	0.7736752356917511	0.8543931867066968	0.9097436156322358	0.984	1.0
B_plasma	26	FOXN4	AxisComposite	0.4721367521367521	0.014878837264563894	8	0.024335813717934217	0.713846174160131	0.835897459684636	0.8844444696131507	0.902	1.0
B_plasma	26	PTF1A	AxisComposite	0.46871794871794875	0.01572311535511007	17	0.025458030689439404	0.770940192878877	0.8571282295195709	0.9336752402448839	0.983	1.0
B_plasma	26	IRF7	AxisComposite	0.4646153846153846	0.016787869254013415	34	0.026920568078919488	0.8003419031172733	0.8557607081131339	0.917948744070858	1.0	1.0
B_plasma	26	MAML1	AxisComposite	0.4632478632478632	0.017155669697816865	5	0.027463191409262393	0.6707692498573643	0.8243077157650821	0.9097436156322358	0.827	1.0
B_plasma	26	TBX20	AxisComposite	0.4605128205128205	0.01791111229777354	7	0.028399820722149072	0.7022222422054161	0.8325128442037043	0.9008547264903951	0.9	1.0
B_plasma	26	HOXD4	AxisComposite	0.4591452991452991	0.018298929224322767	5	0.02895572936241989	0.6707692498573643	0.8243077157650821	0.9097436156322358	0.829	1.0
B_plasma	26	RORB	AxisComposite	0.4584615384615384	0.018495400117791695	5	0.02918746712300596	0.6707692498573643	0.8243077157650821	0.9097436156322358	0.829	1.0
B_plasma	26	ZBTB7B	AxisComposite	0.4584615384615384	0.018495400117791695	15	0.02918746712300596	0.7678632697143937	0.8495726737490064	0.9097436156322358	0.986	1.0
B_plasma	26	ZNF423	AxisComposite	0.45299145299145294	0.020130136600762943	5	0.03136431163296442	0.6707692498573643	0.8243077157650821	0.9097436156322358	0.835	1.0
B_plasma	26	HLX	AxisComposite	0.45094017094017086	0.020772767551489605	17	0.03225791048913955	0.770940192878877	0.8571282295195709	0.9336752402448839	0.987	1.0
B_plasma	26	SETBP1	AxisComposite	0.44820512820512814	0.02165552682902375	6	0.03343962925500591	0.6991453190409328	0.8345641263133599	0.9035897693032692	0.879	1.0
B_plasma	26	PBX2	AxisComposite	0.44478632478632474	0.022801672485381647	11	0.03501256814531629	0.7370940380695605	0.841401733345545	0.9049572907097062	0.956	1.0
B_plasma	26	LMX1A	AxisComposite	0.44341880341880335	0.023273714491766097	8	0.03559688704048629	0.713846174160131	0.835897459684636	0.8844444696131507	0.918	1.0
B_plasma	26	IRF5	AxisComposite	0.44	0.024488607286414277	36	0.03728402440084209	0.8003419031172733	0.8632478878133767	0.9029060086000507	1.0	1.0
B_plasma	26	ATF7	AxisComposite	0.4393162393162393	0.024737644978932976	8	0.03755295179240947	0.713846174160131	0.835897459684636	0.8844444696131507	0.921	1.0
B_plasma	26	NR1D1	AxisComposite	0.4393162393162393	0.024737644978932976	26	0.03755295179240947	0.7914530139754326	0.8550427593747545	0.9186325047740765	0.999	1.0
B_plasma	26	SIN3A	AxisComposite	0.4365811965811965	0.025754393984050033	12	0.03885633843488867	0.7466666879146198	0.8502564344522249	0.915213701257984	0.973	1.0
B_plasma	26	ELK3	AxisComposite	0.43589743589743585	0.026013791386892204	28	0.039127922826917204	0.7948718174915251	0.85709404148441	0.9083760942257988	1.0	1.0
B_plasma	26	NFKBIB	AxisComposite	0.4352136752136752	0.026275297193493755	19	0.03950179945224761	0.7729914749885326	0.855726520077973	0.9200000261805136	0.994	1.0
B_plasma	26	TCF15	AxisComposite	0.43247863247863244	0.027342649376350833	7	0.04096132454711351	0.7022222422054161	0.8325128442037043	0.9008547264903951	0.917	1.0
B_plasma	26	ELF3	AxisComposite	0.43111111111111106	0.027889295101014334	32	0.041659913450091166	0.8003419031172733	0.8564444688163524	0.9097436156322358	1.0	1.0
B_plasma	26	TLX2	AxisComposite	0.4297435897435897	0.028444719180312942	5	0.04232704785900568	0.6707692498573643	0.8243077157650821	0.9097436156322358	0.848	1.0
B_plasma	26	KLF7	AxisComposite	0.427008547008547	0.029582300883681346	10	0.043754810052289136	0.7305983113889846	0.8448205368616376	0.917948744070858	0.954	1.0
B_plasma	26	ZNF300	AxisComposite	0.4229059829059829	0.03135701293445766	8	0.0459142209466902	0.713846174160131	0.835897459684636	0.8844444696131507	0.929	1.0
B_plasma	26	MLX	AxisComposite	0.4215384615384615	0.031967211907293715	5	0.04674904297720773	0.6707692498573643	0.8243077157650821	0.9097436156322358	0.855	1.0
B_plasma	26	HOXA11	AxisComposite	0.41948717948717945	0.03290032452846345	8	0.04793343161637559	0.713846174160131	0.835897459684636	0.8844444696131507	0.93	1.0
B_plasma	26	MAFA	AxisComposite	0.41538461538461535	0.034831951299019094	22	0.05043286248877826	0.7791453213174993	0.8523419045970413	0.9001709657871766	0.997	1.0
B_plasma	26	ZXDC	AxisComposite	0.41128205128205125	0.036853107356464285	6	0.05294869348721923	0.6991453190409328	0.8345641263133599	0.9035897693032692	0.904	1.0
B_plasma	26	ELF5	AxisComposite	0.4092307692307692	0.0378981380147291	11	0.0542497725399434	0.7370940380695605	0.841401733345545	0.9049572907097062	0.966	1.0
B_plasma	26	IRF6	AxisComposite	0.4058119658119658	0.039692121491041295	15	0.0564542422669655	0.7678632697143937	0.8495726737490064	0.9097436156322358	0.994	1.0
B_plasma	26	HOXA13	AxisComposite	0.40307692307692305	0.04117529808033601	16	0.05827965174014812	0.7671795090111753	0.8475213916393508	0.9029060086000507	0.988	1.0
B_plasma	26	TFAP2B	AxisComposite	0.40239316239316236	0.0415528679615418	26	0.05872503410368669	0.7914530139754326	0.8550427593747545	0.9186325047740765	1.0	1.0
B_plasma	26	POU4F3	AxisComposite	0.401025641025641	0.042316231737863017	6	0.059695427546794966	0.6991453190409328	0.8345641263133599	0.9035897693032692	0.908	1.0
B_plasma	26	SIX3	AxisComposite	0.39664900562616184	0.04483414128618439	11	0.06273554302275441	0.7370940380695605	0.841401733345545	0.9049572907097062	0.972	1.0
B_plasma	26	ZNF335	AxisComposite	0.39487179487179486	0.045889710438058576	8	0.06398242781507092	0.713846174160131	0.835897459684636	0.8844444696131507	0.938	1.0
B_plasma	26	EHF	AxisComposite	0.3941880341880341	0.046301005587464174	13	0.06447884668325858	0.7535042949468049	0.8489572891161097	0.9076923335225803	0.991	1.0
B_plasma	26	ELF2	AxisComposite	0.3921367521367521	0.04755233098059521	11	0.06592642738860066	0.7370940380695605	0.841401733345545	0.9049572907097062	0.973	1.0
B_plasma	26	MLXIP	AxisComposite	0.38256410256410256	0.05374738669913497	5	0.07316713761619507	0.6707692498573643	0.8243077157650821	0.9097436156322358	0.885	1.0
B_plasma	26	PLAGL2	AxisComposite	0.37982905982905973	0.05562837354405422	8	0.07535497611829516	0.713846174160131	0.835897459684636	0.8844444696131507	0.942	1.0
B_plasma	26	EBF3	AxisComposite	0.37846153846153846	0.05658790502548216	9	0.07638876248089957	0.7237607043567994	0.8420513060136027	0.9035897693032692	0.966	1.0
B_plasma	26	SMARCA4	AxisComposite	0.3764102564102564	0.0580513055293274	10	0.07813826245989051	0.7305983113889846	0.8448205368616376	0.917948744070858	0.969	1.0
B_plasma	26	HEYL	AxisComposite	0.3757264957264957	0.058545587591245014	6	0.0786901246403489	0.6991453190409328	0.8345641263133599	0.9035897693032692	0.926	1.0
B_plasma	26	ZFP64	AxisComposite	0.3572649572649573	0.07316926143482752	5	0.09605008784526851	0.6707692498573643	0.8243077157650821	0.9097436156322358	0.895	1.0
B_plasma	26	ZIC2	AxisComposite	0.3517948717948718	0.0779982332539813	7	0.10127837352700549	0.7022222422054161	0.8325128442037043	0.9008547264903951	0.948	1.0
B_plasma	26	HOPX	AxisComposite	0.3504273504273504	0.07924255927339348	8	0.10256838244883952	0.713846174160131	0.835897459684636	0.8844444696131507	0.953	1.0
B_plasma	26	TBXT	AxisComposite	0.3497435897435897	0.07987035766814779	13	0.10327834614817559	0.7535042949468049	0.8489572891161097	0.9076923335225803	0.995	1.0
B_plasma	26	HES5	AxisComposite	0.3490598290598291	0.08050193059176405	7	0.10395104066455176	0.7022222422054161	0.8325128442037043	0.9008547264903951	0.95	1.0
B_plasma	26	MEF2B	AxisComposite	0.34769230769230763	0.08177645272351206	7	0.10542183963362449	0.7022222422054161	0.8325128442037043	0.9008547264903951	0.95	1.0
B_plasma	26	NFKBIZ	AxisComposite	0.3449572649572649	0.08437136984701644	8	0.10825881100766158	0.713846174160131	0.835897459684636	0.8844444696131507	0.956	1.0
B_plasma	26	ZGPAT	AxisComposite	0.3449572649572649	0.08437136984701644	12	0.10825881100766158	0.7466666879146198	0.8502564344522249	0.915213701257984	0.99	1.0
B_plasma	26	SMAD9	AxisComposite	0.3217094017094017	0.1090085553610962	7	0.13387317453975192	0.7022222422054161	0.8325128442037043	0.9008547264903951	0.955	1.0
B_plasma	26	MTA2	AxisComposite	0.3203418803418803	0.11060763140762062	6	0.13555169950400972	0.6991453190409328	0.8345641263133599	0.9035897693032692	0.944	1.0
B_plasma	26	MEOX1	AxisComposite	0.3182905982905983	0.11303864906635505	8	0.1381743935855734	0.713846174160131	0.835897459684636	0.8844444696131507	0.964	1.0
B_plasma	26	SIM2	AxisComposite	0.31555555555555553	0.11634098707424882	11	0.1416852928939717	0.7370940380695605	0.841401733345545	0.9049572907097062	0.986	1.0
B_plasma	26	HOXB3	AxisComposite	0.30666666666666664	0.1275633893242502	9	0.15319421182546952	0.7237607043567994	0.8420513060136027	0.9035897693032692	0.982	1.0
B_plasma	26	MIXL1	AxisComposite	0.3000665295251953	0.13639165421603258	5	0.16254180287986728	0.6707692498573643	0.8243077157650821	0.9097436156322358	0.919	1.0
B_plasma	26	PRRX1	AxisComposite	0.29866582427495814	0.13832059946006087	6	0.1645465235167085	0.6991453190409328	0.8345641263133599	0.9035897693032692	0.951	1.0
B_plasma	26	SPIC	AxisComposite	0.2861538461538462	0.1564302803349685	10	0.18333330369159753	0.7305983113889846	0.8448205368616376	0.917948744070858	0.988	1.0
B_plasma	26	CHD4	AxisComposite	0.2608547008547008	0.19805648722931546	6	0.22615647807887587	0.6991453190409328	0.8345641263133599	0.9035897693032692	0.958	1.0
B_plasma	26	PHF5A	AxisComposite	0.2574358974358974	0.20421246713980906	6	0.2322201696975953	0.6991453190409328	0.8345641263133599	0.9035897693032692	0.958	1.0
B_plasma	26	PPARGC1B	AxisComposite	0.24307692307692305	0.23148379594390028	5	0.25975152871781887	0.6707692498573643	0.8243077157650821	0.9097436156322358	0.937	1.0
B_plasma	26	SALL1	AxisComposite	0.2423931623931624	0.23283997713545676	6	0.2609596670512154	0.6991453190409328	0.8345641263133599	0.9035897693032692	0.964	1.0
B_plasma	26	DLX1	AxisComposite	0.23897435897435895	0.2396999120851258	10	0.2677480712164076	0.7305983113889846	0.8448205368616376	0.917948744070858	0.991	1.0
B_plasma	26	LHX1	AxisComposite	0.23076923076923075	0.2567030911411301	6	0.28476474083811676	0.6991453190409328	0.8345641263133599	0.9035897693032692	0.967	1.0
B_plasma	26	ZBTB4	AxisComposite	0.23076923076923075	0.2567030911411301	14	0.28476474083811676	0.7565812181112882	0.8482051523425693	0.9104273763354543	0.999	1.0
B_plasma	26	SOX7	AxisComposite	0.21580128353027006	0.28969231941378815	6	0.31706535686367243	0.6991453190409328	0.8345641263133599	0.9035897693032692	0.97	1.0
B_plasma	26	ZFX	AxisComposite	0.20888888888888887	0.3057889575271598	5	0.33296544290571073	0.6707692498573643	0.8243077157650821	0.9097436156322358	0.948	1.0
B_plasma	26	NHLH2	AxisComposite	0.20702620701076022	0.3102195630525391	6	0.33771103552454584	0.6991453190409328	0.8345641263133599	0.9035897693032692	0.971	1.0
B_plasma	26	RFX5	AxisComposite	0.1917948717948718	0.34792461627330884	23	0.37378874770168136	0.7846154069432474	0.854358998671536	0.8947008801614285	1.0	1.0
B_plasma	26	TCF7L1	AxisComposite	0.1880462319604462	0.35760509244984956	6	0.3836590603438055	0.6991453190409328	0.8345641263133599	0.9035897693032692	0.972	1.0
B_plasma	26	IRX4	AxisComposite	0.17977160472066253	0.3795275495846557	5	0.40587276093039465	0.6707692498573643	0.8243077157650821	0.9097436156322358	0.956	1.0
B_plasma	26	ASCL2	AxisComposite	0.17333333333333334	0.3971070220341032	10	0.42273559380962233	0.7305983113889846	0.8448205368616376	0.917948744070858	0.997	1.0
B_plasma	26	TSHZ3	AxisComposite	0.17264957264957262	0.39900058800764154	6	0.42465452458268826	0.6991453190409328	0.8345641263133599	0.9035897693032692	0.976	1.0
B_plasma	26	PAX1	AxisComposite	0.14327106071057366	0.4850344530304859	5	0.5089100532133757	0.6707692498573643	0.8243077157650821	0.9097436156322358	0.964	1.0
B_plasma	26	SCX	AxisComposite	0.07692307692307691	0.708779297161033	13	0.7244540746984239	0.7535042949468049	0.8489572891161097	0.9076923335225803	1.0	1.0
B_plasma	26	ZBTB14	AxisComposite	0.07282051282051281	0.7236975155869997	6	0.7382473782255495	0.6991453190409328	0.8345641263133599	0.9035897693032692	0.982	1.0
B_plasma	26	NCOA6	AxisComposite	0.05709401709401708	0.7817558545613771	5	0.7934847421379665	0.6707692498573643	0.8243077157650821	0.9097436156322358	0.973	1.0
B_plasma	26	DACH1	AxisComposite	0.02358974358974359	0.9089330600136661	8	0.9146151162198305	0.713846174160131	0.835897459684636	0.8844444696131507	0.994	1.0
B_plasma	26	PHOX2B	AxisComposite	0.013333333333333332	0.9484559205883564	16	0.9519226483135772	0.7671795090111753	0.8475213916393508	0.9029060086000507	1.0	1.0
B_plasma	26	HIVEP2	AxisComposite	-0.04752136752136752	0.8176837503952754	11	0.8276122608077072	0.7370940380695605	0.841401733345545	0.9049572907097062	1.0	1.0
B_plasma	26	RFXAP	AxisComposite	-0.0652991452991453	0.7513008176232436	16	0.7645677385361459	0.7671795090111753	0.8475213916393508	0.9029060086000507	1.0	1.0
B_plasma	26	RFXANK	AxisComposite	-0.09675213675213674	0.6382237932615834	18	0.6576663723940555	0.7736752356917511	0.8543931867066968	0.9097436156322358	1.0	1.0
B_plasma	26	PRDM16	AxisComposite	-0.13364861363640804	0.5151167775157639	5	0.5379340307480058	0.6707692498573643	0.8243077157650821	0.9097436156322358	0.99	1.0
B_plasma	26	HOXA2	AxisComposite	-0.14666666666666667	0.47463598473607554	6	0.4984478687847021	0.6991453190409328	0.8345641263133599	0.9035897693032692	0.993	1.0
B_plasma	26	SHOX2	AxisComposite	-0.2765801515799129	0.17137950847305297	7	0.19856032403877172	0.7022222422054161	0.8325128442037043	0.9008547264903951	1.0	1.0
B_plasma	26	GBX2	AxisComposite	-0.3716239316239316	0.06158029079877169	8	0.08246035497666845	0.713846174160131	0.835897459684636	0.8844444696131507	1.0	1.0
