b_subset	tf	n_targets	rho_partial	emp_p	null_med	null_max	q_emp
B_memory	PRRX1	6	0.7223931623931624	0.0	0.0071794871794871795	0.5945299145299145	0.0
B_naive	SCX	13	0.6417094017094017	0.0	0.008547008547008548	0.5726495726495726	0.0
B_plasma	HOXB13	13	0.6116239316239316	0.0	0.007521367521367521	0.5644444444444444	0.0
B_plasma	ZNF217	6	0.5815384615384616	0.001	0.011965811965811967	0.705982905982906	0.389
B_naive	ZNF91	49	0.5617094017094018	0.002	-0.01264957264957265	0.6362393162393163	0.4668
B_naive	IRX1	19	0.5548717948717948	0.003	-0.0071794871794871795	0.6847863247863248	0.4668
B_naive	ENO1	19	0.5418803418803418	0.003	-0.0071794871794871795	0.6847863247863248	0.4668
B_naive	MEF2B	7	0.5357264957264958	0.003	0.005128205128205128	0.6348717948717949	0.4668
B_plasma	FOXE1	8	0.532991452991453	0.002	0.01094017094017094	0.5911111111111111	0.5186666666666667
B_naive	ARX	27	0.5056410256410256	0.004	0.013675213675213675	0.556923076923077	0.5186666666666667
B_naive	MAML1	5	0.5015384615384615	0.008	-0.008547008547008548	0.7866666666666666	0.6195185185185185
B_naive	ERF	18	0.47897435897435897	0.008	0.003076923076923077	0.7401709401709402	0.6195185185185185
B_naive	RFX3	6	0.4570940170940171	0.01	-0.003418803418803419	0.6143589743589744	0.6195185185185185
B_naive	BTG2	7	0.4502564102564103	0.011	0.005128205128205128	0.6348717948717949	0.6195185185185185
B_naive	SALL3	10	0.4482051282051282	0.013	0.010256410256410258	0.7326495726495726	0.6195185185185185
B_naive	ZFX	5	0.4482051282051282	0.013	-0.008547008547008548	0.7866666666666666	0.6195185185185185
B_naive	POU4F2	34	0.442051282051282	0.01	0.002393162393162393	0.7141880341880342	0.6195185185185185
B_naive	HSF1	97	0.4324786324786325	0.009	0.0020512820512820513	0.6054700854700855	0.6195185185185185
B_naive	XBP1	54	0.4283760683760684	0.016	0.0006837606837606838	0.5822222222222222	0.6195185185185185
B_naive	HLX	17	0.4263247863247863	0.009	0.004786324786324786	0.5336752136752136	0.6195185185185185
B_naive	YBX3	26	0.41606837606837604	0.012	0.008547008547008548	0.5261538461538462	0.6195185185185185
B_naive	TLX3	6	0.40923076923076923	0.02	-0.003418803418803419	0.6143589743589744	0.6195185185185185
B_naive	TWIST2	34	0.3935042735042735	0.02	0.002393162393162393	0.7141880341880342	0.6195185185185185
B_naive	ELK3	28	0.39282051282051283	0.024	0.0017094017094017094	0.6218803418803419	0.6195185185185185
B_naive	SATB1	44	0.37914529914529915	0.021	-0.0037606837606837607	0.6061538461538462	0.6195185185185185
B_naive	HDAC3	27	0.3764102564102564	0.02	0.013675213675213675	0.556923076923077	0.6195185185185185
B_naive	SRF	104	0.37572649572649575	0.031	0.011965811965811967	0.6984615384615385	0.6195185185185185
B_naive	PHF20	10	0.37094017094017095	0.036	0.010256410256410258	0.7326495726495726	0.6195185185185185
B_naive	SALL2	5	0.37094017094017095	0.042	-0.008547008547008548	0.7866666666666666	0.6195185185185185
B_naive	SMAD3	189	0.37094017094017095	0.026	-0.005811965811965812	0.6396581196581197	0.6195185185185185
B_naive	ZXDC	6	0.37094017094017095	0.03	-0.003418803418803419	0.6143589743589744	0.6195185185185185
B_naive	HDAC1	82	0.36752136752136755	0.029	0.00547008547008547	0.5685470085470086	0.6195185185185185
B_naive	KLF17	5	0.36615384615384616	0.043	-0.008547008547008548	0.7866666666666666	0.6195185185185185
B_naive	SRY	41	0.36615384615384616	0.019	-0.004786324786324786	0.56991452991453	0.6195185185185185
B_naive	NR1H3	135	0.3641025641025641	0.028	-0.020512820512820513	0.5398290598290598	0.6195185185185185
B_naive	PPARG	362	0.3641025641025641	0.029	-0.0017094017094017094	0.615042735042735	0.6195185185185185
B_naive	ZNF143	29	0.35863247863247866	0.026	0.0071794871794871795	0.52	0.6195185185185185
B_naive	PITX1	39	0.3552136752136752	0.033	0.01094017094017094	0.5528205128205128	0.6195185185185185
B_naive	RFX1	23	0.3511111111111111	0.038	0.005128205128205128	0.571965811965812	0.6195185185185185
B_naive	HOPX	8	0.3483760683760684	0.044	0.01264957264957265	0.7114529914529915	0.6195185185185185
B_naive	PPARA	263	0.344957264957265	0.025	-0.0037606837606837607	0.5418803418803418	0.6195185185185185
B_naive	TCF4	58	0.3401709401709402	0.039	0.002393162393162393	0.6745299145299145	0.6195185185185185
B_naive	ABL1	10	0.3367521367521368	0.049	0.010256410256410258	0.7326495726495726	0.6195185185185185
B_naive	NR1H4	134	0.3367521367521368	0.046	0.0006837606837606838	0.6143589743589744	0.6195185185185185
B_naive	ZNF76	7	0.3347008547008547	0.058	0.005128205128205128	0.6348717948717949	0.6195185185185185
B_naive	TAF1	42	0.334017094017094	0.042	0.006495726495726496	0.5794871794871795	0.6195185185185185
B_naive	GTF3A	26	0.3333333333333333	0.046	0.008547008547008548	0.5261538461538462	0.6195185185185185
B_naive	HAND1	14	0.3326495726495726	0.051	0.0017094017094017094	0.5993162393162393	0.6195185185185185
B_naive	FOXE1	8	0.3299145299145299	0.05	0.01264957264957265	0.7114529914529915	0.6195185185185185
B_naive	TGFB1I1	12	0.3278632478632479	0.042	-0.0041025641025641026	0.6232478632478633	0.6195185185185185
B_naive	NFX1	5	0.3237606837606838	0.068	-0.008547008547008548	0.7866666666666666	0.6195185185185185
B_naive	NFAT5	51	0.3230769230769231	0.053	0.0010256410256410256	0.4817094017094017	0.6195185185185185
B_naive	APEX1	41	0.318974358974359	0.052	-0.004786324786324786	0.56991452991453	0.6195185185185185
B_naive	JUN	894	0.318974358974359	0.057	0.007863247863247864	0.5945299145299145	0.6195185185185185
B_naive	ZNF300	8	0.3182905982905983	0.059	0.01264957264957265	0.7114529914529915	0.6195185185185185
B_naive	NR1I3	60	0.3162393162393162	0.052	0.006837606837606838	0.5945299145299145	0.6195185185185185
B_naive	GLI3	43	0.31555555555555553	0.052	0.0105982905982906	0.6047863247863248	0.6195185185185185
B_naive	PBX2	11	0.3148717948717949	0.048	0.011965811965811967	0.6526495726495727	0.6195185185185185
B_naive	ZFHX3	15	0.3121367521367521	0.066	0.02358974358974359	0.6724786324786325	0.6195185185185185
B_naive	POU1F1	56	0.31145299145299143	0.065	0.0071794871794871795	0.6410256410256411	0.6195185185185185
B_naive	EBF3	9	0.31076923076923074	0.046	0.0013675213675213675	0.5801709401709402	0.6195185185185185
B_naive	NR2C1	21	0.3094017094017094	0.056	-0.006837606837606838	0.6184615384615385	0.6195185185185185
B_naive	DACH1	8	0.30803418803418803	0.063	0.01264957264957265	0.7114529914529915	0.6195185185185185
B_naive	NAB2	7	0.30803418803418803	0.07	0.005128205128205128	0.6348717948717949	0.6195185185185185
B_naive	SP1	1322	0.30735042735042734	0.05	-0.0020512820512820513	0.5815384615384616	0.6195185185185185
B_naive	HEYL	6	0.30666666666666664	0.06	-0.003418803418803419	0.6143589743589744	0.6195185185185185
B_naive	PAX1	5	0.30666666666666664	0.079	-0.008547008547008548	0.7866666666666666	0.6195185185185185
B_naive	STOX1	5	0.30666666666666664	0.079	-0.008547008547008548	0.7866666666666666	0.6195185185185185
B_naive	THAP11	6	0.3046153846153846	0.061	-0.003418803418803419	0.6143589743589744	0.6195185185185185
B_naive	CIITA	30	0.3011965811965812	0.051	-0.0017094017094017094	0.5788034188034188	0.6195185185185185
B_naive	GTF2IRD1	6	0.3011965811965812	0.062	-0.003418803418803419	0.6143589743589744	0.6195185185185185
B_naive	JUND	620	0.29914529914529914	0.056	-0.003418803418803419	0.6143589743589744	0.6195185185185185
B_naive	IRF4	59	0.29846153846153844	0.066	-0.0037606837606837607	0.731965811965812	0.6195185185185185
B_naive	TBX21	52	0.29846153846153844	0.052	-0.003418803418803419	0.5644444444444444	0.6195185185185185
B_naive	CEBPZ	19	0.29367521367521365	0.063	-0.0071794871794871795	0.6847863247863248	0.6195185185185185
B_naive	PHF5A	6	0.29367521367521365	0.066	-0.003418803418803419	0.6143589743589744	0.6195185185185185
B_naive	PLAG1	7	0.29094017094017094	0.079	0.005128205128205128	0.6348717948717949	0.6195185185185185
B_naive	PRRX1	6	0.28683760683760684	0.075	-0.003418803418803419	0.6143589743589744	0.6195185185185185
B_naive	MAFG	8	0.28615384615384615	0.082	0.01264957264957265	0.7114529914529915	0.6195185185185185
B_naive	SPIC	10	0.28615384615384615	0.073	0.010256410256410258	0.7326495726495726	0.6195185185185185
B_naive	CHD4	6	0.2841025641025641	0.076	-0.003418803418803419	0.6143589743589744	0.6195185185185185
B_naive	FOSB_JUN	589	0.28205128205128205	0.078	-0.01982905982905983	0.597948717948718	0.6195185185185185
B_naive	FOSB_JUNB	589	0.28205128205128205	0.078	-0.01982905982905983	0.597948717948718	0.6195185185185185
B_naive	FOSB_JUND	589	0.28205128205128205	0.078	-0.01982905982905983	0.597948717948718	0.6195185185185185
B_naive	FOSL1_JUN	589	0.28205128205128205	0.078	-0.01982905982905983	0.597948717948718	0.6195185185185185
B_naive	FOSL1_JUNB	589	0.28205128205128205	0.078	-0.01982905982905983	0.597948717948718	0.6195185185185185
B_naive	FOSL1_JUND	589	0.28205128205128205	0.078	-0.01982905982905983	0.597948717948718	0.6195185185185185
B_naive	FOSL2_JUN	589	0.28205128205128205	0.078	-0.01982905982905983	0.597948717948718	0.6195185185185185
B_naive	FOSL2_JUNB	589	0.28205128205128205	0.078	-0.01982905982905983	0.597948717948718	0.6195185185185185
B_naive	FOSL2_JUND	589	0.28205128205128205	0.078	-0.01982905982905983	0.597948717948718	0.6195185185185185
B_naive	FOS_JUN	589	0.28205128205128205	0.078	-0.01982905982905983	0.597948717948718	0.6195185185185185
B_naive	FOS_JUNB	589	0.28205128205128205	0.078	-0.01982905982905983	0.597948717948718	0.6195185185185185
B_naive	FOS_JUND	589	0.28205128205128205	0.078	-0.01982905982905983	0.597948717948718	0.6195185185185185
B_naive	HIVEP2	11	0.28205128205128205	0.082	0.011965811965811967	0.6526495726495727	0.6195185185185185
B_naive	JUNB_JUND	589	0.28205128205128205	0.078	-0.01982905982905983	0.597948717948718	0.6195185185185185
B_naive	JUN_JUNB	589	0.28205128205128205	0.078	-0.01982905982905983	0.597948717948718	0.6195185185185185
B_naive	JUN_JUND	589	0.28205128205128205	0.078	-0.01982905982905983	0.597948717948718	0.6195185185185185
B_naive	NFKB2	815	0.27658119658119656	0.078	0.0017094017094017094	0.6164102564102564	0.6195185185185185
B_naive	NR1D1	26	0.27589743589743587	0.086	0.008547008547008548	0.5261538461538462	0.6195185185185185
B_naive	SMAD2	107	0.27111111111111114	0.068	-0.006837606837606838	0.5364102564102564	0.6195185185185185
B_naive	MEF2A	116	0.26495726495726496	0.08	-0.02358974358974359	0.7066666666666667	0.6195185185185185
B_naive	STAT3	430	0.26495726495726496	0.08	-0.0006837606837606838	0.5774358974358974	0.6195185185185185
B_naive	NFKB1_NFKB2	794	0.26153846153846155	0.086	-0.003418803418803419	0.532991452991453	0.6195185185185185
B_naive	NFKB1_REL	794	0.26153846153846155	0.086	-0.003418803418803419	0.532991452991453	0.6195185185185185
B_naive	NFKB1_RELA	794	0.26153846153846155	0.086	-0.003418803418803419	0.532991452991453	0.6195185185185185
B_naive	NFKB1_RELB	794	0.26153846153846155	0.086	-0.003418803418803419	0.532991452991453	0.6195185185185185
B_naive	NFKB2_REL	794	0.26153846153846155	0.086	-0.003418803418803419	0.532991452991453	0.6195185185185185
B_naive	NFKB2_RELA	794	0.26153846153846155	0.086	-0.003418803418803419	0.532991452991453	0.6195185185185185
B_naive	NFKB2_RELB	794	0.26153846153846155	0.086	-0.003418803418803419	0.532991452991453	0.6195185185185185
B_naive	RELA_RELB	794	0.26153846153846155	0.086	-0.003418803418803419	0.532991452991453	0.6195185185185185
B_naive	REL_RELA	794	0.26153846153846155	0.086	-0.003418803418803419	0.532991452991453	0.6195185185185185
B_naive	REL_RELB	794	0.26153846153846155	0.086	-0.003418803418803419	0.532991452991453	0.6195185185185185
B_naive	ZNF382	11	0.27658119658119656	0.087	0.011965811965811967	0.6526495726495727	0.6209724770642202
B_naive	REL	812	0.27384615384615385	0.09	0.019487179487179488	0.6136752136752137	0.627859649122807
B_naive	TEAD1	25	0.27042735042735044	0.092	0.0071794871794871795	0.6711111111111111	0.627859649122807
B_naive	ELK1	61	0.26564102564102565	0.092	0.002735042735042735	0.5774358974358974	0.627859649122807
B_naive	NKX2-1	62	0.2635897435897436	0.09	-0.0071794871794871795	0.6875213675213675	0.627859649122807
B_naive	RELB	811	0.26153846153846155	0.092	0.008547008547008548	0.5917948717948718	0.627859649122807
B_naive	LRRFIP1	17	0.26153846153846155	0.093	0.004786324786324786	0.5336752136752136	0.6291652173913044
B_naive	PML	18	0.2717948717948718	0.094	0.003076923076923077	0.7401709401709402	0.630448275862069
B_naive	FOXM1	96	0.25196581196581197	0.095	0.0003418803418803419	0.5617094017094018	0.6317094017094018
B_naive	HOXA1	26	0.2629059829059829	0.096	0.008547008547008548	0.5261538461538462	0.6329491525423729
B_naive	PHOX2B	16	0.2512820512820513	0.097	-0.003418803418803419	0.5528205128205128	0.6341680672268907
B_naive	HOXD10	5	0.2676923076923077	0.102	-0.008547008547008548	0.7866666666666666	0.638203125
B_naive	IRX4	5	0.26427350427350427	0.105	-0.008547008547008548	0.7866666666666666	0.638203125
B_naive	FOXP2	11	0.26017094017094017	0.103	0.011965811965811967	0.6526495726495727	0.638203125
B_naive	NHLH2	6	0.2553846153846154	0.102	-0.003418803418803419	0.6143589743589744	0.638203125
B_naive	CREB1	460	0.254017094017094	0.104	0.005128205128205128	0.5521367521367522	0.638203125
B_naive	DNMT3A	60	0.24512820512820513	0.105	0.006837606837606838	0.5945299145299145	0.638203125
B_naive	FOSB	38	0.24307692307692308	0.104	0.0071794871794871795	0.7176068376068376	0.638203125
B_naive	CEBPA	232	0.24170940170940172	0.104	-0.014700854700854702	0.52	0.638203125
B_naive	MYCN	138	0.23145299145299145	0.102	-0.008547008547008548	0.5788034188034188	0.638203125
B_naive	RREB1	10	0.24854700854700854	0.106	0.010256410256410258	0.7326495726495726	0.6392868217054264
B_naive	PAX4	9	0.24512820512820513	0.108	0.0013675213675213675	0.5801709401709402	0.6463384615384615
B_naive	TFCP2	73	0.23897435897435898	0.109	-0.0044444444444444444	0.582905982905983	0.6473435114503817
B_naive	KAT5	57	0.24991452991452992	0.112	0.00888888888888889	0.5835897435897436	0.6509795918367347
B_naive	PRDM1	66	0.24512820512820513	0.12	0.005128205128205128	0.6772649572649573	0.6509795918367347
B_naive	NFATC3	40	0.24307692307692308	0.117	-0.0044444444444444444	0.6656410256410257	0.6509795918367347
B_naive	RB1	32	0.24102564102564103	0.121	0.0017094017094017094	0.6738461538461539	0.6509795918367347
B_naive	NR2E3	15	0.23897435897435898	0.122	0.02358974358974359	0.6724786324786325	0.6509795918367347
B_naive	HNF4A	278	0.23555555555555555	0.114	-0.009230769230769232	0.6294017094017094	0.6509795918367347
B_naive	FOXN1	55	0.23487179487179488	0.113	-0.0041025641025641026	0.6369230769230769	0.6509795918367347
B_naive	HTATIP2	16	0.23213675213675214	0.117	-0.003418803418803419	0.5528205128205128	0.6509795918367347
B_naive	NONO	20	0.23213675213675214	0.123	0.0017094017094017094	0.6943589743589743	0.6509795918367347
B_naive	RELA	958	0.23213675213675214	0.121	-0.0071794871794871795	0.6348717948717949	0.6509795918367347
B_naive	YBX1	91	0.23213675213675214	0.118	0.0	0.587008547008547	0.6509795918367347
B_naive	SP3	445	0.2300854700854701	0.12	0.009572649572649573	0.5336752136752136	0.6509795918367347
B_naive	ESR2	206	0.225982905982906	0.123	-0.0013675213675213675	0.5213675213675214	0.6509795918367347
B_naive	SNAI2	48	0.2246153846153846	0.112	-0.0017094017094017094	0.6136752136752137	0.6509795918367347
B_naive	OLIG2	19	0.2218803418803419	0.123	-0.0071794871794871795	0.6847863247863248	0.6509795918367347
B_naive	BCL6	99	0.21982905982905984	0.123	-0.013675213675213675	0.628034188034188	0.6509795918367347
B_naive	ATF7	8	0.24512820512820513	0.126	0.01264957264957265	0.7114529914529915	0.6525161290322581
B_naive	FEZF2	8	0.24444444444444444	0.126	0.01264957264957265	0.7114529914529915	0.6525161290322581
B_naive	POU4F3	6	0.23145299145299145	0.128	-0.003418803418803419	0.6143589743589744	0.6525161290322581
B_naive	KDM5D	6	0.22803418803418804	0.13	-0.003418803418803419	0.6143589743589744	0.6525161290322581
B_naive	RFXAP	16	0.2246153846153846	0.129	-0.003418803418803419	0.5528205128205128	0.6525161290322581
B_naive	NR0B2	116	0.2205128205128205	0.125	-0.02358974358974359	0.7066666666666667	0.6525161290322581
B_naive	TBPL1	38	0.21982905982905984	0.13	0.0071794871794871795	0.7176068376068376	0.6525161290322581
B_naive	MYOG	64	0.21094017094017095	0.129	-0.002735042735042735	0.6061538461538462	0.6525161290322581
B_naive	TLX1	9	0.2170940170940171	0.131	0.0013675213675213675	0.5801709401709402	0.6533205128205128
B_naive	SOX3	7	0.22324786324786325	0.136	0.005128205128205128	0.6348717948717949	0.657192546583851
B_naive	SPI1	338	0.22324786324786325	0.133	0.005128205128205128	0.6854700854700855	0.657192546583851
B_naive	KLF6	60	0.21914529914529915	0.136	0.006837606837606838	0.5945299145299145	0.657192546583851
B_naive	NR4A1	109	0.21094017094017095	0.136	0.003076923076923077	0.5658119658119658	0.657192546583851
B_naive	ZGPAT	12	0.21094017094017095	0.136	-0.0041025641025641026	0.6232478632478633	0.657192546583851
B_naive	STAT1	301	0.212991452991453	0.137	-0.008547008547008548	0.5275213675213675	0.6579382716049383
B_naive	GSC	14	0.2252991452991453	0.138	0.0017094017094017094	0.5993162393162393	0.6583076923076923
B_naive	EGR3	32	0.2205128205128205	0.139	0.0017094017094017094	0.6738461538461539	0.6583076923076923
B_naive	TBX1	14	0.2205128205128205	0.142	0.0017094017094017094	0.5993162393162393	0.6583076923076923
B_naive	ELK4	6	0.21846153846153846	0.141	-0.003418803418803419	0.6143589743589744	0.6583076923076923
B_naive	HSF2	24	0.21504273504273505	0.143	0.006153846153846154	0.6013675213675214	0.6583076923076923
B_naive	MYC	873	0.21435897435897436	0.143	0.0041025641025641026	0.772991452991453	0.6583076923076923
B_naive	NEUROD1	71	0.212991452991453	0.142	0.003076923076923077	0.5876923076923077	0.6583076923076923
B_naive	FEZF1	9	0.20478632478632477	0.144	0.0013675213675213675	0.5801709401709402	0.6590117647058823
B_naive	SPIB	17	0.21846153846153846	0.145	0.004786324786324786	0.5336752136752136	0.6597076023391812
B_naive	PRDM2	11	0.22256410256410256	0.147	0.011965811965811967	0.6526495726495727	0.6649186046511628
B_naive	ZNF217	6	0.20615384615384616	0.15	-0.003418803418803419	0.6143589743589744	0.6745664739884393
B_naive	MAZ	47	0.19658119658119658	0.152	-0.0044444444444444444	0.5268376068376068	0.679632183908046
B_naive	TWIST1	78	0.19179487179487179	0.153	-0.0037606837606837607	0.5528205128205128	0.6801942857142856
B_naive	ASCL1	69	0.1829059829059829	0.154	-0.003076923076923077	0.5897435897435898	0.6807500000000001
B_naive	TADA2A	8	0.21572649572649572	0.155	0.01264957264957265	0.7114529914529915	0.6812994350282486
B_naive	RFXANK	18	0.19863247863247863	0.156	0.003076923076923077	0.7401709401709402	0.6818426966292135
B_naive	PLAGL2	8	0.21094017094017095	0.16	0.01264957264957265	0.7114529914529915	0.6929726775956284
B_naive	KLF5	75	0.20683760683760682	0.163	0.005128205128205128	0.6239316239316239	0.6929726775956284
B_naive	NCOA6	5	0.20547008547008547	0.161	-0.008547008547008548	0.7866666666666666	0.6929726775956284
B_naive	ZFP64	5	0.20341880341880342	0.163	-0.008547008547008548	0.7866666666666666	0.6929726775956284
B_naive	STAT6	126	0.19247863247863248	0.162	-0.0006837606837606838	0.5788034188034188	0.6929726775956284
B_naive	MXI1	8	0.20752136752136752	0.165	0.01264957264957265	0.7114529914529915	0.6938918918918919
B_naive	RARA	186	0.19452991452991453	0.165	0.008547008547008548	0.6157264957264957	0.6938918918918919
B_naive	PITX3	23	0.19658119658119658	0.171	0.005128205128205128	0.571965811965812	0.7039047619047619
B_naive	RFX5	23	0.19658119658119658	0.171	0.005128205128205128	0.571965811965812	0.7039047619047619
B_naive	NFIA	60	0.19042735042735043	0.171	0.006837606837606838	0.5945299145299145	0.7039047619047619
B_naive	VDR	148	0.18564102564102564	0.17	0.0	0.563076923076923	0.7039047619047619
B_naive	TLX2	5	0.19384615384615383	0.173	-0.008547008547008548	0.7866666666666666	0.7083894736842105
B_naive	RXRA	110	0.17675213675213675	0.177	0.0041025641025641026	0.5548717948717948	0.713502590673575
B_naive	MYOD1	142	0.17606837606837608	0.177	-0.003076923076923077	0.5425641025641026	0.713502590673575
B_naive	ETS2	111	0.16786324786324786	0.177	-0.005128205128205128	0.6006837606837607	0.713502590673575
B_naive	KMT2B	15	0.19931623931623932	0.18	0.02358974358974359	0.6724786324786325	0.7144897959183674
B_naive	ARNT	68	0.18017094017094018	0.18	-0.0006837606837606838	0.582905982905983	0.7144897959183674
B_naive	FOXP3	52	0.1753846153846154	0.179	-0.003418803418803419	0.5644444444444444	0.7144897959183674
B_naive	CTBP1	10	0.18564102564102564	0.183	0.010256410256410258	0.7326495726495726	0.7227106598984772
B_naive	EP300	74	0.18495726495726494	0.184	0.006495726495726496	0.589059829059829	0.722989898989899
B_naive	CREM	87	0.1705982905982906	0.186	-0.0003418803418803419	0.6629059829059829	0.727175879396985
B_naive	KLF4	128	0.17606837606837608	0.19	-0.009230769230769232	0.5945299145299145	0.7391000000000001
B_naive	CTCFL	11	0.18153846153846154	0.193	0.011965811965811967	0.6526495726495727	0.7396748768472906
B_naive	TFAP2D	9	0.17606837606837608	0.193	0.0013675213675213675	0.5801709401709402	0.7396748768472906
B_naive	NR4A2	60	0.1753846153846154	0.193	0.006837606837606838	0.5945299145299145	0.7396748768472906
B_naive	PEG3	8	0.18974358974358974	0.196	0.01264957264957265	0.7114529914529915	0.7402330097087378
B_naive	SMARCA4	10	0.17811965811965813	0.195	0.010256410256410258	0.7326495726495726	0.7402330097087378
B_naive	NFIC	81	0.1623931623931624	0.196	-0.0044444444444444444	0.5521367521367522	0.7402330097087378
B_naive	KDM5A	18	0.1699145299145299	0.198	0.003076923076923077	0.7401709401709402	0.7441739130434782
B_naive	HOXD13	19	0.16034188034188035	0.204	-0.0071794871794871795	0.6847863247863248	0.7630384615384616
B_naive	KLF9	26	0.1747008547008547	0.205	0.008547008547008548	0.5261538461538462	0.76311004784689
B_naive	NCOA1	90	0.1671794871794872	0.207	0.0013675213675213675	0.6239316239316239	0.7668857142857143
B_naive	SSRP1	146	0.16034188034188035	0.209	0.011623931623931626	0.5015384615384615	0.7706255924170615
B_naive	HDAC4	24	0.16376068376068376	0.211	0.006153846153846154	0.6013675213675214	0.7743301886792453
B_plasma	SRSF2	11	0.5364102564102564	0.004	0.01264957264957265	0.6430769230769231	0.778
B_naive	GBX2	8	0.1623931623931624	0.242	0.01264957264957265	0.7114529914529915	0.778
B_naive	DMTF1	18	0.1582905982905983	0.218	0.003076923076923077	0.7401709401709402	0.778
B_naive	NOTO	10	0.1582905982905983	0.223	0.010256410256410258	0.7326495726495726	0.778
B_naive	DMAP1	5	0.15692307692307692	0.216	-0.008547008547008548	0.7866666666666666	0.778
B_naive	HOXD1	6	0.15623931623931625	0.229	-0.003418803418803419	0.6143589743589744	0.778
B_naive	TBP	162	0.15487179487179487	0.223	0.0010256410256410256	0.5658119658119658	0.778
B_naive	MEIS1	24	0.15213675213675212	0.232	0.006153846153846154	0.6013675213675214	0.778
B_naive	NFATC4	41	0.15213675213675212	0.231	-0.004786324786324786	0.56991452991453	0.778
B_naive	TBX2	32	0.15076923076923077	0.238	0.0017094017094017094	0.6738461538461539	0.778
B_naive	NFKB1	931	0.15008547008547007	0.217	-0.006837606837606838	0.5015384615384615	0.778
B_naive	HEY1	32	0.1494017094017094	0.242	0.0017094017094017094	0.6738461538461539	0.778
B_naive	E2F7	7	0.14803418803418802	0.241	0.005128205128205128	0.6348717948717949	0.778
B_naive	SP2	23	0.14803418803418802	0.239	0.005128205128205128	0.571965811965812	0.778
B_naive	AHRR	5	0.14666666666666667	0.232	-0.008547008547008548	0.7866666666666666	0.778
B_naive	EGR1	359	0.14598290598290597	0.228	-0.0013675213675213675	0.5911111111111111	0.778
B_naive	MED1	16	0.14598290598290597	0.23	-0.003418803418803419	0.5528205128205128	0.778
B_naive	ELF2	11	0.14393162393162393	0.254	0.011965811965811967	0.6526495726495727	0.778
B_naive	ETV3	11	0.14324786324786326	0.254	0.011965811965811967	0.6526495726495727	0.778
B_naive	HIVEP1	10	0.14324786324786326	0.24	0.010256410256410258	0.7326495726495726	0.778
B_naive	TFDP2	5	0.14256410256410257	0.237	-0.008547008547008548	0.7866666666666666	0.778
B_naive	ZBTB14	6	0.14256410256410257	0.247	-0.003418803418803419	0.6143589743589744	0.778
B_naive	HBP1	44	0.14119658119658118	0.262	-0.0037606837606837607	0.6061538461538462	0.778
B_naive	TBXT	13	0.14119658119658118	0.228	0.008547008547008548	0.5726495726495726	0.778
B_naive	ZNF160	7	0.14119658119658118	0.249	0.005128205128205128	0.6348717948717949	0.778
B_naive	PATZ1	12	0.14051282051282052	0.238	-0.0041025641025641026	0.6232478632478633	0.778
B_naive	SMAD5	35	0.14051282051282052	0.244	0.00547008547008547	0.6041025641025641	0.778
B_naive	JARID2	16	0.13914529914529913	0.243	-0.003418803418803419	0.5528205128205128	0.778
B_naive	SP7	45	0.13914529914529913	0.258	0.0	0.5726495726495726	0.778
B_naive	HSF4	11	0.13709401709401708	0.265	0.011965811965811967	0.6526495726495727	0.778
B_naive	ZNF219	5	0.13709401709401708	0.241	-0.008547008547008548	0.7866666666666666	0.778
B_naive	RCOR2	16	0.13504273504273503	0.251	-0.003418803418803419	0.5528205128205128	0.778
B_naive	MLXIP	5	0.13367521367521368	0.25	-0.008547008547008548	0.7866666666666666	0.778
B_naive	SKIL	20	0.13367521367521368	0.271	0.0017094017094017094	0.6943589743589743	0.778
B_naive	IRF5	36	0.13230769230769232	0.253	-0.013333333333333334	0.6102564102564103	0.778
B_naive	TBPL2	10	0.13230769230769232	0.252	0.010256410256410258	0.7326495726495726	0.778
B_naive	PA2G4	5	0.13162393162393163	0.253	-0.008547008547008548	0.7866666666666666	0.778
B_naive	TFAP2C	33	0.13094017094017094	0.265	0.006495726495726496	0.517948717948718	0.778
B_naive	ARID1B	5	0.12957264957264958	0.257	-0.008547008547008548	0.7866666666666666	0.778
B_naive	JUNB	617	0.12957264957264958	0.25	-0.0041025641025641026	0.563076923076923	0.778
B_naive	OVOL1	9	0.1288888888888889	0.265	0.0013675213675213675	0.5801709401709402	0.778
B_naive	ZEB2	29	0.1288888888888889	0.25	0.0071794871794871795	0.52	0.778
B_naive	ATF1	84	0.1282051282051282	0.261	-0.003076923076923077	0.6642735042735043	0.778
B_naive	ESRRG	25	0.1282051282051282	0.263	0.0071794871794871795	0.6711111111111111	0.778
B_naive	FOXJ1	18	0.1282051282051282	0.252	0.003076923076923077	0.7401709401709402	0.778
B_naive	PAX5	67	0.12752136752136753	0.256	0.007863247863247864	0.6082051282051282	0.778
B_naive	POU3F2	29	0.12683760683760684	0.254	0.0071794871794871795	0.52	0.778
B_naive	SHOX2	7	0.12683760683760684	0.271	0.005128205128205128	0.6348717948717949	0.778
B_naive	ATF3	108	0.12615384615384614	0.242	-0.00888888888888889	0.558974358974359	0.778
B_naive	NCOA3	73	0.12547008547008548	0.257	-0.0044444444444444444	0.582905982905983	0.778
B_naive	ATF6	56	0.12478632478632479	0.275	0.0071794871794871795	0.6410256410256411	0.778
B_naive	SMAD9	7	0.12410256410256411	0.272	0.005128205128205128	0.6348717948717949	0.778
B_naive	STAT5B	103	0.12410256410256411	0.276	0.0017094017094017094	0.6355555555555555	0.778
B_naive	THRA	83	0.12410256410256411	0.278	0.01264957264957265	0.6307692307692307	0.778
B_naive	SMAD1	74	0.12205128205128205	0.28	0.006495726495726496	0.589059829059829	0.778
B_naive	SPDEF	18	0.12136752136752137	0.267	0.003076923076923077	0.7401709401709402	0.778
B_naive	POU2F2	48	0.12068376068376069	0.265	-0.0017094017094017094	0.6136752136752137	0.778
B_naive	AEBP1	5	0.12	0.271	-0.008547008547008548	0.7866666666666666	0.778
B_naive	TOX3	6	0.11931623931623932	0.273	-0.003418803418803419	0.6143589743589744	0.778
B_naive	ETS1	230	0.11863247863247864	0.265	0.006153846153846154	0.6205128205128205	0.778
B_naive	HOXB13	13	0.11863247863247864	0.27	0.008547008547008548	0.5726495726495726	0.778
B_naive	EHF	13	0.11794871794871795	0.27	0.008547008547008548	0.5726495726495726	0.778
B_naive	MLX	5	0.11794871794871795	0.278	-0.008547008547008548	0.7866666666666666	0.778
B_naive	AIRE	23	0.11726495726495727	0.28	0.005128205128205128	0.571965811965812	0.778
B_naive	ZBTB7A	36	0.11726495726495727	0.276	-0.013333333333333334	0.6102564102564103	0.778
B_naive	CTNNB1	336	0.1158974358974359	0.28	0.0020512820512820513	0.5042735042735043	0.778
B_naive	EGR2	73	0.11452991452991453	0.271	-0.0044444444444444444	0.582905982905983	0.778
B_naive	HIC1	21	0.11452991452991453	0.28	-0.006837606837606838	0.6184615384615385	0.778
B_naive	NR1I2	228	0.10974358974358975	0.276	-0.005811965811965812	0.6629059829059829	0.778
B_naive	CREB3L3	8	0.13709401709401708	0.289	0.01264957264957265	0.7114529914529915	0.7834027777777778
B_naive	FOS	340	0.1282051282051282	0.289	0.01846153846153846	0.6478632478632479	0.7834027777777778
B_naive	HIF1A	458	0.12752136752136753	0.284	0.014700854700854702	0.571965811965812	0.7834027777777778
B_naive	FOXP1	32	0.12	0.29	0.0017094017094017094	0.6738461538461539	0.7834027777777778
B_naive	NFYB	40	0.11384615384615385	0.29	-0.0044444444444444444	0.6656410256410257	0.7834027777777778
B_naive	ZNF24	5	0.11247863247863248	0.289	-0.008547008547008548	0.7866666666666666	0.7834027777777778
B_naive	SOX11	12	0.1117948717948718	0.285	-0.0041025641025641026	0.6232478632478633	0.7834027777777778
B_naive	ESR1	622	0.09743589743589744	0.288	-0.003076923076923077	0.6054700854700855	0.7834027777777778
B_naive	FOSL2	42	0.12341880341880342	0.296	0.006495726495726496	0.5794871794871795	0.7859658703071672
B_naive	RORB	5	0.1117948717948718	0.292	-0.008547008547008548	0.7866666666666666	0.7859658703071672
B_naive	ZEB1	63	0.1076923076923077	0.295	-0.003418803418803419	0.5398290598290598	0.7859658703071672
B_naive	CREB5	12	0.10564102564102563	0.295	-0.0041025641025641026	0.6232478632478633	0.7859658703071672
B_naive	ID1	76	0.10153846153846154	0.294	0.0003418803418803419	0.5938461538461538	0.7859658703071672
B_naive	ETV2	8	0.1282051282051282	0.299	0.01264957264957265	0.7114529914529915	0.7885491525423728
B_naive	FOXO6	5	0.10564102564102563	0.298	-0.008547008547008548	0.7866666666666666	0.7885491525423728
B_naive	KLF15	26	0.11452991452991453	0.301	0.008547008547008548	0.5261538461538462	0.7911418918918919
B_naive	ZMYND8	8	0.12341880341880342	0.306	0.01264957264957265	0.7114529914529915	0.7959144736842105
B_naive	SMAD7	66	0.10974358974358975	0.309	0.005128205128205128	0.6772649572649573	0.7959144736842105
B_naive	SOX17	45	0.10837606837606838	0.311	0.0	0.5726495726495726	0.7959144736842105
B_naive	ID3	35	0.10358974358974359	0.307	0.00547008547008547	0.6041025641025641	0.7959144736842105
B_naive	ZBTB38	5	0.1029059829059829	0.306	-0.008547008547008548	0.7866666666666666	0.7959144736842105
B_naive	MTF2	6	0.09948717948717949	0.309	-0.003418803418803419	0.6143589743589744	0.7959144736842105
B_naive	CTCF	142	0.09880341880341881	0.304	-0.003076923076923077	0.5425641025641026	0.7959144736842105
B_naive	EMX2	9	0.09606837606837607	0.311	0.0013675213675213675	0.5801709401709402	0.7959144736842105
B_naive	SMARCC1	8	0.107008547008547	0.334	0.01264957264957265	0.7114529914529915	0.7966906906906908
B_naive	DLX1	10	0.10222222222222223	0.324	0.010256410256410258	0.7326495726495726	0.7966906906906908
B_naive	ATF2	118	0.10085470085470086	0.32	0.00888888888888889	0.6006837606837607	0.7966906906906908
B_naive	ZBED1	20	0.09880341880341881	0.332	0.0017094017094017094	0.6943589743589743	0.7966906906906908
B_naive	CUX1	109	0.09675213675213676	0.325	0.003076923076923077	0.5658119658119658	0.7966906906906908
B_naive	ASCL2	10	0.09538461538461539	0.338	0.010256410256410258	0.7326495726495726	0.7966906906906908
B_naive	BRCA1	60	0.09401709401709402	0.34	0.006837606837606838	0.5945299145299145	0.7966906906906908
B_naive	NKX2-2	26	0.09333333333333334	0.338	0.008547008547008548	0.5261538461538462	0.7966906906906908
B_naive	MSX2	47	0.09264957264957265	0.313	-0.0044444444444444444	0.5268376068376068	0.7966906906906908
B_naive	POU2F1	122	0.09264957264957265	0.33	0.0013675213675213675	0.5548717948717948	0.7966906906906908
B_naive	TSHZ3	6	0.09196581196581197	0.323	-0.003418803418803419	0.6143589743589744	0.7966906906906908
B_naive	CREBBP	36	0.0905982905982906	0.317	-0.013333333333333334	0.6102564102564103	0.7966906906906908
B_naive	MAFA	22	0.0905982905982906	0.317	-0.005811965811965812	0.615042735042735	0.7966906906906908
B_naive	CRX	31	0.08923076923076922	0.341	0.002393162393162393	0.5165811965811966	0.7966906906906908
B_naive	HLF	18	0.08923076923076922	0.333	0.003076923076923077	0.7401709401709402	0.7966906906906908
B_naive	NFATC2	93	0.08854700854700855	0.332	0.005811965811965812	0.4905982905982906	0.7966906906906908
B_naive	NR2F2	79	0.08717948717948718	0.338	0.0017094017094017094	0.6170940170940171	0.7966906906906908
B_naive	ZNF410	6	0.08717948717948718	0.334	-0.003418803418803419	0.6143589743589744	0.7966906906906908
B_naive	HOXA7	13	0.08581196581196582	0.335	0.008547008547008548	0.5726495726495726	0.7966906906906908
B_naive	GLI2	149	0.08512820512820513	0.336	0.003076923076923077	0.6553846153846153	0.7966906906906908
B_naive	SIN3A	12	0.08444444444444445	0.328	-0.0041025641025641026	0.6232478632478633	0.7966906906906908
B_naive	AHR	193	0.08307692307692308	0.339	-0.007521367521367521	0.5541880341880342	0.7966906906906908
B_naive	E2F5	12	0.08307692307692308	0.328	-0.0041025641025641026	0.6232478632478633	0.7966906906906908
B_naive	HNF1B	64	0.08307692307692308	0.337	-0.002735042735042735	0.6061538461538462	0.7966906906906908
B_naive	KLF3	14	0.08307692307692308	0.341	0.0017094017094017094	0.5993162393162393	0.7966906906906908
B_naive	CEBPB	445	0.08034188034188035	0.34	0.009572649572649573	0.5336752136752136	0.7966906906906908
B_naive	YY1	260	0.08034188034188035	0.34	-0.005128205128205128	0.6758974358974359	0.7966906906906908
B_naive	IRF1	165	0.07692307692307693	0.333	-0.005811965811965812	0.584957264957265	0.7966906906906908
B_naive	MSC	29	0.07623931623931623	0.337	0.0071794871794871795	0.52	0.7966906906906908
B_naive	ARID3A	7	0.08581196581196582	0.344	0.005128205128205128	0.6348717948717949	0.8012934131736525
B_naive	HMGA2	42	0.09128205128205129	0.355	0.006495726495726496	0.5794871794871795	0.8026628242074927
B_naive	HOXB1	10	0.08991452991452992	0.347	0.010256410256410258	0.7326495726495726	0.8026628242074927
B_naive	BRD4	11	0.08923076923076922	0.351	0.011965811965811967	0.6526495726495727	0.8026628242074927
B_naive	MNT	10	0.08717948717948718	0.35	0.010256410256410258	0.7326495726495726	0.8026628242074927
B_naive	NEUROD6	11	0.0864957264957265	0.357	0.011965811965811967	0.6526495726495727	0.8026628242074927
B_naive	PREB	23	0.07897435897435898	0.357	0.005128205128205128	0.571965811965812	0.8026628242074927
B_naive	MZF1	23	0.07829059829059828	0.357	0.005128205128205128	0.571965811965812	0.8026628242074927
B_naive	ZNF699	55	0.07692307692307693	0.348	-0.0041025641025641026	0.6369230769230769	0.8026628242074927
B_naive	E2F6	40	0.07487179487179488	0.35	-0.0044444444444444444	0.6656410256410257	0.8026628242074927
B_naive	PRDM4	9	0.07213675213675214	0.355	0.0013675213675213675	0.5801709401709402	0.8026628242074927
B_naive	KDM5B	36	0.07008547008547009	0.347	-0.013333333333333334	0.6102564102564103	0.8026628242074927
B_naive	ETV1	22	0.06735042735042734	0.352	-0.005811965811965812	0.615042735042735	0.8026628242074927
B_naive	GFI1B	12	0.06461538461538462	0.358	-0.0041025641025641026	0.6232478632478633	0.8026628242074927
B_naive	PBX1	61	0.07897435897435898	0.366	0.002735042735042735	0.5774358974358974	0.8088555240793202
B_naive	HNF4G	11	0.07692307692307693	0.367	0.011965811965811967	0.6526495726495727	0.8088555240793202
B_naive	LHX3	13	0.07008547008547009	0.367	0.008547008547008548	0.5726495726495726	0.8088555240793202
B_naive	E2F4	163	0.0652991452991453	0.365	0.0010256410256410256	0.5541880341880342	0.8088555240793202
B_naive	CDX2	77	0.06188034188034188	0.367	-0.013333333333333334	0.5111111111111111	0.8088555240793202
B_naive	NKX6-1	19	0.059145299145299146	0.367	-0.0071794871794871795	0.6847863247863248	0.8088555240793202
B_naive	HOXC8	14	0.06666666666666667	0.369	0.0017094017094017094	0.5993162393162393	0.8108732394366197
B_naive	MEF2D	28	0.06324786324786325	0.37	0.0017094017094017094	0.6218803418803419	0.8108732394366197
B_naive	TET1	15	0.07829059829059828	0.382	0.02358974358974359	0.6724786324786325	0.8161580381471389
B_naive	GATA5	27	0.0735042735042735	0.381	0.013675213675213675	0.556923076923077	0.8161580381471389
B_naive	MBD1	17	0.07008547008547009	0.378	0.004786324786324786	0.5336752136752136	0.8161580381471389
B_naive	TCF3	127	0.07008547008547009	0.382	0.016752136752136753	0.5528205128205128	0.8161580381471389
B_naive	PDX1	85	0.06803418803418804	0.381	0.0044444444444444444	0.5487179487179488	0.8161580381471389
B_naive	TCF15	7	0.06666666666666667	0.385	0.005128205128205128	0.6348717948717949	0.8161580381471389
B_naive	NEUROG2	25	0.06598290598290599	0.384	0.0071794871794871795	0.6711111111111111	0.8161580381471389
B_naive	HOXA2	6	0.06461538461538462	0.378	-0.003418803418803419	0.6143589743589744	0.8161580381471389
B_naive	MLXIPL	16	0.06324786324786325	0.374	-0.003418803418803419	0.5528205128205128	0.8161580381471389
B_naive	ZNF354C	28	0.0570940170940171	0.384	0.0017094017094017094	0.6218803418803419	0.8161580381471389
B_naive	PPARGC1B	5	0.05641025641025641	0.384	-0.008547008547008548	0.7866666666666666	0.8161580381471389
B_naive	ELF1	78	0.055726495726495726	0.376	-0.0037606837606837607	0.5528205128205128	0.8161580381471389
B_naive	PAX8	33	0.06666666666666667	0.388	0.006495726495726496	0.517948717948718	0.817209549071618
B_naive	CREBZF	20	0.06256410256410257	0.393	0.0017094017094017094	0.6943589743589743	0.817209549071618
B_naive	ZNF331	17	0.06051282051282051	0.394	0.004786324786324786	0.5336752136752136	0.817209549071618
B_naive	ZNF202	7	0.05982905982905983	0.395	0.005128205128205128	0.6348717948717949	0.817209549071618
B_naive	SREBF1	130	0.059145299145299146	0.393	-0.0003418803418803419	0.5664957264957265	0.817209549071618
B_naive	VSX2	30	0.05846153846153846	0.389	-0.0017094017094017094	0.5788034188034188	0.817209549071618
B_naive	ZBTB32	5	0.04957264957264957	0.389	-0.008547008547008548	0.7866666666666666	0.817209549071618
B_naive	MNX1	5	0.04888888888888889	0.391	-0.008547008547008548	0.7866666666666666	0.817209549071618
B_naive	NFKBIB	19	0.044786324786324785	0.39	-0.0071794871794871795	0.6847863247863248	0.817209549071618
B_naive	RUNX3	69	0.039316239316239315	0.396	-0.003076923076923077	0.5897435897435898	0.817209549071618
B_naive	ZNF236	14	0.051623931623931626	0.399	0.0017094017094017094	0.5993162393162393	0.8212222222222222
B_naive	EGR4	15	0.06735042735042734	0.405	0.02358974358974359	0.6724786324786325	0.822
B_naive	ZNF263	10	0.05982905982905983	0.408	0.010256410256410258	0.7326495726495726	0.822
B_naive	ZHX2	10	0.057777777777777775	0.41	0.010256410256410258	0.7326495726495726	0.822
B_naive	TBX20	7	0.05435897435897436	0.405	0.005128205128205128	0.6348717948717949	0.822
B_naive	DLX3	20	0.05299145299145299	0.411	0.0017094017094017094	0.6943589743589743	0.822
B_naive	SOX9	104	0.050256410256410255	0.408	0.011965811965811967	0.6984615384615385	0.822
B_naive	TFAM	14	0.050256410256410255	0.405	0.0017094017094017094	0.5993162393162393	0.822
B_naive	TGIF1	12	0.044786324786324785	0.404	-0.0041025641025641026	0.6232478632478633	0.822
B_naive	NFE2	22	0.041367521367521365	0.409	-0.005811965811965812	0.615042735042735	0.822
B_naive	TP63	200	0.041367521367521365	0.407	-0.010256410256410258	0.5124786324786325	0.822
B_naive	HR	92	0.040683760683760686	0.403	-0.007863247863247864	0.6519658119658119	0.822
B_naive	LHX8	12	0.03658119658119658	0.416	-0.0041025641025641026	0.6232478632478633	0.8298666666666668
B_naive	TFEB	8	0.059145299145299146	0.422	0.01264957264957265	0.7114529914529915	0.831179746835443
B_naive	FOXO4	31	0.044786324786324785	0.419	0.002393162393162393	0.5165811965811966	0.831179746835443
B_naive	TRERF1	16	0.040683760683760686	0.419	-0.003418803418803419	0.5528205128205128	0.831179746835443
B_naive	LHX2	41	0.03863247863247863	0.422	-0.004786324786324786	0.56991452991453	0.831179746835443
B_naive	SP4	48	0.03863247863247863	0.421	-0.0017094017094017094	0.6136752136752137	0.831179746835443
B_naive	SOX5	18	0.041367521367521365	0.427	0.003076923076923077	0.7401709401709402	0.8367909319899244
B_naive	ATF4	121	0.02905982905982906	0.426	-0.006153846153846154	0.610940170940171	0.8367909319899244
B_naive	LMX1A	8	0.055726495726495726	0.43	0.01264957264957265	0.7114529914529915	0.8400273348519363
B_naive	GLIS3	8	0.05299145299145299	0.435	0.01264957264957265	0.7114529914529915	0.8400273348519363
B_naive	POU3F1	23	0.039316239316239315	0.433	0.005128205128205128	0.571965811965812	0.8400273348519363
B_naive	KLF7	10	0.037264957264957266	0.449	0.010256410256410258	0.7326495726495726	0.8400273348519363
B_naive	HMGA1	72	0.031794871794871796	0.442	-0.0017094017094017094	0.6547008547008547	0.8400273348519363
B_naive	ZNF384	25	0.031794871794871796	0.457	0.0071794871794871795	0.6711111111111111	0.8400273348519363
B_naive	ZNF335	8	0.029743589743589743	0.471	0.01264957264957265	0.7114529914529915	0.8400273348519363
B_naive	CDX1	43	0.02905982905982906	0.465	0.0105982905982906	0.6047863247863248	0.8400273348519363
B_naive	FLI1	94	0.02905982905982906	0.437	-0.0037606837606837607	0.6177777777777778	0.8400273348519363
B_naive	LHX4	6	0.028376068376068375	0.434	-0.003418803418803419	0.6143589743589744	0.8400273348519363
B_naive	NKX6-3	6	0.028376068376068375	0.434	-0.003418803418803419	0.6143589743589744	0.8400273348519363
B_naive	HDAC5	10	0.027692307692307693	0.465	0.010256410256410258	0.7326495726495726	0.8400273348519363
B_naive	ELF5	11	0.027008547008547008	0.469	0.011965811965811967	0.6526495726495727	0.8400273348519363
B_naive	NR1H2	48	0.027008547008547008	0.442	-0.0017094017094017094	0.6136752136752137	0.8400273348519363
B_naive	NFE2L2	201	0.024957264957264958	0.458	0.003418803418803419	0.5528205128205128	0.8400273348519363
B_naive	GFI1	54	0.024273504273504273	0.459	0.0006837606837606838	0.5822222222222222	0.8400273348519363
B_naive	KLF2	66	0.02358974358974359	0.461	0.005128205128205128	0.6772649572649573	0.8400273348519363
B_naive	NRF1	90	0.022905982905982905	0.462	0.0013675213675213675	0.6239316239316239	0.8400273348519363
B_naive	ZNF804A	10	0.022905982905982905	0.473	0.010256410256410258	0.7326495726495726	0.8400273348519363
B_naive	ERG	57	0.021538461538461538	0.473	0.00888888888888889	0.5835897435897436	0.8400273348519363
B_naive	POU4F1	31	0.020854700854700856	0.465	0.002393162393162393	0.5165811965811966	0.8400273348519363
B_naive	REST	81	0.020854700854700856	0.441	-0.0044444444444444444	0.5521367521367522	0.8400273348519363
B_naive	IKZF4	7	0.019487179487179488	0.474	0.005128205128205128	0.6348717948717949	0.8400273348519363
B_naive	STAT4	31	0.019487179487179488	0.467	0.002393162393162393	0.5165811965811966	0.8400273348519363
B_naive	GABPA	48	0.018803418803418803	0.459	-0.0017094017094017094	0.6136752136752137	0.8400273348519363
B_naive	NHLH1	5	0.018803418803418803	0.443	-0.008547008547008548	0.7866666666666666	0.8400273348519363
B_naive	SOX7	6	0.01811965811965812	0.454	-0.003418803418803419	0.6143589743589744	0.8400273348519363
B_naive	TRPS1	16	0.01811965811965812	0.457	-0.003418803418803419	0.5528205128205128	0.8400273348519363
B_naive	BATF	16	0.017435897435897435	0.459	-0.003418803418803419	0.5528205128205128	0.8400273348519363
B_naive	GATA2	105	0.017435897435897435	0.459	-0.0010256410256410256	0.6423931623931624	0.8400273348519363
B_naive	MECOM	19	0.017435897435897435	0.448	-0.0071794871794871795	0.6847863247863248	0.8400273348519363
B_naive	HMGB2	9	0.015384615384615385	0.466	0.0013675213675213675	0.5801709401709402	0.8400273348519363
B_naive	TEAD2	6	0.014017094017094018	0.463	-0.003418803418803419	0.6143589743589744	0.8400273348519363
B_naive	CEBPG	204	0.013333333333333334	0.463	0.0003418803418803419	0.5603418803418804	0.8400273348519363
B_naive	YAP1	9	0.01264957264957265	0.472	0.0013675213675213675	0.5801709401709402	0.8400273348519363
B_naive	MYBL2	50	0.009914529914529915	0.465	-0.006837606837606838	0.6622222222222223	0.8400273348519363
B_naive	NR2F6	16	0.009914529914529915	0.474	-0.003418803418803419	0.5528205128205128	0.8400273348519363
B_naive	STAT2	49	0.009230769230769232	0.468	-0.01264957264957265	0.6362393162393163	0.8400273348519363
B_naive	HEY2	19	0.007863247863247864	0.471	-0.0071794871794871795	0.6847863247863248	0.8400273348519363
B_naive	FOXA1	70	0.006495726495726496	0.473	-0.00888888888888889	0.6471794871794871	0.8400273348519363
B_naive	HES1	92	0.005128205128205128	0.471	-0.007863247863247864	0.6519658119658119	0.8400273348519363
B_naive	HOXB5	5	0.005128205128205128	0.472	-0.008547008547008548	0.7866666666666666	0.8400273348519363
B_naive	ING4	15	0.035897435897435895	0.481	0.02358974358974359	0.6724786324786325	0.8417155172413793
B_naive	ESRRB	11	0.021538461538461538	0.478	0.011965811965811967	0.6526495726495727	0.8417155172413793
B_naive	TFAP2B	26	0.016752136752136753	0.488	0.008547008547008548	0.5261538461538462	0.8417155172413793
B_naive	VEZF1	7	0.016068376068376067	0.48	0.005128205128205128	0.6348717948717949	0.8417155172413793
B_naive	FOXN4	8	0.014700854700854702	0.496	0.01264957264957265	0.7114529914529915	0.8417155172413793
B_naive	KAT7	83	0.014700854700854702	0.494	0.01264957264957265	0.6307692307692307	0.8417155172413793
B_naive	HOXD3	10	0.01264957264957265	0.494	0.010256410256410258	0.7326495726495726	0.8417155172413793
B_naive	HDAC7	13	0.0105982905982906	0.497	0.008547008547008548	0.5726495726495726	0.8417155172413793
B_naive	MECP2	34	0.0105982905982906	0.482	0.002393162393162393	0.7141880341880342	0.8417155172413793
B_naive	SMAD4	142	0.009230769230769232	0.48	-0.003076923076923077	0.5425641025641026	0.8417155172413793
B_naive	NR3C2	56	0.007863247863247864	0.499	0.0071794871794871795	0.6410256410256411	0.8417155172413793
B_naive	OLIG1	7	0.007863247863247864	0.495	0.005128205128205128	0.6348717948717949	0.8417155172413793
B_naive	ETV4	65	0.0071794871794871795	0.49	0.002735042735042735	0.785982905982906	0.8417155172413793
B_naive	RUNX1	193	0.0071794871794871795	0.484	-0.007521367521367521	0.5541880341880342	0.8417155172413793
B_naive	PGR	130	0.006495726495726496	0.487	-0.0003418803418803419	0.5664957264957265	0.8417155172413793
B_naive	FOXQ1	17	0.005811965811965812	0.499	0.004786324786324786	0.5336752136752136	0.8417155172413793
B_naive	WT1	156	0.005128205128205128	0.485	-0.0020512820512820513	0.5507692307692308	0.8417155172413793
B_naive	ZNF350	9	0.0037606837606837607	0.495	0.0013675213675213675	0.5801709401709402	0.8417155172413793
B_naive	NR4A3	40	0.0017094017094017094	0.485	-0.0044444444444444444	0.6656410256410257	0.8417155172413793
B_naive	HIPK2	9	0.0010256410256410256	0.501	0.0013675213675213675	0.5801709401709402	0.8417155172413793
B_naive	SIRT1	62	0.0003418803418803419	0.489	-0.0071794871794871795	0.6875213675213675	0.8417155172413793
B_naive	TRIM28	6	0.0003418803418803419	0.491	-0.003418803418803419	0.6143589743589744	0.8417155172413793
B_naive	HIF3A	6	-0.003076923076923077	0.5	-0.003418803418803419	0.6143589743589744	0.8417155172413793
B_naive	ISL1	41	-0.005128205128205128	0.502	-0.004786324786324786	0.56991452991453	0.8417155172413793
B_naive	SREBF2	70	-0.008547008547008548	0.5	-0.00888888888888889	0.6471794871794871	0.8417155172413793
B_naive	PAX7	18	0.0003418803418803419	0.507	0.003076923076923077	0.7401709401709402	0.8442127659574469
B_naive	ONECUT1	34	-0.0010256410256410256	0.508	0.002393162393162393	0.7141880341880342	0.8442127659574469
B_naive	HOXC13	7	-0.0037606837606837607	0.509	0.005128205128205128	0.6348717948717949	0.8442127659574469
B_naive	RORC	21	-0.011282051282051283	0.51	-0.006837606837606838	0.6184615384615385	0.8442127659574469
B_naive	POU2AF1	5	-0.013333333333333334	0.51	-0.008547008547008548	0.7866666666666666	0.8442127659574469
B_naive	TFE3	36	-0.016068376068376067	0.509	-0.013333333333333334	0.6102564102564103	0.8442127659574469
B_naive	RARG	40	-0.009230769230769232	0.518	-0.0044444444444444444	0.6656410256410257	0.8556348195329087
B_naive	NANOG	57	-0.005811965811965812	0.526	0.00888888888888889	0.5835897435897436	0.8597226890756302
B_naive	FOXA3	14	-0.011965811965811967	0.524	0.0017094017094017094	0.5993162393162393	0.8597226890756302
B_naive	NFATC1	122	-0.014017094017094018	0.526	0.0013675213675213675	0.5548717948717948	0.8597226890756302
B_naive	POU5F1	92	-0.017435897435897435	0.522	-0.007863247863247864	0.6519658119658119	0.8597226890756302
B_naive	FOXO1	277	-0.024273504273504273	0.524	-0.013333333333333334	0.507008547008547	0.8597226890756302
B_naive	NFKBIZ	8	-0.002393162393162393	0.529	0.01264957264957265	0.7114529914529915	0.8628134171907758
B_naive	BARX2	15	0.0037606837606837607	0.539	0.02358974358974359	0.6724786324786325	0.866045267489712
B_naive	NR3C1	288	-0.006495726495726496	0.534	0.008547008547008548	0.5336752136752136	0.866045267489712
B_naive	KLF11	27	-0.014700854700854702	0.538	0.013675213675213675	0.556923076923077	0.866045267489712
B_naive	NRL	18	-0.016068376068376067	0.54	0.003076923076923077	0.7401709401709402	0.866045267489712
B_naive	HAND2	40	-0.017435897435897435	0.536	-0.0044444444444444444	0.6656410256410257	0.866045267489712
B_naive	IRF7	34	-0.01811965811965812	0.538	0.002393162393162393	0.7141880341880342	0.866045267489712
B_naive	WWTR1	9	-0.02017094017094017	0.541	0.0013675213675213675	0.5801709401709402	0.866045267489712
B_naive	MAX	48	-0.022905982905982905	0.54	-0.0017094017094017094	0.6136752136752137	0.866045267489712
B_naive	RARB	53	-0.03247863247863248	0.534	-0.013675213675213675	0.5507692307692308	0.866045267489712
B_naive	PPARGC1A	32	-0.014700854700854702	0.549	0.0017094017094017094	0.6738461538461539	0.8687927565392355
B_naive	PARK7	8	-0.016068376068376067	0.553	0.01264957264957265	0.7114529914529915	0.8687927565392355
B_naive	PKNOX1	20	-0.01811965811965812	0.55	0.0017094017094017094	0.6943589743589743	0.8687927565392355
B_naive	ATOH1	14	-0.022905982905982905	0.553	0.0017094017094017094	0.5993162393162393	0.8687927565392355
B_naive	TCF21	16	-0.022905982905982905	0.545	-0.003418803418803419	0.5528205128205128	0.8687927565392355
B_naive	ARID5B	9	-0.027008547008547008	0.554	0.0013675213675213675	0.5801709401709402	0.8687927565392355
B_naive	TCF7L1	6	-0.027008547008547008	0.553	-0.003418803418803419	0.6143589743589744	0.8687927565392355
B_naive	MAF	64	-0.028376068376068375	0.555	-0.002735042735042735	0.6061538461538462	0.8687927565392355
B_naive	HESX1	30	-0.029743589743589743	0.554	-0.0017094017094017094	0.5788034188034188	0.8687927565392355
B_naive	VENTX	5	-0.029743589743589743	0.552	-0.008547008547008548	0.7866666666666666	0.8687927565392355
B_naive	USF1	224	-0.03111111111111111	0.555	-0.002735042735042735	0.5418803418803418	0.8687927565392355
B_naive	KLF12	11	-0.0105982905982906	0.562	0.011965811965811967	0.6526495726495727	0.8706190476190476
B_naive	FOXI1	10	-0.02017094017094017	0.563	0.010256410256410258	0.7326495726495726	0.8706190476190476
B_naive	NR0B1	57	-0.02017094017094017	0.562	0.00888888888888889	0.5835897435897436	0.8706190476190476
B_naive	BACH1	16	-0.027008547008547008	0.56	-0.003418803418803419	0.5528205128205128	0.8706190476190476
B_naive	IKZF3	6	-0.02905982905982906	0.559	-0.003418803418803419	0.6143589743589744	0.8706190476190476
B_naive	UBTF	9	-0.03247863247863248	0.564	0.0013675213675213675	0.5801709401709402	0.8706190476190476
B_naive	HOXD4	5	-0.033846153846153845	0.562	-0.008547008547008548	0.7866666666666666	0.8706190476190476
B_naive	HOXB3	9	-0.035213675213675216	0.57	0.0013675213675213675	0.5801709401709402	0.8746745562130176
B_naive	AR	506	-0.04	0.569	-0.0006837606837606838	0.5917948717948718	0.8746745562130176
B_naive	ZNF362	22	-0.044786324786324785	0.569	-0.005811965811965812	0.615042735042735	0.8746745562130176
B_naive	RORA	86	-0.03247863247863248	0.573	0.0071794871794871795	0.6047863247863248	0.8756313725490195
B_naive	SALL1	6	-0.03863247863247863	0.574	-0.003418803418803419	0.6143589743589744	0.8756313725490195
B_naive	NCOA2	62	-0.04341880341880342	0.574	-0.0071794871794871795	0.6875213675213675	0.8756313725490195
B_naive	ZBTB7B	15	-0.026324786324786326	0.596	0.02358974358974359	0.6724786324786325	0.8765368620037807
B_naive	PAX2	25	-0.027008547008547008	0.577	0.0071794871794871795	0.6711111111111111	0.8765368620037807
B_naive	FOXF1	8	-0.03452991452991453	0.588	0.01264957264957265	0.7114529914529915	0.8765368620037807
B_naive	ZNF148	29	-0.03452991452991453	0.582	0.0071794871794871795	0.52	0.8765368620037807
B_naive	JDP2	33	-0.035897435897435895	0.588	0.006495726495726496	0.517948717948718	0.8765368620037807
B_naive	MBD2	89	-0.03658119658119658	0.585	0.0037606837606837607	0.6758974358974359	0.8765368620037807
B_naive	BCL11B	24	-0.03794871794871795	0.586	0.006153846153846154	0.6013675213675214	0.8765368620037807
B_naive	IRF9	27	-0.03794871794871795	0.584	0.013675213675213675	0.556923076923077	0.8765368620037807
B_naive	HOXB4	10	-0.03863247863247863	0.588	0.010256410256410258	0.7326495726495726	0.8765368620037807
B_naive	NCOR2	68	-0.0441025641025641	0.587	-0.0006837606837606838	0.582905982905983	0.8765368620037807
B_naive	CXXC1	21	-0.046153846153846156	0.59	-0.006837606837606838	0.6184615384615385	0.8765368620037807
B_naive	SETBP1	6	-0.046153846153846156	0.585	-0.003418803418803419	0.6143589743589744	0.8765368620037807
B_naive	GLI1	176	-0.046837606837606835	0.593	-0.0006837606837606838	0.5398290598290598	0.8765368620037807
B_naive	CEBPD	95	-0.05094017094017094	0.584	-0.009914529914529915	0.5664957264957265	0.8765368620037807
B_naive	NR5A1	107	-0.052307692307692305	0.593	-0.006837606837606838	0.5364102564102564	0.8765368620037807
B_naive	TCF12	51	-0.05299145299145299	0.595	0.0010256410256410256	0.4817094017094017	0.8765368620037807
B_naive	ZNF423	5	-0.05299145299145299	0.596	-0.008547008547008548	0.7866666666666666	0.8765368620037807
B_naive	TP53	963	-0.053675213675213676	0.589	-0.01606837606837607	0.5952136752136752	0.8765368620037807
B_naive	HDAC9	19	-0.05982905982905983	0.596	-0.0071794871794871795	0.6847863247863248	0.8765368620037807
B_naive	HES5	7	-0.044786324786324785	0.599	0.005128205128205128	0.6348717948717949	0.8790960451977401
B_naive	ZBTB18	9	-0.05435897435897436	0.6	0.0013675213675213675	0.5801709401709402	0.8790960451977401
B_naive	NPAS2	8	-0.0441025641025641	0.603	0.01264957264957265	0.7114529914529915	0.8816360225140712
B_naive	FOXD1	6	-0.0570940170940171	0.604	-0.003418803418803419	0.6143589743589744	0.8816360225140712
B_naive	VHL	24	-0.04888888888888889	0.608	0.006153846153846154	0.6013675213675214	0.8852104283054003
B_naive	TFDP1	31	-0.052307692307692305	0.609	0.002393162393162393	0.5165811965811966	0.8852104283054003
B_naive	PIAS1	6	-0.06256410256410257	0.611	-0.003418803418803419	0.6143589743589744	0.8852104283054003
B_naive	GTF2I	22	-0.07076923076923076	0.611	-0.005811965811965812	0.615042735042735	0.8852104283054003
B_naive	PRDM16	5	-0.06256410256410257	0.613	-0.008547008547008548	0.7866666666666666	0.8864572490706321
B_naive	CREB3	15	-0.04341880341880342	0.63	0.02358974358974359	0.6724786324786325	0.8895462794918331
B_naive	PURA	20	-0.052307692307692305	0.624	0.0017094017094017094	0.6943589743589743	0.8895462794918331
B_naive	IRF3	82	-0.05299145299145299	0.618	0.00547008547008547	0.5685470085470086	0.8895462794918331
B_naive	MTF1	32	-0.0570940170940171	0.63	0.0017094017094017094	0.6738461538461539	0.8895462794918331
B_naive	ETV6	27	-0.059145299145299146	0.621	0.013675213675213675	0.556923076923077	0.8895462794918331
B_naive	KDM2A	10	-0.05982905982905983	0.628	0.010256410256410258	0.7326495726495726	0.8895462794918331
B_naive	KLF1	28	-0.06393162393162394	0.624	0.0017094017094017094	0.6218803418803419	0.8895462794918331
B_naive	ZNF436	7	-0.06393162393162394	0.629	0.005128205128205128	0.6348717948717949	0.8895462794918331
B_naive	MTA1	51	-0.06666666666666667	0.62	0.0010256410256410256	0.4817094017094017	0.8895462794918331
B_naive	MTA3	12	-0.06735042735042734	0.628	-0.0041025641025641026	0.6232478632478633	0.8895462794918331
B_naive	PAWR	6	-0.06735042735042734	0.623	-0.003418803418803419	0.6143589743589744	0.8895462794918331
B_naive	TBR1	6	-0.06803418803418804	0.623	-0.003418803418803419	0.6143589743589744	0.8895462794918331
B_naive	TFAP4	36	-0.07282051282051281	0.627	-0.013333333333333334	0.6102564102564103	0.8895462794918331
B_naive	TSC22D1	7	-0.06871794871794872	0.634	0.005128205128205128	0.6348717948717949	0.8935724637681159
B_naive	TBX6	10	-0.06393162393162394	0.636	0.010256410256410258	0.7326495726495726	0.8947703435804703
B_naive	IKZF1	52	-0.07213675213675214	0.64	-0.003418803418803419	0.5644444444444444	0.8987725631768952
B_naive	STAT5A	210	-0.055726495726495726	0.646	0.009572649572649573	0.4782905982905983	0.902089605734767
B_naive	USF2	114	-0.057777777777777775	0.644	0.00547008547008547	0.517948717948718	0.902089605734767
B_naive	FOXF2	13	-0.06393162393162394	0.647	0.008547008547008548	0.5726495726495726	0.902089605734767
B_naive	TTF1	59	-0.07692307692307693	0.647	-0.0037606837606837607	0.731965811965812	0.902089605734767
B_naive	FOXO3	195	-0.07076923076923076	0.652	0.0003418803418803419	0.7435897435897436	0.9058142857142858
B_naive	TCF7L2	116	-0.08991452991452992	0.651	-0.02358974358974359	0.7066666666666667	0.9058142857142858
B_naive	CREB3L1	11	-0.06940170940170941	0.654	0.011965811965811967	0.6526495726495727	0.9069732620320856
B_naive	ZGLP1	26	-0.06666666666666667	0.658	0.008547008547008548	0.5261538461538462	0.9078945518453428
B_naive	MYF6	13	-0.07282051282051281	0.664	0.008547008547008548	0.5726495726495726	0.9078945518453428
B_naive	SOX6	24	-0.0823931623931624	0.657	0.006153846153846154	0.6013675213675214	0.9078945518453428
B_naive	MEF2C	88	-0.08444444444444445	0.661	-0.009914529914529915	0.6806837606837607	0.9078945518453428
B_naive	TEAD4	12	-0.08444444444444445	0.662	-0.0041025641025641026	0.6232478632478633	0.9078945518453428
B_naive	PROX1	34	-0.08512820512820513	0.659	0.002393162393162393	0.7141880341880342	0.9078945518453428
B_naive	DNMT1	184	-0.08854700854700855	0.66	-0.012307692307692308	0.5507692307692308	0.9078945518453428
B_naive	FOXC1	19	-0.09401709401709402	0.664	-0.0071794871794871795	0.6847863247863248	0.9078945518453428
B_naive	HOXA11	8	-0.07623931623931623	0.67	0.01264957264957265	0.7114529914529915	0.9096615384615385
B_naive	ZBTB16	50	-0.07965811965811966	0.667	-0.006837606837606838	0.6622222222222223	0.9096615384615385
B_naive	FEV	8	-0.0823931623931624	0.679	0.01264957264957265	0.7114529914529915	0.9096615384615385
B_naive	ATOH7	11	-0.08376068376068375	0.674	0.011965811965811967	0.6526495726495727	0.9096615384615385
B_naive	ELF3	32	-0.08376068376068375	0.675	0.0017094017094017094	0.6738461538461539	0.9096615384615385
B_naive	DMRT1	8	-0.08512820512820513	0.684	0.01264957264957265	0.7114529914529915	0.9096615384615385
B_naive	EN1	11	-0.0864957264957265	0.678	0.011965811965811967	0.6526495726495727	0.9096615384615385
B_naive	KMT2A	69	-0.08786324786324787	0.677	-0.003076923076923077	0.5897435897435898	0.9096615384615385
B_naive	ZNF395	7	-0.08786324786324787	0.67	0.005128205128205128	0.6348717948717949	0.9096615384615385
B_naive	NR5A2	64	-0.08854700854700855	0.677	-0.002735042735042735	0.6061538461538462	0.9096615384615385
B_naive	NPM1	12	-0.08991452991452992	0.674	-0.0041025641025641026	0.6232478632478633	0.9096615384615385
B_naive	ZBTB33	11	-0.08991452991452992	0.681	0.011965811965811967	0.6526495726495727	0.9096615384615385
B_naive	EPAS1	91	-0.09264957264957265	0.684	0.0	0.587008547008547	0.9096615384615385
B_naive	MEIS2	9	-0.09333333333333334	0.68	0.0013675213675213675	0.5801709401709402	0.9096615384615385
B_naive	CEBPE	36	-0.1029059829059829	0.683	-0.013333333333333334	0.6102564102564103	0.9096615384615385
B_naive	IKZF2	5	-0.107008547008547	0.68	-0.008547008547008548	0.7866666666666666	0.9096615384615385
B_naive	SATB2	32	-0.09128205128205129	0.69	0.0017094017094017094	0.6738461538461539	0.91026
B_naive	NFE2L1	8	-0.09196581196581197	0.697	0.01264957264957265	0.7114529914529915	0.91026
B_naive	PAX6	165	-0.09880341880341881	0.691	-0.005811965811965812	0.584957264957265	0.91026
B_naive	GATA1	147	-0.09948717948717949	0.701	-0.009914529914529915	0.5576068376068376	0.91026
B_naive	IRF8	68	-0.09948717948717949	0.693	-0.0006837606837606838	0.582905982905983	0.91026
B_naive	SOX18	6	-0.09948717948717949	0.692	-0.003418803418803419	0.6143589743589744	0.91026
B_naive	AIP	6	-0.10427350427350428	0.7	-0.003418803418803419	0.6143589743589744	0.91026
B_naive	NFYC	23	-0.10427350427350428	0.696	0.005128205128205128	0.571965811965812	0.91026
B_naive	NFIX	28	-0.10564102564102563	0.701	0.0017094017094017094	0.6218803418803419	0.91026
B_naive	NKX3-1	70	-0.10632478632478633	0.698	-0.00888888888888889	0.6471794871794871	0.91026
B_naive	TBX15	28	-0.10632478632478633	0.702	0.0017094017094017094	0.6218803418803419	0.91026
B_naive	SMAD6	24	-0.107008547008547	0.701	0.006153846153846154	0.6013675213675214	0.91026
B_naive	DDIT3	99	-0.10905982905982906	0.693	-0.013675213675213675	0.628034188034188	0.91026
B_naive	HOXA10	49	-0.1111111111111111	0.702	-0.01264957264957265	0.6362393162393163	0.91026
B_naive	MYB	179	-0.11247863247863248	0.699	-0.004786324786324786	0.49811965811965814	0.91026
B_naive	RUNX2	127	-0.09196581196581197	0.705	0.016752136752136753	0.5528205128205128	0.9117388429752066
B_naive	TP73	125	-0.09811965811965812	0.708	0.014017094017094018	0.6232478632478633	0.9117388429752066
B_naive	EWSR1	58	-0.10085470085470086	0.709	0.002393162393162393	0.6745299145299145	0.9117388429752066
B_naive	LYL1	13	-0.1076923076923077	0.709	0.008547008547008548	0.5726495726495726	0.9117388429752066
B_naive	PPARD	100	-0.10837606837606838	0.708	-0.0105982905982906	0.5323076923076923	0.9117388429752066
B_naive	MSX1	25	-0.10358974358974359	0.717	0.0071794871794871795	0.6711111111111111	0.9129721767594107
B_naive	TFAP2A	311	-0.107008547008547	0.717	0.02358974358974359	0.6403418803418803	0.9129721767594107
B_naive	ZBTB4	14	-0.107008547008547	0.713	0.0017094017094017094	0.5993162393162393	0.9129721767594107
B_naive	NR2C2	59	-0.10974358974358975	0.714	-0.0037606837606837607	0.731965811965812	0.9129721767594107
B_naive	SOX4	23	-0.11863247863247864	0.716	0.005128205128205128	0.571965811965812	0.9129721767594107
B_naive	FOXA2	134	-0.12136752136752137	0.713	0.0006837606837606838	0.6143589743589744	0.9129721767594107
B_naive	NUPR1	6	-0.11384615384615385	0.721	-0.003418803418803419	0.6143589743589744	0.915889430894309
B_naive	FOXH1	13	-0.1158974358974359	0.723	0.008547008547008548	0.5726495726495726	0.915889430894309
B_naive	PROP1	12	-0.11931623931623932	0.723	-0.0041025641025641026	0.6232478632478633	0.915889430894309
B_naive	TBX10	5	-0.12957264957264958	0.724	-0.008547008547008548	0.7866666666666666	0.915889430894309
B_naive	RXRG	7	-0.11794871794871795	0.726	0.005128205128205128	0.6348717948717949	0.9169285714285713
B_naive	NFIB	26	-0.11247863247863248	0.732	0.008547008547008548	0.5261538461538462	0.9180900321543408
B_naive	KCNIP3	16	-0.11658119658119658	0.733	-0.003418803418803419	0.5528205128205128	0.9180900321543408
B_naive	DLX5	37	-0.12273504273504274	0.731	-0.006495726495726496	0.6731623931623931	0.9180900321543408
B_naive	HNF1A	151	-0.12547008547008548	0.731	0.002393162393162393	0.6656410256410257	0.9180900321543408
B_naive	MAFK	23	-0.12615384615384614	0.73	0.005128205128205128	0.571965811965812	0.9180900321543408
B_naive	DLX2	22	-0.13709401709401708	0.734	-0.005811965811965812	0.615042735042735	0.9180900321543408
B_naive	FOXG1	16	-0.12136752136752137	0.736	-0.003418803418803419	0.5528205128205128	0.9191139646869985
B_naive	ZIC1	17	-0.11863247863247864	0.739	0.004786324786324786	0.5336752136752136	0.9213814102564102
B_naive	MAFB	46	-0.12	0.745	0.0044444444444444444	0.5562393162393162	0.9229458598726115
B_naive	DEAF1	13	-0.1282051282051282	0.743	0.008547008547008548	0.5726495726495726	0.9229458598726115
B_naive	HOXA5	16	-0.1282051282051282	0.744	-0.003418803418803419	0.5528205128205128	0.9229458598726115
B_naive	HOXB7	23	-0.13504273504273503	0.742	0.005128205128205128	0.571965811965812	0.9229458598726115
B_naive	HOXB9	7	-0.1288888888888889	0.747	0.005128205128205128	0.6348717948717949	0.9239523052464228
B_naive	BHLHA15	20	-0.12341880341880342	0.761	0.0017094017094017094	0.6943589743589743	0.9348251968503937
B_naive	GATA4	139	-0.12615384615384614	0.757	-0.002393162393162393	0.6505982905982906	0.9348251968503937
B_naive	MITF	110	-0.13162393162393163	0.761	0.0041025641025641026	0.5548717948717948	0.9348251968503937
B_naive	NR2F1	67	-0.13572649572649573	0.763	0.007863247863247864	0.6082051282051282	0.9348251968503937
B_naive	MYBL1	12	-0.14188034188034188	0.762	-0.0041025641025641026	0.6232478632478633	0.9348251968503937
B_naive	SOX10	37	-0.14598290598290597	0.762	-0.006495726495726496	0.6731623931623931	0.9348251968503937
B_naive	BMAL1	57	-0.13435897435897437	0.769	0.00888888888888889	0.5835897435897436	0.9406949685534591
B_naive	DNMT3B	70	-0.15282051282051282	0.773	-0.00888888888888889	0.6471794871794871	0.9441036106750392
B_naive	ARID1A	8	-0.14188034188034188	0.777	0.01264957264957265	0.7114529914529915	0.946018779342723
B_naive	NEUROD2	12	-0.1541880341880342	0.777	-0.0041025641025641026	0.6232478632478633	0.946018779342723
B_naive	NFYA	92	-0.15213675213675212	0.779	-0.007863247863247864	0.6519658119658119	0.946971875
B_naive	PIN1	6	-0.15076923076923077	0.781	-0.003418803418803419	0.6143589743589744	0.9479219968798752
B_naive	HCFC1	8	-0.14666666666666667	0.785	0.01264957264957265	0.7114529914529915	0.9498133748055988
B_naive	SIX3	11	-0.15076923076923077	0.784	0.011965811965811967	0.6526495726495727	0.9498133748055988
B_naive	E4F1	9	-0.16034188034188035	0.79	0.0013675213675213675	0.5801709401709402	0.9543788819875777
B_naive	HOXA9	39	-0.14461538461538462	0.797	0.01094017094017094	0.5528205128205128	0.9598544891640868
B_naive	HOXC6	12	-0.1658119658119658	0.797	-0.0041025641025641026	0.6232478632478633	0.9598544891640868
B_naive	LEF1	118	-0.1494017094017094	0.813	0.00888888888888889	0.6006837606837607	0.9607208271787296
B_naive	IRF2	59	-0.15965811965811966	0.802	-0.0037606837606837607	0.731965811965812	0.9607208271787296
B_naive	MYF5	27	-0.1617094017094017	0.811	0.013675213675213675	0.556923076923077	0.9607208271787296
B_naive	ZKSCAN7	14	-0.1617094017094017	0.817	0.0017094017094017094	0.5993162393162393	0.9607208271787296
B_naive	GCM1	10	-0.1658119658119658	0.802	0.010256410256410258	0.7326495726495726	0.9607208271787296
B_naive	NCOR1	88	-0.1699145299145299	0.81	-0.009914529914529915	0.6806837606837607	0.9607208271787296
B_naive	SIX1	18	-0.1705982905982906	0.818	0.003076923076923077	0.7401709401709402	0.9607208271787296
B_naive	PLAGL1	19	-0.174017094017094	0.807	-0.0071794871794871795	0.6847863247863248	0.9607208271787296
B_naive	BMAL2	9	-0.1747008547008547	0.811	0.0013675213675213675	0.5801709401709402	0.9607208271787296
B_naive	DOT1L	8	-0.1747008547008547	0.825	0.01264957264957265	0.7114529914529915	0.9607208271787296
B_naive	ELF4	50	-0.1753846153846154	0.826	-0.006837606837606838	0.6622222222222223	0.9607208271787296
B_naive	ASXL1	5	-0.17606837606837608	0.808	-0.008547008547008548	0.7866666666666666	0.9607208271787296
B_naive	EBF1	33	-0.17606837606837608	0.82	0.006495726495726496	0.517948717948718	0.9607208271787296
B_naive	FOXC2	23	-0.17606837606837608	0.815	0.005128205128205128	0.571965811965812	0.9607208271787296
B_naive	LITAF	24	-0.17811965811965813	0.818	0.006153846153846154	0.6013675213675214	0.9607208271787296
B_naive	OTX2	42	-0.17811965811965813	0.825	0.006495726495726496	0.5794871794871795	0.9607208271787296
B_naive	HOXD8	5	-0.1788034188034188	0.813	-0.008547008547008548	0.7866666666666666	0.9607208271787296
B_naive	MEOX2	7	-0.18017094017094018	0.823	0.005128205128205128	0.6348717948717949	0.9607208271787296
B_naive	BHLHE40	41	-0.18085470085470085	0.817	-0.004786324786324786	0.56991452991453	0.9607208271787296
B_naive	GATA3	190	-0.18085470085470085	0.804	-0.0010256410256410256	0.56991452991453	0.9607208271787296
B_naive	MXD1	28	-0.18153846153846154	0.829	0.0017094017094017094	0.6218803418803419	0.9607208271787296
B_naive	HES6	9	-0.1829059829059829	0.827	0.0013675213675213675	0.5801709401709402	0.9607208271787296
B_naive	LMX1B	23	-0.1829059829059829	0.819	0.005128205128205128	0.571965811965812	0.9607208271787296
B_naive	MEOX1	8	-0.18427350427350428	0.832	0.01264957264957265	0.7114529914529915	0.9607208271787296
B_naive	RXRB	15	-0.18427350427350428	0.836	0.02358974358974359	0.6724786324786325	0.9607208271787296
B_naive	IRF6	15	-0.18564102564102564	0.836	0.02358974358974359	0.6724786324786325	0.9607208271787296
B_naive	ZFP42	18	-0.18632478632478633	0.836	0.003076923076923077	0.7401709401709402	0.9607208271787296
B_naive	FOSL1	51	-0.18974358974358974	0.832	0.0010256410256410256	0.4817094017094017	0.9607208271787296
B_naive	SNAI1	98	-0.19111111111111112	0.832	0.009572649572649573	0.6321367521367521	0.9607208271787296
B_naive	TBX5	25	-0.19384615384615383	0.832	0.0071794871794871795	0.6711111111111111	0.9607208271787296
B_naive	SMARCA5	16	-0.19589743589743588	0.834	-0.003418803418803419	0.5528205128205128	0.9607208271787296
B_naive	PAX9	10	-0.18974358974358974	0.841	0.010256410256410258	0.7326495726495726	0.9622029411764705
B_naive	BCL11A	15	-0.19111111111111112	0.839	0.02358974358974359	0.6724786324786325	0.9622029411764705
B_naive	SIX4	8	-0.19111111111111112	0.841	0.01264957264957265	0.7114529914529915	0.9622029411764705
B_naive	NKRF	10	-0.19452991452991453	0.844	0.010256410256410258	0.7326495726495726	0.9625329428989752
B_naive	INSM1	5	-0.19658119658119658	0.843	-0.008547008547008548	0.7866666666666666	0.9625329428989752
B_naive	ARID4B	12	-0.20615384615384616	0.845	-0.0041025641025641026	0.6232478632478633	0.9625329428989752
B_naive	PHOX2A	13	-0.20752136752136752	0.851	0.008547008547008548	0.5726495726495726	0.9665372262773723
B_naive	MKX	7	-0.2082051282051282	0.851	0.005128205128205128	0.6348717948717949	0.9665372262773723
B_naive	NR6A1	14	-0.19111111111111112	0.853	0.0017094017094017094	0.5993162393162393	0.9673965014577258
B_naive	SFPQ	29	-0.20205128205128206	0.857	0.0071794871794871795	0.52	0.9677010159651669
B_naive	ZIC2	7	-0.21367521367521367	0.855	0.005128205128205128	0.6348717948717949	0.9677010159651669
B_naive	SON	7	-0.21572649572649572	0.857	0.005128205128205128	0.6348717948717949	0.9677010159651669
B_naive	CLOCK	65	-0.2082051282051282	0.867	0.002735042735042735	0.785982905982906	0.9719394812680114
B_naive	LHX1	6	-0.2123076923076923	0.864	-0.003418803418803419	0.6143589743589744	0.9719394812680114
B_naive	NRG1	35	-0.21435897435897436	0.866	0.00547008547008547	0.6041025641025641	0.9719394812680114
B_naive	E2F1	310	-0.21982905982905984	0.867	-0.0013675213675213675	0.5822222222222222	0.9719394812680114
B_naive	HDGF	7	-0.2246153846153846	0.867	0.005128205128205128	0.6348717948717949	0.9719394812680114
B_naive	EOMES	26	-0.2170940170940171	0.878	0.008547008547008548	0.5261538461538462	0.9757966101694915
B_naive	SMARCB1	5	-0.2218803418803419	0.874	-0.008547008547008548	0.7866666666666666	0.9757966101694915
B_naive	BHLHE41	27	-0.22256410256410256	0.88	0.013675213675213675	0.556923076923077	0.9757966101694915
B_naive	ARID4A	5	-0.22393162393162394	0.877	-0.008547008547008548	0.7866666666666666	0.9757966101694915
B_naive	ETV7	14	-0.22393162393162394	0.887	0.0017094017094017094	0.5993162393162393	0.9757966101694915
B_naive	SIM2	11	-0.2287179487179487	0.886	0.011965811965811967	0.6526495726495727	0.9757966101694915
B_naive	MYOCD	8	-0.23145299145299145	0.888	0.01264957264957265	0.7114529914529915	0.9757966101694915
B_naive	MIXL1	5	-0.2335042735042735	0.883	-0.008547008547008548	0.7866666666666666	0.9757966101694915
B_naive	KAT6B	7	-0.23487179487179488	0.878	0.005128205128205128	0.6348717948717949	0.9757966101694915
B_naive	HOXA13	16	-0.23555555555555555	0.883	-0.003418803418803419	0.5528205128205128	0.9757966101694915
B_naive	KDM5C	12	-0.2382905982905983	0.885	-0.0041025641025641026	0.6232478632478633	0.9757966101694915
B_naive	TFDP3	6	-0.2382905982905983	0.886	-0.003418803418803419	0.6143589743589744	0.9757966101694915
B_naive	NKX3-2	7	-0.23965811965811964	0.882	0.005128205128205128	0.6348717948717949	0.9757966101694915
B_naive	FOXD3	15	-0.24034188034188034	0.884	0.02358974358974359	0.6724786324786325	0.9757966101694915
B_naive	ZBTB17	43	-0.225982905982906	0.897	0.0105982905982906	0.6047863247863248	0.9762714681440444
B_naive	MESP2	8	-0.23897435897435898	0.9	0.01264957264957265	0.7114529914529915	0.9762714681440444
B_naive	HINFP	9	-0.24581196581196582	0.906	0.0013675213675213675	0.5801709401709402	0.9762714681440444
B_naive	BCL3	28	-0.24717948717948718	0.897	0.0017094017094017094	0.6218803418803419	0.9762714681440444
B_naive	NR2E1	16	-0.24717948717948718	0.892	-0.003418803418803419	0.5528205128205128	0.9762714681440444
B_naive	FHL2	7	-0.24854700854700854	0.894	0.005128205128205128	0.6348717948717949	0.9762714681440444
B_naive	LMO4	5	-0.24854700854700854	0.9	-0.008547008547008548	0.7866666666666666	0.9762714681440444
B_naive	NEUROG3	35	-0.24854700854700854	0.904	0.00547008547008547	0.6041025641025641	0.9762714681440444
B_naive	ETV5	23	-0.24991452991452992	0.898	0.005128205128205128	0.571965811965812	0.9762714681440444
B_naive	BCOR	7	-0.2512820512820513	0.896	0.005128205128205128	0.6348717948717949	0.9762714681440444
B_naive	ID2	64	-0.25333333333333335	0.905	-0.002735042735042735	0.6061538461538462	0.9762714681440444
B_naive	MTA2	6	-0.2588034188034188	0.9	-0.003418803418803419	0.6143589743589744	0.9762714681440444
B_naive	SF1	12	-0.2588034188034188	0.904	-0.0041025641025641026	0.6232478632478633	0.9762714681440444
B_naive	NR1D2	6	-0.2635897435897436	0.906	-0.003418803418803419	0.6143589743589744	0.9762714681440444
B_naive	GRHL3	29	-0.24649572649572649	0.908	0.0071794871794871795	0.52	0.9770733056708161
B_plasma	FOXF1	8	0.4605128205128205	0.008	0.01094017094017094	0.5911111111111111	0.9780571428571427
B_plasma	TFAM	14	0.4564102564102564	0.013	0.010256410256410258	0.6376068376068376	0.9780571428571427
B_plasma	HEY2	19	0.4276923076923077	0.012	0.009230769230769232	0.5705982905982906	0.9780571428571427
B_plasma	MEIS2	9	0.4263247863247863	0.018	-0.0041025641025641026	0.6335042735042735	0.9780571428571427
B_plasma	ZNF202	7	0.42085470085470084	0.016	0.009230769230769232	0.602051282051282	0.9780571428571427
B_plasma	TBX3	23	0.4194871794871795	0.015	0.010256410256410258	0.5637606837606838	0.9780571428571427
B_plasma	TBX18	13	0.414017094017094	0.012	0.007521367521367521	0.5644444444444444	0.9780571428571427
B_plasma	FLI1	94	0.40717948717948715	0.012	0.006837606837606838	0.5705982905982906	0.9780571428571427
B_plasma	PBX1	61	0.40376068376068375	0.029	0.006153846153846154	0.6827350427350427	0.9780571428571427
B_plasma	HOXA9	39	0.39692307692307693	0.024	0.0003418803418803419	0.6239316239316239	0.9780571428571427
B_plasma	ARID4A	5	0.39487179487179486	0.033	0.00547008547008547	0.597948717948718	0.9780571428571427
B_plasma	GRHL3	29	0.39418803418803416	0.019	-0.0044444444444444444	0.6328205128205128	0.9780571428571427
B_plasma	BCL11A	15	0.39282051282051283	0.025	0.011965811965811967	0.6376068376068376	0.9780571428571427
B_plasma	ZBTB32	5	0.38871794871794874	0.034	0.00547008547008547	0.597948717948718	0.9780571428571427
B_plasma	TBX2	32	0.38803418803418804	0.019	0.0006837606837606838	0.5323076923076923	0.9780571428571427
B_plasma	KLF6	60	0.38666666666666666	0.017	-0.008547008547008548	0.5555555555555556	0.9780571428571427
B_plasma	PIN1	6	0.38393162393162394	0.025	0.011965811965811967	0.705982905982906	0.9780571428571427
B_plasma	UBTF	9	0.37982905982905985	0.033	-0.0041025641025641026	0.6335042735042735	0.9780571428571427
B_plasma	HOXB4	10	0.36957264957264957	0.035	-0.002393162393162393	0.7018803418803419	0.9780571428571427
B_plasma	HOXC13	7	0.36683760683760686	0.04	0.009230769230769232	0.602051282051282	0.9780571428571427
B_plasma	NFE2	22	0.36547008547008547	0.027	0.009572649572649573	0.6191452991452991	0.9780571428571427
B_plasma	MYBL1	12	0.36205128205128206	0.04	0.012991452991452993	0.6191452991452991	0.9780571428571427
B_plasma	MIXL1	5	0.3565811965811966	0.044	0.00547008547008547	0.597948717948718	0.9780571428571427
B_plasma	FOXO6	5	0.3558974358974359	0.044	0.00547008547008547	0.597948717948718	0.9780571428571427
B_plasma	SMARCB1	5	0.35384615384615387	0.044	0.00547008547008547	0.597948717948718	0.9780571428571427
B_plasma	HEY1	32	0.3531623931623932	0.035	0.0006837606837606838	0.5323076923076923	0.9780571428571427
B_plasma	KMT2B	15	0.3490598290598291	0.041	0.011965811965811967	0.6376068376068376	0.9780571428571427
B_plasma	TFDP1	31	0.3490598290598291	0.038	0.0044444444444444444	0.6300854700854701	0.9780571428571427
B_plasma	ZEB2	29	0.347008547008547	0.034	-0.0044444444444444444	0.6328205128205128	0.9780571428571427
B_plasma	CTCF	142	0.3271794871794872	0.044	0.002735042735042735	0.6054700854700855	0.9780571428571427
B_plasma	FOXO1	277	0.30666666666666664	0.044	-0.009230769230769232	0.602051282051282	0.9780571428571427
B_naive	POU2F3	9	-0.2588034188034188	0.915	0.0013675213675213675	0.5801709401709402	0.9829053497942387
B_naive	KLF10	29	-0.26017094017094017	0.92	0.0071794871794871795	0.52	0.9829053497942387
B_naive	RBPJ	155	-0.26153846153846155	0.916	-0.009914529914529915	0.6553846153846153	0.9829053497942387
B_naive	SP6	5	-0.2676923076923077	0.921	-0.008547008547008548	0.7866666666666666	0.9829053497942387
B_naive	KLF13	13	-0.27794871794871795	0.921	0.008547008547008548	0.5726495726495726	0.9829053497942387
B_naive	DLX4	42	-0.28136752136752136	0.921	0.006495726495726496	0.5794871794871795	0.9829053497942387
B_naive	PTF1A	17	-0.26017094017094017	0.93	0.004786324786324786	0.5336752136752136	0.9839711664482307
B_naive	MYRF	10	-0.28068376068376066	0.94	0.010256410256410258	0.7326495726495726	0.9839711664482307
B_naive	TAL1	95	-0.28136752136752136	0.937	-0.009914529914529915	0.5664957264957265	0.9839711664482307
B_naive	TBX3	23	-0.28341880341880343	0.926	0.005128205128205128	0.571965811965812	0.9839711664482307
B_naive	GRHL2	9	-0.28547008547008546	0.938	0.0013675213675213675	0.5801709401709402	0.9839711664482307
B_naive	NEUROG1	16	-0.28615384615384615	0.926	-0.003418803418803419	0.5528205128205128	0.9839711664482307
B_naive	BARX1	8	-0.28888888888888886	0.938	0.01264957264957265	0.7114529914529915	0.9839711664482307
B_naive	NFE2L3	7	-0.29025641025641025	0.928	0.005128205128205128	0.6348717948717949	0.9839711664482307
B_naive	NKX2-5	72	-0.2923076923076923	0.934	-0.0017094017094017094	0.6547008547008547	0.9839711664482307
B_naive	PBRM1	9	-0.2923076923076923	0.943	0.0013675213675213675	0.5801709401709402	0.9839711664482307
B_naive	THRB	57	-0.2923076923076923	0.944	0.00888888888888889	0.5835897435897436	0.9839711664482307
B_naive	ZFPM2	12	-0.292991452991453	0.936	-0.0041025641025641026	0.6232478632478633	0.9839711664482307
B_naive	PAX3	114	-0.2970940170940171	0.948	0.00547008547008547	0.517948717948718	0.9839711664482307
B_naive	DAXX	5	-0.30256410256410254	0.944	-0.008547008547008548	0.7866666666666666	0.9839711664482307
B_naive	SUPT20H	5	-0.30256410256410254	0.944	-0.008547008547008548	0.7866666666666666	0.9839711664482307
B_naive	GATA6	86	-0.305982905982906	0.949	0.0071794871794871795	0.6047863247863248	0.9839711664482307
B_naive	ID4	14	-0.31145299145299143	0.945	0.0017094017094017094	0.5993162393162393	0.9839711664482307
B_naive	MYT1	9	-0.3135042735042735	0.958	0.0013675213675213675	0.5801709401709402	0.9839711664482307
B_naive	NFIL3	37	-0.31555555555555553	0.951	-0.006495726495726496	0.6731623931623931	0.9839711664482307
B_naive	NOTCH1	67	-0.3162393162393162	0.962	0.007863247863247864	0.6082051282051282	0.9839711664482307
B_naive	DBP	35	-0.318974358974359	0.953	0.00547008547008547	0.6041025641025641	0.9839711664482307
B_naive	PITX2	140	-0.31965811965811963	0.952	-0.0013675213675213675	0.6191452991452991	0.9839711664482307
B_naive	LMO2	29	-0.3278632478632479	0.958	0.0071794871794871795	0.52	0.9839711664482307
B_naive	SALL4	20	-0.3299145299145299	0.962	0.0017094017094017094	0.6943589743589743	0.9839711664482307
B_naive	BCLAF1	7	-0.3312820512820513	0.952	0.005128205128205128	0.6348717948717949	0.9839711664482307
B_naive	EZH2	154	-0.3312820512820513	0.958	-0.005128205128205128	0.6075213675213675	0.9839711664482307
B_naive	KAT6A	12	-0.331965811965812	0.956	-0.0041025641025641026	0.6232478632478633	0.9839711664482307
B_naive	KLF8	21	-0.3353846153846154	0.96	-0.006837606837606838	0.6184615384615385	0.9839711664482307
B_naive	HIVEP3	6	-0.3388034188034188	0.965	-0.003418803418803419	0.6143589743589744	0.9839711664482307
B_naive	ARID3B	6	-0.3394871794871795	0.965	-0.003418803418803419	0.6143589743589744	0.9839711664482307
B_naive	ATF5	30	-0.3408547008547009	0.959	-0.0017094017094017094	0.5788034188034188	0.9839711664482307
B_naive	HOXB2	13	-0.3408547008547009	0.949	0.008547008547008548	0.5726495726495726	0.9839711664482307
B_naive	TEF	16	-0.35384615384615387	0.963	-0.003418803418803419	0.5528205128205128	0.9839711664482307
B_naive	SRSF2	11	-0.3545299145299145	0.963	0.011965811965811967	0.6526495726495727	0.9839711664482307
B_naive	FGF2	10	-0.34564102564102567	0.969	0.010256410256410258	0.7326495726495726	0.9841801566579634
B_naive	HHEX	28	-0.3504273504273504	0.969	0.0017094017094017094	0.6218803418803419	0.9841801566579634
B_naive	ZFPM1	16	-0.36683760683760686	0.969	-0.003418803418803419	0.5528205128205128	0.9841801566579634
B_naive	ESRRA	48	-0.36547008547008547	0.974	-0.0017094017094017094	0.6136752136752137	0.9879687092568448
B_naive	SOX2	88	-0.3531623931623932	0.977	-0.009914529914529915	0.6806837606837607	0.9897213541666666
B_naive	E2F3	68	-0.38188034188034187	0.984	-0.0006837606837606838	0.582905982905983	0.9903648124191462
B_naive	BACH2	8	-0.39282051282051283	0.982	0.01264957264957265	0.7114529914529915	0.9903648124191462
B_naive	FOXL2	26	-0.3976068376068376	0.984	0.008547008547008548	0.5261538461538462	0.9903648124191462
B_naive	E2F2	50	-0.4017094017094017	0.98	-0.006837606837606838	0.6622222222222223	0.9903648124191462
B_naive	TCF7	23	-0.4317948717948718	0.984	0.005128205128205128	0.571965811965812	0.9903648124191462
B_naive	KAT2B	15	-0.414017094017094	0.987	0.02358974358974359	0.6724786324786325	0.9921007751937985
B_naive	SMARCA1	52	-0.4447863247863248	0.993	-0.003418803418803419	0.5644444444444444	0.995
B_naive	NSD2	8	-0.45914529914529917	0.995	0.01264957264957265	0.7114529914529915	0.995
B_naive	TBX18	13	-0.4748717948717949	0.995	0.008547008547008548	0.5726495726495726	0.995
B_naive	CTBP2	16	-0.48376068376068376	0.994	-0.003418803418803419	0.5528205128205128	0.995
B_plasma	CREB3L3	8	0.3490598290598291	0.054	0.01094017094017094	0.5911111111111111	0.996843870967742
B_plasma	BCOR	7	0.3435897435897436	0.051	0.009230769230769232	0.602051282051282	0.996843870967742
B_plasma	KLF1	28	0.3285470085470085	0.063	0.01846153846153846	0.6191452991452991	0.996843870967742
B_plasma	NKX3-2	7	0.3237606837606838	0.059	0.009230769230769232	0.602051282051282	0.996843870967742
B_plasma	CDX1	43	0.3217094017094017	0.048	0.0017094017094017094	0.6027350427350427	0.996843870967742
B_plasma	MSX1	25	0.3217094017094017	0.051	-0.01094017094017094	0.6526495726495727	0.996843870967742
B_plasma	SNAI2	48	0.321025641025641	0.066	-0.0041025641025641026	0.5733333333333334	0.996843870967742
B_plasma	MXI1	8	0.3176068376068376	0.07	0.01094017094017094	0.5911111111111111	0.996843870967742
B_plasma	TFDP2	5	0.3148717948717949	0.07	0.00547008547008547	0.597948717948718	0.996843870967742
B_plasma	EBF3	9	0.3100854700854701	0.066	-0.0041025641025641026	0.6335042735042735	0.996843870967742
B_plasma	ZNF423	5	0.305982905982906	0.074	0.00547008547008547	0.597948717948718	0.996843870967742
B_plasma	ID4	14	0.3046153846153846	0.07	0.010256410256410258	0.6376068376068376	0.996843870967742
B_plasma	PITX1	39	0.30324786324786324	0.053	0.0003418803418803419	0.6239316239316239	0.996843870967742
B_plasma	GLIS3	8	0.29914529914529914	0.079	0.01094017094017094	0.5911111111111111	0.996843870967742
B_plasma	KLF8	21	0.29777777777777775	0.065	0.009914529914529915	0.6191452991452991	0.996843870967742
B_plasma	SMARCA1	52	0.2964102564102564	0.059	0.002393162393162393	0.548034188034188	0.996843870967742
B_plasma	KLF12	11	0.292991452991453	0.079	0.01264957264957265	0.6430769230769231	0.996843870967742
B_plasma	ZNF354C	28	0.28888888888888886	0.089	0.01846153846153846	0.6191452991452991	0.996843870967742
B_plasma	LHX3	13	0.2882051282051282	0.084	0.007521367521367521	0.5644444444444444	0.996843870967742
B_plasma	POU2F1	122	0.28615384615384615	0.06	0.003076923076923077	0.5924786324786325	0.996843870967742
B_plasma	FOXH1	13	0.28547008547008546	0.086	0.007521367521367521	0.5644444444444444	0.996843870967742
B_plasma	HTATIP2	16	0.27794871794871795	0.077	0.011623931623931626	0.5637606837606838	0.996843870967742
B_plasma	NEUROG2	25	0.27589743589743587	0.075	-0.01094017094017094	0.6526495726495727	0.996843870967742
B_plasma	CREB3	15	0.27521367521367524	0.082	0.011965811965811967	0.6376068376068376	0.996843870967742
B_plasma	CTBP2	16	0.27521367521367524	0.078	0.011623931623931626	0.5637606837606838	0.996843870967742
B_plasma	ZNF362	22	0.27452991452991454	0.085	0.009572649572649573	0.6191452991452991	0.996843870967742
B_plasma	FOXA2	134	0.27316239316239316	0.063	0.002393162393162393	0.5206837606837607	0.996843870967742
B_plasma	PRDM2	11	0.27247863247863247	0.095	0.01264957264957265	0.6430769230769231	0.996843870967742
B_plasma	SP2	23	0.27042735042735044	0.097	0.010256410256410258	0.5637606837606838	0.996843870967742
B_plasma	TLX3	6	0.2676923076923077	0.105	0.011965811965811967	0.705982905982906	0.996843870967742
B_plasma	ZNF160	7	0.26632478632478634	0.109	0.009230769230769232	0.602051282051282	0.996843870967742
B_plasma	KLF3	14	0.26085470085470086	0.122	0.010256410256410258	0.6376068376068376	0.996843870967742
B_plasma	PKNOX1	20	0.26017094017094017	0.086	0.008547008547008548	0.597948717948718	0.996843870967742
B_plasma	ERG	57	0.2594871794871795	0.083	-0.005128205128205128	0.6998290598290599	0.996843870967742
B_plasma	NFE2L1	8	0.2588034188034188	0.115	0.01094017094017094	0.5911111111111111	0.996843870967742
B_plasma	MSX2	47	0.2553846153846154	0.101	0.016752136752136753	0.6601709401709401	0.996843870967742
B_plasma	POU1F1	56	0.2547008547008547	0.11	0.017435897435897435	0.587008547008547	0.996843870967742
B_plasma	KDM5D	6	0.254017094017094	0.11	0.011965811965811967	0.705982905982906	0.996843870967742
B_plasma	ZNF219	5	0.254017094017094	0.105	0.00547008547008547	0.597948717948718	0.996843870967742
B_plasma	SMAD5	35	0.25264957264957266	0.104	0.007521367521367521	0.5767521367521368	0.996843870967742
B_plasma	BRCA1	60	0.24991452991452992	0.1	-0.008547008547008548	0.5555555555555556	0.996843870967742
B_plasma	DLX4	42	0.24991452991452992	0.096	-0.009572649572649573	0.5876923076923077	0.996843870967742
B_plasma	GSC	14	0.24649572649572649	0.136	0.010256410256410258	0.6376068376068376	0.996843870967742
B_plasma	ESRRG	25	0.24512820512820513	0.111	-0.01094017094017094	0.6526495726495727	0.996843870967742
B_plasma	HOXD8	5	0.24170940170940172	0.111	0.00547008547008547	0.597948717948718	0.996843870967742
B_plasma	KLF11	27	0.24102564102564103	0.119	-0.0013675213675213675	0.6519658119658119	0.996843870967742
B_plasma	LEF1	118	0.23965811965811964	0.111	-0.0017094017094017094	0.5466666666666666	0.996843870967742
B_plasma	REST	81	0.23965811965811964	0.111	-0.0037606837606837607	0.6499145299145299	0.996843870967742
B_plasma	ZNF382	11	0.2376068376068376	0.141	0.01264957264957265	0.6430769230769231	0.996843870967742
B_plasma	PPARG	362	0.2335042735042735	0.099	0.0	0.5254700854700854	0.996843870967742
B_plasma	ETV6	27	0.23282051282051283	0.126	-0.0013675213675213675	0.6519658119658119	0.996843870967742
B_plasma	NR0B2	116	0.23213675213675214	0.103	-0.005811965811965812	0.5808547008547008	0.996843870967742
B_plasma	ETS2	111	0.22803418803418804	0.113	-0.0017094017094017094	0.56991452991453	0.996843870967742
B_plasma	CDX2	77	0.22666666666666666	0.134	0.0010256410256410256	0.5945299145299145	0.996843870967742
B_plasma	HEYL	6	0.22393162393162394	0.149	0.011965811965811967	0.705982905982906	0.996843870967742
B_plasma	SMAD4	142	0.22393162393162394	0.133	0.002735042735042735	0.6054700854700855	0.996843870967742
B_plasma	SCX	13	0.22324786324786325	0.149	0.007521367521367521	0.5644444444444444	0.996843870967742
B_plasma	POU2F3	9	0.2211965811965812	0.147	-0.0041025641025641026	0.6335042735042735	0.996843870967742
B_plasma	SPDEF	18	0.2211965811965812	0.147	0.005811965811965812	0.6047863247863248	0.996843870967742
B_plasma	XBP1	54	0.21777777777777776	0.133	0.006495726495726496	0.5781196581196582	0.996843870967742
B_plasma	SATB2	32	0.21572649572649572	0.145	0.0006837606837606838	0.5323076923076923	0.996843870967742
B_plasma	MTF2	6	0.21504273504273505	0.163	0.011965811965811967	0.705982905982906	0.996843870967742
B_plasma	PRDM4	9	0.21504273504273505	0.151	-0.0041025641025641026	0.6335042735042735	0.996843870967742
B_plasma	CTBP1	10	0.21025641025641026	0.165	-0.002393162393162393	0.7018803418803419	0.996843870967742
B_plasma	CTCFL	11	0.21025641025641026	0.173	0.01264957264957265	0.6430769230769231	0.996843870967742
B_plasma	NFYC	23	0.2088888888888889	0.161	0.010256410256410258	0.5637606837606838	0.996843870967742
B_plasma	GTF2I	22	0.2082051282051282	0.144	0.009572649572649573	0.6191452991452991	0.996843870967742
B_plasma	OLIG2	19	0.20752136752136752	0.161	0.009230769230769232	0.5705982905982906	0.996843870967742
B_plasma	DBP	35	0.20341880341880342	0.151	0.007521367521367521	0.5767521367521368	0.996843870967742
B_plasma	GLI3	43	0.20205128205128206	0.153	0.0017094017094017094	0.6027350427350427	0.996843870967742
B_plasma	ARX	27	0.20136752136752137	0.158	-0.0013675213675213675	0.6519658119658119	0.996843870967742
B_plasma	CUX1	109	0.20136752136752137	0.166	0.008547008547008548	0.5664957264957265	0.996843870967742
B_plasma	GATA4	139	0.20068376068376068	0.138	-0.0013675213675213675	0.5986324786324786	0.996843870967742
B_plasma	CEBPD	95	0.19863247863247863	0.155	-0.0017094017094017094	0.5774358974358974	0.996843870967742
B_plasma	SMARCA5	16	0.19726495726495727	0.172	0.011623931623931626	0.5637606837606838	0.996843870967742
B_plasma	SMAD1	74	0.19658119658119658	0.153	0.00547008547008547	0.5664957264957265	0.996843870967742
B_plasma	NHLH2	6	0.19452991452991453	0.182	0.011965811965811967	0.705982905982906	0.996843870967742
B_plasma	NR2F2	79	0.19247863247863248	0.148	0.008547008547008548	0.6464957264957265	0.996843870967742
B_plasma	SP7	45	0.19179487179487179	0.181	0.0006837606837606838	0.6444444444444445	0.996843870967742
B_plasma	STOX1	5	0.18974358974358974	0.176	0.00547008547008547	0.597948717948718	0.996843870967742
B_plasma	SUPT20H	5	0.18905982905982907	0.177	0.00547008547008547	0.597948717948718	0.996843870967742
B_plasma	DLX5	37	0.18837606837606838	0.173	-0.007863247863247864	0.6854700854700855	0.996843870967742
B_plasma	BARX1	8	0.18700854700854702	0.186	0.01094017094017094	0.5911111111111111	0.996843870967742
B_plasma	HOXB3	9	0.18700854700854702	0.181	-0.0041025641025641026	0.6335042735042735	0.996843870967742
B_plasma	FOXD1	6	0.18632478632478633	0.192	0.011965811965811967	0.705982905982906	0.996843870967742
B_plasma	FGF2	10	0.18495726495726494	0.188	-0.002393162393162393	0.7018803418803419	0.996843870967742
B_plasma	SOX5	18	0.18495726495726494	0.192	0.005811965811965812	0.6047863247863248	0.996843870967742
B_plasma	BACH1	16	0.18427350427350428	0.188	0.011623931623931626	0.5637606837606838	0.996843870967742
B_plasma	DMRT1	8	0.18222222222222223	0.192	0.01094017094017094	0.5911111111111111	0.996843870967742
B_plasma	YY1	260	0.17811965811965813	0.166	-0.007521367521367521	0.5282051282051282	0.996843870967742
B_plasma	GLI2	149	0.17743589743589744	0.192	0.01094017094017094	0.6273504273504273	0.996843870967742
B_plasma	RFXANK	18	0.17743589743589744	0.209	0.005811965811965812	0.6047863247863248	0.996843870967742
B_plasma	KAT6B	7	0.17675213675213675	0.215	0.009230769230769232	0.602051282051282	0.996843870967742
B_plasma	TBX5	25	0.17675213675213675	0.163	-0.01094017094017094	0.6526495726495727	0.996843870967742
B_plasma	NR2E1	16	0.1747008547008547	0.204	0.011623931623931626	0.5637606837606838	0.996843870967742
B_plasma	MYF5	27	0.174017094017094	0.198	-0.0013675213675213675	0.6519658119658119	0.996843870967742
B_plasma	GRHL2	9	0.1712820512820513	0.205	-0.0041025641025641026	0.6335042735042735	0.996843870967742
B_plasma	HOXB7	23	0.1699145299145299	0.198	0.010256410256410258	0.5637606837606838	0.996843870967742
B_plasma	KLF2	66	0.1699145299145299	0.196	-0.0006837606837606838	0.5254700854700854	0.996843870967742
B_plasma	ATOH1	14	0.16923076923076924	0.22	0.010256410256410258	0.6376068376068376	0.996843870967742
B_plasma	IKZF3	6	0.16854700854700855	0.223	0.011965811965811967	0.705982905982906	0.996843870967742
B_plasma	AR	506	0.16786324786324786	0.194	-0.007521367521367521	0.5364102564102564	0.996843870967742
B_plasma	NR2C1	21	0.16786324786324786	0.218	0.009914529914529915	0.6191452991452991	0.996843870967742
B_plasma	THAP11	6	0.1671794871794872	0.224	0.011965811965811967	0.705982905982906	0.996843870967742
B_plasma	ZMYND8	8	0.16102564102564101	0.229	0.01094017094017094	0.5911111111111111	0.996843870967742
B_plasma	BHLHA15	20	0.15965811965811966	0.204	0.008547008547008548	0.597948717948718	0.996843870967742
B_plasma	RB1	32	0.15965811965811966	0.208	0.0006837606837606838	0.5323076923076923	0.996843870967742
B_plasma	HDAC3	27	0.15897435897435896	0.218	-0.0013675213675213675	0.6519658119658119	0.996843870967742
B_plasma	MYT1	9	0.15897435897435896	0.228	-0.0041025641025641026	0.6335042735042735	0.996843870967742
B_plasma	E2F4	163	0.1582905982905983	0.218	0.017435897435897435	0.5535042735042736	0.996843870967742
B_plasma	TP73	125	0.15555555555555556	0.225	0.00547008547008547	0.6143589743589744	0.996843870967742
B_plasma	SOX17	45	0.1541880341880342	0.233	0.0006837606837606838	0.6444444444444445	0.996843870967742
B_plasma	MKX	7	0.1535042735042735	0.245	0.009230769230769232	0.602051282051282	0.996843870967742
B_plasma	NR1I2	228	0.1535042735042735	0.215	0.008205128205128205	0.5541880341880342	0.996843870967742
B_plasma	NFAT5	51	0.15145299145299146	0.203	0.007521367521367521	0.68	0.996843870967742
B_plasma	ZXDC	6	0.15145299145299146	0.251	0.011965811965811967	0.705982905982906	0.996843870967742
B_plasma	LYL1	13	0.15076923076923077	0.242	0.007521367521367521	0.5644444444444444	0.996843870967742
B_plasma	ELK3	28	0.15008547008547007	0.257	0.01846153846153846	0.6191452991452991	0.996843870967742
B_plasma	GATA5	27	0.14871794871794872	0.23	-0.0013675213675213675	0.6519658119658119	0.996843870967742
B_plasma	FOXM1	96	0.14666666666666667	0.233	0.006495726495726496	0.5651282051282052	0.996843870967742
B_plasma	RFXAP	16	0.1452991452991453	0.244	0.011623931623931626	0.5637606837606838	0.996843870967742
B_plasma	EWSR1	58	0.14461538461538462	0.24	0.007521367521367521	0.6328205128205128	0.996843870967742
B_plasma	KLF17	5	0.14256410256410257	0.247	0.00547008547008547	0.597948717948718	0.996843870967742
B_plasma	NFATC4	41	0.14119658119658118	0.249	0.005811965811965812	0.6492307692307693	0.996843870967742
B_plasma	TBPL1	38	0.14119658119658118	0.224	0.0041025641025641026	0.5405128205128205	0.996843870967742
B_plasma	KDM5B	36	0.14051282051282052	0.241	0.006495726495726496	0.5781196581196582	0.996843870967742
B_plasma	SRF	104	0.14051282051282052	0.24	-0.0003418803418803419	0.5747008547008547	0.996843870967742
B_plasma	FOXD3	15	0.13914529914529913	0.258	0.011965811965811967	0.6376068376068376	0.996843870967742
B_plasma	ENO1	19	0.13846153846153847	0.257	0.009230769230769232	0.5705982905982906	0.996843870967742
B_plasma	STAT5B	103	0.13846153846153847	0.234	0.011965811965811967	0.587008547008547	0.996843870967742
B_plasma	NR2F1	67	0.13777777777777778	0.26	0.013333333333333334	0.5972649572649573	0.996843870967742
B_plasma	NKX6-3	6	0.13641025641025642	0.287	0.011965811965811967	0.705982905982906	0.996843870967742
B_plasma	PPARA	263	0.13435897435897437	0.262	0.004786324786324786	0.6218803418803419	0.996843870967742
B_plasma	KDM5A	18	0.13230769230769232	0.264	0.005811965811965812	0.6047863247863248	0.996843870967742
B_plasma	MBD2	89	0.13230769230769232	0.26	0.006495726495726496	0.5733333333333334	0.996843870967742
B_plasma	ZIC2	7	0.13230769230769232	0.284	0.009230769230769232	0.602051282051282	0.996843870967742
B_plasma	ZFPM2	12	0.13094017094017094	0.269	0.012991452991452993	0.6191452991452991	0.996843870967742
B_plasma	ONECUT1	34	0.1288888888888889	0.259	0.006153846153846154	0.5562393162393162	0.996843870967742
B_plasma	NOTO	10	0.1282051282051282	0.265	-0.002393162393162393	0.7018803418803419	0.996843870967742
B_plasma	PPARGC1A	32	0.1282051282051282	0.256	0.0006837606837606838	0.5323076923076923	0.996843870967742
B_plasma	ATOH7	11	0.12752136752136753	0.299	0.01264957264957265	0.6430769230769231	0.996843870967742
B_plasma	E2F3	68	0.12752136752136753	0.249	-0.0044444444444444444	0.4947008547008547	0.996843870967742
B_plasma	NCOR2	68	0.12683760683760684	0.25	-0.0044444444444444444	0.4947008547008547	0.996843870967742
B_plasma	PPARD	100	0.12615384615384614	0.263	0.006495726495726496	0.558974358974359	0.996843870967742
B_plasma	YBX3	26	0.12410256410256411	0.294	0.019145299145299145	0.5958974358974359	0.996843870967742
B_plasma	ETV3	11	0.12273504273504274	0.304	0.01264957264957265	0.6430769230769231	0.996843870967742
B_plasma	FOSL1	51	0.12273504273504274	0.26	0.007521367521367521	0.68	0.996843870967742
B_plasma	THRA	83	0.12273504273504274	0.279	0.005128205128205128	0.638974358974359	0.996843870967742
B_plasma	ELK1	61	0.12068376068376069	0.279	0.006153846153846154	0.6827350427350427	0.996843870967742
B_plasma	ZNF24	5	0.12	0.283	0.00547008547008547	0.597948717948718	0.996843870967742
B_plasma	ZNF76	7	0.11794871794871795	0.312	0.009230769230769232	0.602051282051282	0.996843870967742
B_plasma	SOX3	7	0.11726495726495727	0.313	0.009230769230769232	0.602051282051282	0.996843870967742
B_plasma	TCF7	23	0.11726495726495727	0.288	0.010256410256410258	0.5637606837606838	0.996843870967742
B_plasma	LMO2	29	0.11521367521367522	0.265	-0.0044444444444444444	0.6328205128205128	0.996843870967742
B_plasma	POU4F3	6	0.11452991452991453	0.323	0.011965811965811967	0.705982905982906	0.996843870967742
B_plasma	FEZF2	8	0.11247863247863248	0.322	0.01094017094017094	0.5911111111111111	0.996843870967742
B_plasma	ZGPAT	12	0.1117948717948718	0.298	0.012991452991452993	0.6191452991452991	0.996843870967742
B_plasma	HOXA2	6	0.1111111111111111	0.328	0.011965811965811967	0.705982905982906	0.996843870967742
B_plasma	HOXC8	14	0.1111111111111111	0.317	0.010256410256410258	0.6376068376068376	0.996843870967742
B_plasma	TCF3	127	0.10905982905982906	0.284	-0.007521367521367521	0.6458119658119658	0.996843870967742
B_plasma	HLX	17	0.10837606837606838	0.311	0.009914529914529915	0.5617094017094018	0.996843870967742
B_plasma	NR1D1	26	0.10495726495726496	0.334	0.019145299145299145	0.5958974358974359	0.996843870967742
B_plasma	BHLHE41	27	0.10427350427350428	0.306	-0.0013675213675213675	0.6519658119658119	0.996843870967742
B_plasma	LMO4	5	0.10427350427350428	0.306	0.00547008547008547	0.597948717948718	0.996843870967742
B_plasma	SIX1	18	0.10427350427350428	0.304	0.005811965811965812	0.6047863247863248	0.996843870967742
B_plasma	MYB	179	0.1029059829059829	0.289	-0.004786324786324786	0.5938461538461538	0.996843870967742
B_plasma	ZNF91	49	0.1029059829059829	0.327	0.01435897435897436	0.6581196581196581	0.996843870967742
B_plasma	OTX2	42	0.10222222222222223	0.296	-0.009572649572649573	0.5876923076923077	0.996843870967742
B_plasma	FOXA1	70	0.10153846153846154	0.32	-0.0010256410256410256	0.5774358974358974	0.996843870967742
B_plasma	E2F6	40	0.10085470085470086	0.31	-0.002735042735042735	0.7347008547008547	0.996843870967742
B_plasma	CREB3L1	11	0.10017094017094016	0.338	0.01264957264957265	0.6430769230769231	0.996843870967742
B_plasma	NUPR1	6	0.10017094017094016	0.351	0.011965811965811967	0.705982905982906	0.996843870967742
B_plasma	HMGA1	72	0.09675213675213676	0.33	0.009914529914529915	0.5165811965811966	0.996843870967742
B_plasma	PLAGL1	19	0.09538461538461539	0.336	0.009230769230769232	0.5705982905982906	0.996843870967742
B_plasma	TBX20	7	0.09401709401709402	0.351	0.009230769230769232	0.602051282051282	0.996843870967742
B_plasma	HOXD3	10	0.09333333333333334	0.33	-0.002393162393162393	0.7018803418803419	0.996843870967742
B_plasma	HIVEP3	6	0.09264957264957265	0.374	0.011965811965811967	0.705982905982906	0.996843870967742
B_plasma	SON	7	0.09196581196581197	0.353	0.009230769230769232	0.602051282051282	0.996843870967742
B_plasma	SP4	48	0.09196581196581197	0.325	-0.0041025641025641026	0.5733333333333334	0.996843870967742
B_plasma	ZNF331	17	0.09128205128205129	0.335	0.009914529914529915	0.5617094017094018	0.996843870967742
B_plasma	TFAP2D	9	0.08991452991452992	0.341	-0.0041025641025641026	0.6335042735042735	0.996843870967742
B_plasma	NR6A1	14	0.08923076923076922	0.359	0.010256410256410258	0.6376068376068376	0.996843870967742
B_plasma	PAX9	10	0.08854700854700855	0.335	-0.002393162393162393	0.7018803418803419	0.996843870967742
B_plasma	PRDM16	5	0.08854700854700855	0.337	0.00547008547008547	0.597948717948718	0.996843870967742
B_plasma	NR5A2	64	0.08786324786324787	0.351	0.018803418803418803	0.5671794871794872	0.996843870967742
B_plasma	EMX2	9	0.08717948717948718	0.348	-0.0041025641025641026	0.6335042735042735	0.996843870967742
B_plasma	SALL3	10	0.08717948717948718	0.335	-0.002393162393162393	0.7018803418803419	0.996843870967742
B_plasma	MED1	16	0.0864957264957265	0.348	0.011623931623931626	0.5637606837606838	0.996843870967742
B_plasma	TCF7L1	6	0.08581196581196582	0.389	0.011965811965811967	0.705982905982906	0.996843870967742
B_plasma	OVOL1	9	0.08444444444444445	0.355	-0.0041025641025641026	0.6335042735042735	0.996843870967742
B_plasma	ATF4	121	0.08376068376068375	0.326	-0.012991452991452993	0.5863247863247864	0.996843870967742
B_plasma	FOXI1	10	0.08307692307692308	0.344	-0.002393162393162393	0.7018803418803419	0.996843870967742
B_plasma	TEAD4	12	0.0817094017094017	0.364	0.012991452991452993	0.6191452991452991	0.996843870967742
B_plasma	MEOX1	8	0.08034188034188035	0.38	0.01094017094017094	0.5911111111111111	0.996843870967742
B_plasma	SOX4	23	0.08034188034188035	0.359	0.010256410256410258	0.5637606837606838	0.996843870967742
B_plasma	HOXA5	16	0.07897435897435898	0.363	0.011623931623931626	0.5637606837606838	0.996843870967742
B_plasma	RFX5	23	0.07829059829059828	0.366	0.010256410256410258	0.5637606837606838	0.996843870967742
B_plasma	CRX	31	0.07623931623931623	0.339	0.0044444444444444444	0.6300854700854701	0.996843870967742
B_plasma	CTNNB1	336	0.07623931623931623	0.342	0.01264957264957265	0.5712820512820512	0.996843870967742
B_plasma	ESR2	206	0.07623931623931623	0.367	0.011965811965811967	0.5377777777777778	0.996843870967742
B_plasma	SOX6	24	0.07487179487179488	0.324	-0.012991452991452993	0.5904273504273504	0.996843870967742
B_plasma	TFE3	36	0.0735042735042735	0.362	0.006495726495726496	0.5781196581196582	0.996843870967742
B_plasma	HDAC9	19	0.07282051282051281	0.375	0.009230769230769232	0.5705982905982906	0.996843870967742
B_plasma	POU2AF1	5	0.07282051282051281	0.356	0.00547008547008547	0.597948717948718	0.996843870967742
B_plasma	TOX3	6	0.07282051282051281	0.409	0.011965811965811967	0.705982905982906	0.996843870967742
B_plasma	CEBPE	36	0.07213675213675214	0.365	0.006495726495726496	0.5781196581196582	0.996843870967742
B_plasma	MNT	10	0.07213675213675214	0.366	-0.002393162393162393	0.7018803418803419	0.996843870967742
B_plasma	FEZF1	9	0.07145299145299146	0.378	-0.0041025641025641026	0.6335042735042735	0.996843870967742
B_plasma	TAL1	95	0.07145299145299146	0.369	-0.0017094017094017094	0.5774358974358974	0.996843870967742
B_plasma	ASXL1	5	0.07076923076923076	0.36	0.00547008547008547	0.597948717948718	0.996843870967742
B_plasma	HOXB9	7	0.07076923076923076	0.391	0.009230769230769232	0.602051282051282	0.996843870967742
B_plasma	ATF6	56	0.07008547008547009	0.37	0.017435897435897435	0.587008547008547	0.996843870967742
B_plasma	POU5F1	92	0.06803418803418804	0.384	0.010256410256410258	0.6635897435897435	0.996843870967742
B_plasma	DLX1	10	0.06598290598290599	0.383	-0.002393162393162393	0.7018803418803419	0.996843870967742
B_plasma	ETV1	22	0.0652991452991453	0.384	0.009572649572649573	0.6191452991452991	0.996843870967742
B_plasma	GTF2IRD1	6	0.06324786324786325	0.419	0.011965811965811967	0.705982905982906	0.996843870967742
B_plasma	PHF20	10	0.06051282051282051	0.389	-0.002393162393162393	0.7018803418803419	0.996843870967742
B_plasma	DLX3	20	0.05982905982905983	0.385	0.008547008547008548	0.597948717948718	0.996843870967742
B_plasma	KAT7	83	0.05982905982905983	0.402	0.005128205128205128	0.638974358974359	0.996843870967742
B_plasma	TLX1	9	0.05982905982905983	0.398	-0.0041025641025641026	0.6335042735042735	0.996843870967742
B_plasma	EN1	11	0.05846153846153846	0.418	0.01264957264957265	0.6430769230769231	0.996843870967742
B_plasma	LMX1B	23	0.05846153846153846	0.4	0.010256410256410258	0.5637606837606838	0.996843870967742
B_plasma	CEBPB	445	0.0570940170940171	0.377	0.002393162393162393	0.6355555555555555	0.996843870967742
B_plasma	E2F2	50	0.0570940170940171	0.379	0.0020512820512820513	0.5753846153846154	0.996843870967742
B_plasma	PAX6	165	0.05641025641025641	0.372	-0.0041025641025641026	0.5364102564102564	0.996843870967742
B_plasma	HOXA10	49	0.055726495726495726	0.418	0.01435897435897436	0.6581196581196581	0.996843870967742
B_plasma	MECP2	34	0.055726495726495726	0.422	0.006153846153846154	0.5562393162393162	0.996843870967742
B_plasma	RCOR2	16	0.05504273504273504	0.415	0.011623931623931626	0.5637606837606838	0.996843870967742
B_plasma	TRPS1	16	0.05504273504273504	0.415	0.011623931623931626	0.5637606837606838	0.996843870967742
B_plasma	FOXO3	195	0.05299145299145299	0.383	-0.003076923076923077	0.7230769230769231	0.996843870967742
B_plasma	NCOR1	88	0.05299145299145299	0.38	-0.009230769230769232	0.5035897435897436	0.996843870967742
B_plasma	TBXT	13	0.052307692307692305	0.41	0.007521367521367521	0.5644444444444444	0.996843870967742
B_plasma	SNAI1	98	0.05094017094017094	0.405	0.006837606837606838	0.6177777777777778	0.996843870967742
B_plasma	SOX11	12	0.05094017094017094	0.431	0.012991452991452993	0.6191452991452991	0.996843870967742
B_plasma	TSC22D1	7	0.05094017094017094	0.432	0.009230769230769232	0.602051282051282	0.996843870967742
B_plasma	HOXD13	19	0.050256410256410255	0.407	0.009230769230769232	0.5705982905982906	0.996843870967742
B_plasma	TRERF1	16	0.050256410256410255	0.423	0.011623931623931626	0.5637606837606838	0.996843870967742
B_plasma	ESRRA	48	0.04957264957264957	0.405	-0.0041025641025641026	0.5733333333333334	0.996843870967742
B_plasma	ESRRB	11	0.04957264957264957	0.429	0.01264957264957265	0.6430769230769231	0.996843870967742
B_plasma	HDAC4	24	0.04957264957264957	0.36	-0.012991452991452993	0.5904273504273504	0.996843870967742
B_plasma	INSM1	5	0.04957264957264957	0.398	0.00547008547008547	0.597948717948718	0.996843870967742
B_plasma	POU3F1	23	0.04957264957264957	0.417	0.010256410256410258	0.5637606837606838	0.996843870967742
B_plasma	POU3F2	29	0.04957264957264957	0.374	-0.0044444444444444444	0.6328205128205128	0.996843870967742
B_plasma	PTF1A	17	0.04957264957264957	0.415	0.009914529914529915	0.5617094017094018	0.996843870967742
B_plasma	VENTX	5	0.04957264957264957	0.398	0.00547008547008547	0.597948717948718	0.996843870967742
B_plasma	MYOCD	8	0.04888888888888889	0.438	0.01094017094017094	0.5911111111111111	0.996843870967742
B_plasma	NOTCH1	67	0.048205128205128206	0.422	0.013333333333333334	0.5972649572649573	0.996843870967742
B_plasma	TBX15	28	0.048205128205128206	0.437	0.01846153846153846	0.6191452991452991	0.996843870967742
B_plasma	E2F7	7	0.046837606837606835	0.44	0.009230769230769232	0.602051282051282	0.996843870967742
B_plasma	BHLHE40	41	0.046153846153846156	0.426	0.005811965811965812	0.6492307692307693	0.996843870967742
B_plasma	BACH2	8	0.044786324786324785	0.441	0.01094017094017094	0.5911111111111111	0.996843870967742
B_plasma	ZNF410	6	0.044786324786324785	0.446	0.011965811965811967	0.705982905982906	0.996843870967742
B_plasma	ABL1	10	0.04341880341880342	0.416	-0.002393162393162393	0.7018803418803419	0.996843870967742
B_plasma	E2F5	12	0.042735042735042736	0.452	0.012991452991452993	0.6191452991452991	0.996843870967742
B_plasma	MEIS1	24	0.042735042735042736	0.37	-0.012991452991452993	0.5904273504273504	0.996843870967742
B_plasma	HIF3A	6	0.040683760683760686	0.451	0.011965811965811967	0.705982905982906	0.996843870967742
B_plasma	NCOA6	5	0.039316239316239315	0.418	0.00547008547008547	0.597948717948718	0.996843870967742
B_plasma	TET1	15	0.037264957264957266	0.454	0.011965811965811967	0.6376068376068376	0.996843870967742
B_plasma	ASCL1	69	0.03658119658119658	0.441	0.011623931623931626	0.6690598290598291	0.996843870967742
B_plasma	IRX4	5	0.03658119658119658	0.426	0.00547008547008547	0.597948717948718	0.996843870967742
B_plasma	TBX6	10	0.03658119658119658	0.43	-0.002393162393162393	0.7018803418803419	0.996843870967742
B_plasma	SKIL	20	0.035213675213675216	0.432	0.008547008547008548	0.597948717948718	0.996843870967742
B_plasma	HIPK2	9	0.03452991452991453	0.445	-0.0041025641025641026	0.6335042735042735	0.996843870967742
B_plasma	ZFHX3	15	0.033846153846153845	0.463	0.011965811965811967	0.6376068376068376	0.996843870967742
B_plasma	MTA3	12	0.03247863247863248	0.467	0.012991452991452993	0.6191452991452991	0.996843870967742
B_plasma	SMARCA4	10	0.03247863247863248	0.439	-0.002393162393162393	0.7018803418803419	0.996843870967742
B_plasma	ZBTB18	9	0.03247863247863248	0.45	-0.0041025641025641026	0.6335042735042735	0.996843870967742
B_plasma	NKRF	10	0.03111111111111111	0.442	-0.002393162393162393	0.7018803418803419	0.996843870967742
B_plasma	IRF9	27	0.030427350427350428	0.433	-0.0013675213675213675	0.6519658119658119	0.996843870967742
B_plasma	MXD1	28	0.02905982905982906	0.479	0.01846153846153846	0.6191452991452991	0.996843870967742
B_plasma	HNF1A	151	0.028376068376068375	0.472	0.016752136752136753	0.6875213675213675	0.996843870967742
B_plasma	HOXD10	5	0.027692307692307693	0.443	0.00547008547008547	0.597948717948718	0.996843870967742
B_plasma	ZFPM1	16	0.027008547008547008	0.464	0.011623931623931626	0.5637606837606838	0.996843870967742
B_plasma	RORA	86	0.026324786324786326	0.479	0.014017094017094018	0.7586324786324786	0.996843870967742
B_plasma	OLIG1	7	0.024957264957264958	0.468	0.009230769230769232	0.602051282051282	0.996843870967742
B_plasma	EPAS1	91	0.024273504273504273	0.456	-0.0017094017094017094	0.5822222222222222	0.996843870967742
B_plasma	LHX4	6	0.022905982905982905	0.482	0.011965811965811967	0.705982905982906	0.996843870967742
B_plasma	SMAD6	24	0.022905982905982905	0.416	-0.012991452991452993	0.5904273504273504	0.996843870967742
B_plasma	EP300	74	0.02017094017094017	0.471	0.00547008547008547	0.5664957264957265	0.996843870967742
B_plasma	HOXA13	16	0.02017094017094017	0.477	0.011623931623931626	0.5637606837606838	0.996843870967742
B_plasma	HOXB1	10	0.02017094017094017	0.459	-0.002393162393162393	0.7018803418803419	0.996843870967742
B_plasma	ZNF384	25	0.019487179487179488	0.455	-0.01094017094017094	0.6526495726495727	0.996843870967742
B_plasma	HNF1B	64	0.018803418803418803	0.501	0.018803418803418803	0.5671794871794872	0.996843870967742
B_plasma	ETV4	65	0.016752136752136753	0.472	0.006495726495726496	0.5336752136752136	0.996843870967742
B_plasma	ID1	76	0.016068376068376067	0.498	0.015384615384615385	0.5001709401709402	0.996843870967742
B_plasma	AIP	6	0.015384615384615385	0.489	0.011965811965811967	0.705982905982906	0.996843870967742
B_plasma	STAT2	49	0.014017094017094018	0.502	0.01435897435897436	0.6581196581196581	0.996843870967742
B_plasma	FOXJ1	18	0.013333333333333334	0.48	0.005811965811965812	0.6047863247863248	0.996843870967742
B_plasma	ZNF143	29	0.013333333333333334	0.462	-0.0044444444444444444	0.6328205128205128	0.996843870967742
B_plasma	SMAD3	189	0.01264957264957265	0.489	0.0071794871794871795	0.7415384615384616	0.996843870967742
B_plasma	SMARCC1	8	0.011282051282051283	0.5	0.01094017094017094	0.5911111111111111	0.996843870967742
B_plasma	NRL	18	0.0105982905982906	0.488	0.005811965811965812	0.6047863247863248	0.996843870967742
B_plasma	DNMT3A	60	0.009914529914529915	0.466	-0.008547008547008548	0.5555555555555556	0.996843870967742
B_plasma	ETV5	23	0.009914529914529915	0.501	0.010256410256410258	0.5637606837606838	0.996843870967742
B_plasma	GATA6	86	0.009914529914529915	0.513	0.014017094017094018	0.7586324786324786	0.996843870967742
B_plasma	NR2C2	59	0.0071794871794871795	0.49	0.0010256410256410256	0.6095726495726496	0.996843870967742
B_plasma	GTF3A	26	0.006495726495726496	0.526	0.019145299145299145	0.5958974358974359	0.996843870967742
B_plasma	PGR	130	0.005128205128205128	0.463	-0.00888888888888889	0.6205128205128205	0.996843870967742
B_plasma	NSD2	8	0.0037606837606837607	0.525	0.01094017094017094	0.5911111111111111	0.996843870967742
B_plasma	KCNIP3	16	0.003076923076923077	0.516	0.011623931623931626	0.5637606837606838	0.996843870967742
B_plasma	NFX1	5	0.003076923076923077	0.505	0.00547008547008547	0.597948717948718	0.996843870967742
B_plasma	VEZF1	7	0.003076923076923077	0.509	0.009230769230769232	0.602051282051282	0.996843870967742
B_plasma	FOXG1	16	0.0017094017094017094	0.518	0.011623931623931626	0.5637606837606838	0.996843870967742
B_plasma	TFCP2	73	0.0010256410256410256	0.513	0.006837606837606838	0.5555555555555556	0.996843870967742
B_plasma	USF2	114	0.0010256410256410256	0.517	0.0105982905982906	0.5644444444444444	0.996843870967742
B_plasma	BCL3	28	-0.0003418803418803419	0.545	0.01846153846153846	0.6191452991452991	0.996843870967742
B_plasma	NFIB	26	-0.0003418803418803419	0.544	0.019145299145299145	0.5958974358974359	0.996843870967742
B_plasma	MYBL2	50	-0.0010256410256410256	0.51	0.0020512820512820513	0.5753846153846154	0.996843870967742
B_plasma	ZNF350	9	-0.0017094017094017094	0.497	-0.0041025641025641026	0.6335042735042735	0.996843870967742
B_plasma	NR3C1	288	-0.003076923076923077	0.517	0.0044444444444444444	0.6266666666666667	0.996843870967742
B_plasma	ZNF263	10	-0.003076923076923077	0.502	-0.002393162393162393	0.7018803418803419	0.996843870967742
B_plasma	KLF10	29	-0.0037606837606837607	0.499	-0.0044444444444444444	0.6328205128205128	0.996843870967742
B_plasma	NONO	20	-0.0037606837606837607	0.521	0.008547008547008548	0.597948717948718	0.996843870967742
B_plasma	NEUROG3	35	-0.0044444444444444444	0.521	0.007521367521367521	0.5767521367521368	0.996843870967742
B_plasma	FOXA3	14	-0.006495726495726496	0.533	0.010256410256410258	0.6376068376068376	0.996843870967742
B_plasma	HR	92	-0.006495726495726496	0.533	0.010256410256410258	0.6635897435897435	0.996843870967742
B_plasma	CEBPG	204	-0.0071794871794871795	0.511	-0.0037606837606837607	0.5425641025641026	0.996843870967742
B_plasma	MTA1	51	-0.009230769230769232	0.529	0.007521367521367521	0.68	0.996843870967742
B_plasma	TBX10	5	-0.009230769230769232	0.532	0.00547008547008547	0.597948717948718	0.996843870967742
B_plasma	ZBTB7A	36	-0.009230769230769232	0.538	0.006495726495726496	0.5781196581196582	0.996843870967742
B_plasma	NCOA2	62	-0.009914529914529915	0.527	0.0017094017094017094	0.6560683760683761	0.996843870967742
B_plasma	FOXP3	52	-0.011282051282051283	0.531	0.002393162393162393	0.548034188034188	0.996843870967742
B_plasma	HDAC1	82	-0.011282051282051283	0.494	-0.015042735042735043	0.6082051282051282	0.996843870967742
B_plasma	BTG2	7	-0.01264957264957265	0.545	0.009230769230769232	0.602051282051282	0.996843870967742
B_plasma	PHF5A	6	-0.01264957264957265	0.542	0.011965811965811967	0.705982905982906	0.996843870967742
B_plasma	SOX7	6	-0.016752136752136753	0.549	0.011965811965811967	0.705982905982906	0.996843870967742
B_plasma	STAT1	301	-0.016752136752136753	0.55	0.010256410256410258	0.5097435897435898	0.996843870967742
B_plasma	SOX18	6	-0.017435897435897435	0.551	0.011965811965811967	0.705982905982906	0.996843870967742
B_plasma	MAZ	47	-0.019487179487179488	0.575	0.016752136752136753	0.6601709401709401	0.996843870967742
B_plasma	NEUROD1	71	-0.019487179487179488	0.547	-0.0003418803418803419	0.5398290598290598	0.996843870967742
B_plasma	NFYB	40	-0.02017094017094017	0.54	-0.002735042735042735	0.7347008547008547	0.996843870967742
B_plasma	MTA2	6	-0.020854700854700856	0.562	0.011965811965811967	0.705982905982906	0.996843870967742
B_plasma	TEAD2	6	-0.020854700854700856	0.562	0.011965811965811967	0.705982905982906	0.996843870967742
B_plasma	KDM2A	10	-0.022222222222222223	0.538	-0.002393162393162393	0.7018803418803419	0.996843870967742
B_plasma	YAP1	9	-0.022222222222222223	0.532	-0.0041025641025641026	0.6335042735042735	0.996843870967742
B_plasma	FOSB	38	-0.024273504273504273	0.56	0.0041025641025641026	0.5405128205128205	0.996843870967742
B_plasma	PRRX1	6	-0.024273504273504273	0.569	0.011965811965811967	0.705982905982906	0.996843870967742
B_plasma	IRF2	59	-0.026324786324786326	0.548	0.0010256410256410256	0.6095726495726496	0.996843870967742
B_plasma	SSRP1	146	-0.026324786324786326	0.529	-0.006495726495726496	0.6642735042735043	0.996843870967742
B_plasma	ETS1	230	-0.027008547008547008	0.551	-0.0044444444444444444	0.6574358974358975	0.996843870967742
B_plasma	ZBTB38	5	-0.027008547008547008	0.571	0.00547008547008547	0.597948717948718	0.996843870967742
B_plasma	FOXO4	31	-0.028376068376068375	0.568	0.0044444444444444444	0.6300854700854701	0.996843870967742
B_plasma	LHX1	6	-0.028376068376068375	0.576	0.011965811965811967	0.705982905982906	0.996843870967742
B_plasma	SOX10	37	-0.029743589743589743	0.56	-0.007863247863247864	0.6854700854700855	0.996843870967742
B_plasma	CREB5	12	-0.030427350427350428	0.586	0.012991452991452993	0.6191452991452991	0.996843870967742
B_plasma	ISL1	41	-0.03111111111111111	0.568	0.005811965811965812	0.6492307692307693	0.996843870967742
B_plasma	RARG	40	-0.03111111111111111	0.558	-0.002735042735042735	0.7347008547008547	0.996843870967742
B_plasma	PAWR	6	-0.03247863247863248	0.585	0.011965811965811967	0.705982905982906	0.996843870967742
B_plasma	ZNF699	55	-0.033846153846153845	0.556	0.0	0.6314529914529915	0.996843870967742
B_plasma	MAFK	23	-0.03452991452991453	0.586	0.010256410256410258	0.5637606837606838	0.996843870967742
B_plasma	NAB2	7	-0.03452991452991453	0.592	0.009230769230769232	0.602051282051282	0.996843870967742
B_plasma	PIAS1	6	-0.03452991452991453	0.591	0.011965811965811967	0.705982905982906	0.996843870967742
B_plasma	HOXD4	5	-0.035213675213675216	0.585	0.00547008547008547	0.597948717948718	0.996843870967742
B_plasma	AEBP1	5	-0.03658119658119658	0.592	0.00547008547008547	0.597948717948718	0.996843870967742
B_plasma	KLF4	128	-0.03658119658119658	0.589	0.0037606837606837607	0.6348717948717949	0.996843870967742
B_plasma	NR4A1	109	-0.037264957264957266	0.596	0.008547008547008548	0.5664957264957265	0.996843870967742
B_plasma	TCF7L2	116	-0.037264957264957266	0.566	-0.005811965811965812	0.5808547008547008	0.996843870967742
B_plasma	ARID4B	12	-0.03863247863247863	0.607	0.012991452991452993	0.6191452991452991	0.996843870967742
B_plasma	NEUROD2	12	-0.03863247863247863	0.607	0.012991452991452993	0.6191452991452991	0.996843870967742
B_plasma	GABPA	48	-0.040683760683760686	0.571	-0.0041025641025641026	0.5733333333333334	0.996843870967742
B_plasma	GFI1B	12	-0.040683760683760686	0.61	0.012991452991452993	0.6191452991452991	0.996843870967742
B_plasma	HNF4G	11	-0.040683760683760686	0.603	0.01264957264957265	0.6430769230769231	0.996843870967742
B_plasma	ID2	64	-0.041367521367521365	0.63	0.018803418803418803	0.5671794871794872	0.996843870967742
B_plasma	PAX1	5	-0.041367521367521365	0.606	0.00547008547008547	0.597948717948718	0.996843870967742
B_plasma	HNF4A	278	-0.04205128205128205	0.591	0.0020512820512820513	0.537094017094017	0.996843870967742
B_plasma	MYCN	138	-0.04341880341880342	0.607	0.007521367521367521	0.5275213675213675	0.996843870967742
B_plasma	STAT6	126	-0.04341880341880342	0.557	-0.017094017094017096	0.5411965811965812	0.996843870967742
B_plasma	CLOCK	65	-0.0441025641025641	0.602	0.006495726495726496	0.5336752136752136	0.996843870967742
B_plasma	HIC1	21	-0.0441025641025641	0.606	0.009914529914529915	0.6191452991452991	0.996843870967742
B_plasma	NFE2L3	7	-0.0441025641025641	0.608	0.009230769230769232	0.602051282051282	0.996843870967742
B_plasma	NFIX	28	-0.0441025641025641	0.622	0.01846153846153846	0.6191452991452991	0.996843870967742
B_plasma	BATF	16	-0.044786324786324785	0.603	0.011623931623931626	0.5637606837606838	0.996843870967742
B_plasma	PPARGC1B	5	-0.044786324786324785	0.616	0.00547008547008547	0.597948717948718	0.996843870967742
B_plasma	GCM1	10	-0.04547008547008547	0.594	-0.002393162393162393	0.7018803418803419	0.996843870967742
B_plasma	HDAC5	10	-0.04547008547008547	0.594	-0.002393162393162393	0.7018803418803419	0.996843870967742
B_plasma	DDIT3	99	-0.046153846153846156	0.596	0.0020512820512820513	0.6191452991452991	0.996843870967742
B_plasma	PEG3	8	-0.046153846153846156	0.615	0.01094017094017094	0.5911111111111111	0.996843870967742
B_plasma	ZIC1	17	-0.04752136752136752	0.633	0.009914529914529915	0.5617094017094018	0.996843870967742
B_plasma	GATA3	190	-0.04888888888888889	0.613	0.0006837606837606838	0.6403418803418803	0.996843870967742
B_plasma	HOXC6	12	-0.04957264957264957	0.627	0.012991452991452993	0.6191452991452991	0.996843870967742
B_plasma	MEF2C	88	-0.04957264957264957	0.578	-0.009230769230769232	0.5035897435897436	0.996843870967742
B_plasma	KAT6A	12	-0.050256410256410255	0.628	0.012991452991452993	0.6191452991452991	0.996843870967742
B_plasma	E2F1	310	-0.05094017094017094	0.617	0.006495726495726496	0.5206837606837607	0.996843870967742
B_plasma	PARK7	8	-0.05094017094017094	0.627	0.01094017094017094	0.5911111111111111	0.996843870967742
B_plasma	KMT2A	69	-0.051623931623931626	0.634	0.011623931623931626	0.6690598290598291	0.996843870967742
B_plasma	MYF6	13	-0.052307692307692305	0.619	0.007521367521367521	0.5644444444444444	0.996843870967742
B_plasma	RUNX2	127	-0.052307692307692305	0.584	-0.007521367521367521	0.6458119658119658	0.996843870967742
B_plasma	CHD4	6	-0.05299145299145299	0.622	0.011965811965811967	0.705982905982906	0.996843870967742
B_plasma	TGFB1I1	12	-0.05299145299145299	0.637	0.012991452991452993	0.6191452991452991	0.996843870967742
B_plasma	SMAD2	107	-0.053675213675213676	0.637	0.00888888888888889	0.708034188034188	0.996843870967742
B_plasma	CXXC1	21	-0.05504273504273504	0.622	0.009914529914529915	0.6191452991452991	0.996843870967742
B_plasma	TCF15	7	-0.05504273504273504	0.624	0.009230769230769232	0.602051282051282	0.996843870967742
B_plasma	AIRE	23	-0.055726495726495726	0.625	0.010256410256410258	0.5637606837606838	0.996843870967742
B_plasma	HESX1	30	-0.05641025641025641	0.605	-0.003076923076923077	0.52	0.996843870967742
B_plasma	ZKSCAN7	14	-0.05641025641025641	0.635	0.010256410256410258	0.6376068376068376	0.996843870967742
B_plasma	ZNF148	29	-0.05846153846153846	0.614	-0.0044444444444444444	0.6328205128205128	0.996843870967742
B_plasma	NKX3-1	70	-0.059145299145299146	0.631	-0.0010256410256410256	0.5774358974358974	0.996843870967742
B_plasma	STAT3	430	-0.05982905982905983	0.634	0.009230769230769232	0.6615384615384615	0.996843870967742
B_plasma	DLX2	22	-0.06256410256410257	0.64	0.009572649572649573	0.6191452991452991	0.996843870967742
B_plasma	BRD4	11	-0.06393162393162394	0.66	0.01264957264957265	0.6430769230769231	0.996843870967742
B_plasma	KAT2B	15	-0.06393162393162394	0.647	0.011965811965811967	0.6376068376068376	0.996843870967742
B_plasma	BARX2	15	-0.06461538461538462	0.649	0.011965811965811967	0.6376068376068376	0.996843870967742
B_plasma	NFIA	60	-0.0652991452991453	0.61	-0.008547008547008548	0.5555555555555556	0.996843870967742
B_plasma	VHL	24	-0.0652991452991453	0.612	-0.012991452991452993	0.5904273504273504	0.996843870967742
B_plasma	CIITA	30	-0.06598290598290599	0.621	-0.003076923076923077	0.52	0.996843870967742
B_plasma	ELF5	11	-0.06598290598290599	0.661	0.01264957264957265	0.6430769230769231	0.996843870967742
B_plasma	MTF1	32	-0.06598290598290599	0.627	0.0006837606837606838	0.5323076923076923	0.996843870967742
B_plasma	MYC	873	-0.06598290598290599	0.609	0.0017094017094017094	0.55008547008547	0.996843870967742
B_plasma	SHOX2	7	-0.06598290598290599	0.648	0.009230769230769232	0.602051282051282	0.996843870967742
B_plasma	NR2E3	15	-0.06666666666666667	0.655	0.011965811965811967	0.6376068376068376	0.996843870967742
B_plasma	IKZF1	52	-0.06735042735042734	0.634	0.002393162393162393	0.548034188034188	0.996843870967742
B_plasma	NR0B1	57	-0.06871794871794872	0.628	-0.005128205128205128	0.6998290598290599	0.996843870967742
B_plasma	CEBPA	232	-0.07008547008547009	0.64	0.005128205128205128	0.5835897435897436	0.996843870967742
B_plasma	MEF2B	7	-0.07076923076923076	0.656	0.009230769230769232	0.602051282051282	0.996843870967742
B_plasma	HDGF	7	-0.07145299145299146	0.657	0.009230769230769232	0.602051282051282	0.996843870967742
B_plasma	NFIC	81	-0.07145299145299146	0.642	-0.0037606837606837607	0.6499145299145299	0.996843870967742
B_plasma	PITX3	23	-0.07145299145299146	0.655	0.010256410256410258	0.5637606837606838	0.996843870967742
B_plasma	HOPX	8	-0.07213675213675214	0.669	0.01094017094017094	0.5911111111111111	0.996843870967742
B_plasma	SOX9	104	-0.07213675213675214	0.644	-0.0003418803418803419	0.5747008547008547	0.996843870967742
B_plasma	BCLAF1	7	-0.07282051282051281	0.657	0.009230769230769232	0.602051282051282	0.996843870967742
B_plasma	ARID3B	6	-0.07418803418803419	0.655	0.011965811965811967	0.705982905982906	0.996843870967742
B_plasma	IRF3	82	-0.07418803418803419	0.628	-0.015042735042735043	0.6082051282051282	0.996843870967742
B_plasma	DAXX	5	-0.07487179487179488	0.667	0.00547008547008547	0.597948717948718	0.996843870967742
B_plasma	PREB	23	-0.07487179487179488	0.66	0.010256410256410258	0.5637606837606838	0.996843870967742
B_plasma	PAX2	25	-0.07623931623931623	0.641	-0.01094017094017094	0.6526495726495727	0.996843870967742
B_plasma	NR1H2	48	-0.07692307692307693	0.635	-0.0041025641025641026	0.5733333333333334	0.996843870967742
B_plasma	JARID2	16	-0.07965811965811966	0.665	0.011623931623931626	0.5637606837606838	0.996843870967742
B_plasma	AHRR	5	-0.08102564102564103	0.679	0.00547008547008547	0.597948717948718	0.996843870967742
B_plasma	NKX2-1	62	-0.08102564102564103	0.67	0.0017094017094017094	0.6560683760683761	0.996843870967742
B_plasma	NR2F6	16	-0.08102564102564103	0.665	0.011623931623931626	0.5637606837606838	0.996843870967742
B_plasma	PAX5	67	-0.0817094017094017	0.683	0.013333333333333334	0.5972649572649573	0.996843870967742
B_plasma	ZBTB17	43	-0.0817094017094017	0.668	0.0017094017094017094	0.6027350427350427	0.996843870967742
B_plasma	NFATC3	40	-0.0823931623931624	0.662	-0.002735042735042735	0.7347008547008547	0.996843870967742
B_plasma	RARA	186	-0.0823931623931624	0.675	-0.002393162393162393	0.7497435897435898	0.996843870967742
B_plasma	YBX1	91	-0.0823931623931624	0.653	-0.0017094017094017094	0.5822222222222222	0.996843870967742
B_plasma	IRF7	34	-0.08307692307692308	0.655	0.006153846153846154	0.5562393162393162	0.996843870967742
B_plasma	TCF4	58	-0.08307692307692308	0.691	0.007521367521367521	0.6328205128205128	0.996843870967742
B_plasma	GLI1	176	-0.08376068376068375	0.678	-0.0044444444444444444	0.5268376068376068	0.996843870967742
B_plasma	HIVEP2	11	-0.08512820512820513	0.694	0.01264957264957265	0.6430769230769231	0.996843870967742
B_plasma	RREB1	10	-0.08512820512820513	0.683	-0.002393162393162393	0.7018803418803419	0.996843870967742
B_plasma	ZBTB33	11	-0.08512820512820513	0.694	0.01264957264957265	0.6430769230769231	0.996843870967742
B_plasma	FOXQ1	17	-0.08581196581196582	0.703	0.009914529914529915	0.5617094017094018	0.996843870967742
B_plasma	ARNT	68	-0.08854700854700855	0.663	-0.0044444444444444444	0.4947008547008547	0.996843870967742
B_plasma	ZHX2	10	-0.08854700854700855	0.692	-0.002393162393162393	0.7018803418803419	0.996843870967742
B_plasma	BMAL1	57	-0.08923076923076922	0.664	-0.005128205128205128	0.6998290598290599	0.996843870967742
B_plasma	NFE2L2	201	-0.08991452991452992	0.693	0.004786324786324786	0.5466666666666666	0.996843870967742
B_plasma	ZNF804A	10	-0.09128205128205129	0.699	-0.002393162393162393	0.7018803418803419	0.996843870967742
B_plasma	PHOX2B	16	-0.09333333333333334	0.684	0.011623931623931626	0.5637606837606838	0.996843870967742
B_plasma	TCF21	16	-0.0947008547008547	0.689	0.011623931623931626	0.5637606837606838	0.996843870967742
B_plasma	NRF1	90	-0.09675213675213676	0.662	-0.007521367521367521	0.5227350427350428	0.996843870967742
B_plasma	CREBZF	20	-0.09880341880341881	0.696	0.008547008547008548	0.597948717948718	0.996843870967742
B_plasma	FHL2	7	-0.09880341880341881	0.709	0.009230769230769232	0.602051282051282	0.996843870967742
B_plasma	SIRT1	62	-0.09880341880341881	0.696	0.0017094017094017094	0.6560683760683761	0.996843870967742
B_plasma	MYOG	64	-0.10017094017094016	0.747	0.018803418803418803	0.5671794871794872	0.996843870967742
B_plasma	FEV	8	-0.1029059829059829	0.728	0.01094017094017094	0.5911111111111111	0.996843870967742
B_plasma	GATA1	147	-0.1029059829059829	0.71	0.007863247863247864	0.509059829059829	0.996843870967742
B_plasma	HIVEP1	10	-0.1029059829059829	0.712	-0.002393162393162393	0.7018803418803419	0.996843870967742
B_plasma	HAND2	40	-0.10495726495726496	0.7	-0.002735042735042735	0.7347008547008547	0.996843870967742
B_plasma	FOXL2	26	-0.10564102564102563	0.723	0.019145299145299145	0.5958974358974359	0.996843870967742
B_plasma	FOXP1	32	-0.10564102564102563	0.695	0.0006837606837606838	0.5323076923076923	0.996843870967742
B_plasma	TBX1	14	-0.10564102564102563	0.708	0.010256410256410258	0.6376068376068376	0.996843870967742
B_plasma	TBP	162	-0.107008547008547	0.712	-0.004786324786324786	0.5336752136752136	0.996843870967742
B_plasma	ZGLP1	26	-0.10974358974358975	0.728	0.019145299145299145	0.5958974358974359	0.996843870967742
B_plasma	ELK4	6	-0.11042735042735043	0.725	0.011965811965811967	0.705982905982906	0.996843870967742
B_plasma	RORC	21	-0.11042735042735043	0.711	0.009914529914529915	0.6191452991452991	0.996843870967742
B_plasma	NR1I3	60	-0.1111111111111111	0.711	-0.008547008547008548	0.5555555555555556	0.996843870967742
B_plasma	KLF13	13	-0.11521367521367522	0.735	0.007521367521367521	0.5644444444444444	0.996843870967742
B_plasma	NFATC1	122	-0.11521367521367522	0.74	0.003076923076923077	0.5924786324786325	0.996843870967742
B_plasma	USF1	224	-0.11521367521367522	0.74	0.0017094017094017094	0.5473504273504274	0.996843870967742
B_plasma	ZBED1	20	-0.11521367521367522	0.724	0.008547008547008548	0.597948717948718	0.996843870967742
B_plasma	FOXN1	55	-0.1158974358974359	0.734	0.0	0.6314529914529915	0.996843870967742
B_plasma	PAX4	9	-0.1158974358974359	0.73	-0.0041025641025641026	0.6335042735042735	0.996843870967742
B_plasma	TFAP2A	311	-0.11658119658119658	0.714	0.0044444444444444444	0.5364102564102564	0.996843870967742
B_plasma	LMX1A	8	-0.11726495726495727	0.751	0.01094017094017094	0.5911111111111111	0.996843870967742
B_plasma	TFEB	8	-0.11794871794871795	0.753	0.01094017094017094	0.5911111111111111	0.996843870967742
B_plasma	IRX1	19	-0.11863247863247864	0.755	0.009230769230769232	0.5705982905982906	0.996843870967742
B_plasma	PRDM1	66	-0.12068376068376069	0.727	-0.0006837606837606838	0.5254700854700854	0.996843870967742
B_plasma	POU4F1	31	-0.12205128205128205	0.745	0.0044444444444444444	0.6300854700854701	0.996843870967742
B_plasma	RORB	5	-0.12205128205128205	0.737	0.00547008547008547	0.597948717948718	0.996843870967742
B_plasma	CREB1	460	-0.12273504273504274	0.754	0.015384615384615385	0.6218803418803419	0.996843870967742
B_plasma	NFATC2	93	-0.12341880341880342	0.755	0.0020512820512820513	0.5323076923076923	0.996843870967742
B_plasma	DOT1L	8	-0.12478632478632479	0.768	0.01094017094017094	0.5911111111111111	0.996843870967742
B_plasma	NCOA1	90	-0.12683760683760684	0.726	-0.007521367521367521	0.5227350427350428	0.996843870967742
B_plasma	NR4A3	40	-0.1282051282051282	0.74	-0.002735042735042735	0.7347008547008547	0.996843870967742
B_plasma	TEAD1	25	-0.1282051282051282	0.738	-0.01094017094017094	0.6526495726495727	0.996843870967742
B_plasma	SALL4	20	-0.13094017094017094	0.755	0.008547008547008548	0.597948717948718	0.996843870967742
B_plasma	ELF1	78	-0.13162393162393163	0.762	0.009230769230769232	0.6034188034188034	0.996843870967742
B_plasma	EGR3	32	-0.13230769230769232	0.733	0.0006837606837606838	0.5323076923076923	0.996843870967742
B_plasma	HOXD1	6	-0.13230769230769232	0.76	0.011965811965811967	0.705982905982906	0.996843870967742
B_plasma	EBF1	33	-0.13367521367521368	0.764	0.0003418803418803419	0.6102564102564103	0.996843870967742
B_plasma	TBPL2	10	-0.13367521367521368	0.762	-0.002393162393162393	0.7018803418803419	0.996843870967742
B_plasma	HMGB2	9	-0.13504273504273503	0.763	-0.0041025641025641026	0.6335042735042735	0.996843870967742
B_plasma	MEF2D	28	-0.13641025641025642	0.785	0.01846153846153846	0.6191452991452991	0.996843870967742
B_plasma	MYOD1	142	-0.13777777777777778	0.77	0.002735042735042735	0.6054700854700855	0.996843870967742
B_plasma	HOXB2	13	-0.14051282051282052	0.769	0.007521367521367521	0.5644444444444444	0.996843870967742
B_plasma	SIM2	11	-0.14051282051282052	0.786	0.01264957264957265	0.6430769230769231	0.996843870967742
B_plasma	TP53	963	-0.14051282051282052	0.752	-0.00547008547008547	0.5842735042735042	0.996843870967742
B_plasma	TTF1	59	-0.14051282051282052	0.767	0.0010256410256410256	0.6095726495726496	0.996843870967742
B_plasma	MEOX2	7	-0.14188034188034188	0.781	0.009230769230769232	0.602051282051282	0.996843870967742
B_plasma	PML	18	-0.14256410256410257	0.775	0.005811965811965812	0.6047863247863248	0.996843870967742
B_plasma	ZNF436	7	-0.14256410256410257	0.781	0.009230769230769232	0.602051282051282	0.996843870967742
B_plasma	HDAC7	13	-0.14324786324786326	0.774	0.007521367521367521	0.5644444444444444	0.996843870967742
B_plasma	NEUROG1	16	-0.14324786324786326	0.781	0.011623931623931626	0.5637606837606838	0.996843870967742
B_plasma	RUNX3	69	-0.14324786324786326	0.795	0.011623931623931626	0.6690598290598291	0.996843870967742
B_plasma	NR3C2	56	-0.14393162393162393	0.772	0.017435897435897435	0.587008547008547	0.996843870967742
B_plasma	PLAG1	7	-0.14393162393162393	0.784	0.009230769230769232	0.602051282051282	0.996843870967742
B_plasma	IKZF2	5	-0.1452991452991453	0.77	0.00547008547008547	0.597948717948718	0.996843870967742
B_plasma	SP6	5	-0.14598290598290597	0.77	0.00547008547008547	0.597948717948718	0.996843870967742
B_plasma	MAX	48	-0.14666666666666667	0.766	-0.0041025641025641026	0.5733333333333334	0.996843870967742
B_plasma	NR4A2	60	-0.14666666666666667	0.782	-0.008547008547008548	0.5555555555555556	0.996843870967742
B_plasma	SREBF1	130	-0.14666666666666667	0.766	-0.00888888888888889	0.6205128205128205	0.996843870967742
B_plasma	MLX	5	-0.14871794871794872	0.775	0.00547008547008547	0.597948717948718	0.996843870967742
B_plasma	NR1H3	135	-0.1494017094017094	0.782	-0.0003418803418803419	0.5753846153846154	0.996843870967742
B_plasma	ETV7	14	-0.15008547008547007	0.769	0.010256410256410258	0.6376068376068376	0.996843870967742
B_plasma	MNX1	5	-0.15076923076923077	0.778	0.00547008547008547	0.597948717948718	0.996843870967742
B_plasma	TWIST2	34	-0.15145299145299146	0.792	0.006153846153846154	0.5562393162393162	0.996843870967742
B_plasma	HOXB5	5	-0.15213675213675212	0.78	0.00547008547008547	0.597948717948718	0.996843870967742
B_plasma	TGIF1	12	-0.15213675213675212	0.813	0.012991452991452993	0.6191452991452991	0.996843870967742
B_plasma	ZEB1	63	-0.15213675213675212	0.799	0.011623931623931626	0.6642735042735043	0.996843870967742
B_plasma	E4F1	9	-0.1535042735042735	0.795	-0.0041025641025641026	0.6335042735042735	0.996843870967742
B_plasma	ING4	15	-0.1541880341880342	0.801	0.011965811965811967	0.6376068376068376	0.996843870967742
B_plasma	TSHZ3	6	-0.1541880341880342	0.804	0.011965811965811967	0.705982905982906	0.996843870967742
B_plasma	ZBTB7B	15	-0.15487179487179487	0.803	0.011965811965811967	0.6376068376068376	0.996843870967742
B_plasma	DACH1	8	-0.15555555555555556	0.811	0.01094017094017094	0.5911111111111111	0.996843870967742
B_plasma	PITX2	140	-0.15555555555555556	0.779	-0.0044444444444444444	0.4782905982905983	0.996843870967742
B_plasma	FOXF2	13	-0.15623931623931625	0.801	0.007521367521367521	0.5644444444444444	0.996843870967742
B_plasma	NHLH1	5	-0.15692307692307692	0.783	0.00547008547008547	0.597948717948718	0.996843870967742
B_plasma	HMGA2	42	-0.1576068376068376	0.779	-0.009572649572649573	0.5876923076923077	0.996843870967742
B_plasma	WWTR1	9	-0.1576068376068376	0.802	-0.0041025641025641026	0.6335042735042735	0.996843870967742
B_plasma	SPI1	338	-0.1582905982905983	0.794	0.012991452991452993	0.5035897435897436	0.996843870967742
B_plasma	TLX2	5	-0.1582905982905983	0.788	0.00547008547008547	0.597948717948718	0.996843870967742
B_plasma	ATF7	8	-0.16034188034188035	0.819	0.01094017094017094	0.5911111111111111	0.996843870967742
B_plasma	FOXC2	23	-0.16034188034188035	0.8	0.010256410256410258	0.5637606837606838	0.996843870967742
B_plasma	CREBBP	36	-0.16102564102564101	0.794	0.006495726495726496	0.5781196581196582	0.996843870967742
B_plasma	NR1D2	6	-0.1617094017094017	0.823	0.011965811965811967	0.705982905982906	0.996843870967742
B_plasma	HHEX	28	-0.1623931623931624	0.826	0.01846153846153846	0.6191452991452991	0.996843870967742
B_plasma	IKZF4	7	-0.1623931623931624	0.811	0.009230769230769232	0.602051282051282	0.996843870967742
B_plasma	KLF7	10	-0.16512820512820514	0.815	-0.002393162393162393	0.7018803418803419	0.996843870967742
B_plasma	ARID1A	8	-0.1658119658119658	0.827	0.01094017094017094	0.5911111111111111	0.996843870967742
B_plasma	TFAP2C	33	-0.1664957264957265	0.812	0.0003418803418803419	0.6102564102564103	0.996843870967742
B_plasma	NR1H4	134	-0.1671794871794872	0.804	0.002393162393162393	0.5206837606837607	0.996843870967742
B_plasma	SATB1	44	-0.1671794871794872	0.806	-0.005128205128205128	0.6034188034188034	0.996843870967742
B_plasma	IRF1	165	-0.16786324786324786	0.816	-0.0041025641025641026	0.5364102564102564	0.996843870967742
B_plasma	MLXIPL	16	-0.16786324786324786	0.813	0.011623931623931626	0.5637606837606838	0.996843870967742
B_plasma	ERF	18	-0.16923076923076924	0.823	0.005811965811965812	0.6047863247863248	0.996843870967742
B_plasma	PATZ1	12	-0.1699145299145299	0.837	0.012991452991452993	0.6191452991452991	0.996843870967742
B_plasma	JUN	894	-0.1705982905982906	0.838	0.009230769230769232	0.6451282051282051	0.996843870967742
B_plasma	PROP1	12	-0.1705982905982906	0.839	0.012991452991452993	0.6191452991452991	0.996843870967742
B_plasma	HBP1	44	-0.17196581196581195	0.811	-0.005128205128205128	0.6034188034188034	0.996843870967742
B_plasma	RARB	53	-0.17333333333333334	0.824	0.00717948717948718	0.5664957264957265	0.996843870967742
B_plasma	AHR	193	-0.174017094017094	0.824	-0.0010256410256410256	0.5863247863247864	0.996843870967742
B_plasma	HOXA1	26	-0.174017094017094	0.826	0.019145299145299145	0.5958974358974359	0.996843870967742
B_plasma	NKX2-5	72	-0.1753846153846154	0.831	0.009914529914529915	0.5165811965811966	0.996843870967742
B_plasma	HIF1A	458	-0.17606837606837608	0.829	0.006837606837606838	0.5117948717948718	0.996843870967742
B_plasma	POU2F2	48	-0.17811965811965813	0.822	-0.0041025641025641026	0.5733333333333334	0.996843870967742
B_plasma	TEF	16	-0.17811965811965813	0.827	0.011623931623931626	0.5637606837606838	0.996843870967742
B_plasma	IRF5	36	-0.1829059829059829	0.828	0.006495726495726496	0.5781196581196582	0.996843870967742
B_plasma	STAT5A	210	-0.18427350427350428	0.831	-0.00888888888888889	0.6437606837606837	0.996843870967742
B_plasma	MAML1	5	-0.18700854700854702	0.821	0.00547008547008547	0.597948717948718	0.996843870967742
B_plasma	NR5A1	107	-0.18700854700854702	0.857	0.00888888888888889	0.708034188034188	0.996843870967742
B_plasma	PBRM1	9	-0.18700854700854702	0.844	-0.0041025641025641026	0.6335042735042735	0.996843870967742
B_plasma	SF1	12	-0.18700854700854702	0.864	0.012991452991452993	0.6191452991452991	0.996843870967742
B_plasma	HES1	92	-0.18905982905982907	0.847	0.010256410256410258	0.6635897435897435	0.996843870967742
B_plasma	NEUROD6	11	-0.18905982905982907	0.854	0.01264957264957265	0.6430769230769231	0.996843870967742
B_plasma	SOX2	88	-0.18905982905982907	0.828	-0.009230769230769232	0.5035897435897436	0.996843870967742
B_plasma	ELF2	11	-0.18974358974358974	0.854	0.01264957264957265	0.6430769230769231	0.996843870967742
B_plasma	NKX2-2	26	-0.18974358974358974	0.843	0.019145299145299145	0.5958974358974359	0.996843870967742
B_plasma	ELF4	50	-0.19111111111111112	0.853	0.0020512820512820513	0.5753846153846154	0.996843870967742
B_plasma	KLF9	26	-0.19111111111111112	0.843	0.019145299145299145	0.5958974358974359	0.996843870967742
B_plasma	MLXIP	5	-0.19179487179487179	0.826	0.00547008547008547	0.597948717948718	0.996843870967742
B_plasma	ZBTB16	50	-0.19179487179487179	0.854	0.0020512820512820513	0.5753846153846154	0.996843870967742
B_plasma	ATF2	118	-0.19316239316239317	0.834	-0.0017094017094017094	0.5466666666666666	0.996843870967742
B_plasma	SMAD9	7	-0.19316239316239317	0.849	0.009230769230769232	0.602051282051282	0.996843870967742
B_plasma	HOXA7	13	-0.19384615384615383	0.858	0.007521367521367521	0.5644444444444444	0.996843870967742
B_plasma	PHOX2A	13	-0.19384615384615383	0.858	0.007521367521367521	0.5644444444444444	0.996843870967742
B_plasma	GATA2	105	-0.19452991452991453	0.858	0.0010256410256410256	0.6006837606837607	0.996843870967742
B_plasma	NPAS2	8	-0.19452991452991453	0.86	0.01094017094017094	0.5911111111111111	0.996843870967742
B_plasma	PURA	20	-0.19452991452991453	0.842	0.008547008547008548	0.597948717948718	0.996843870967742
B_plasma	TRIM28	6	-0.19452991452991453	0.861	0.011965811965811967	0.705982905982906	0.996843870967742
B_plasma	CEBPZ	19	-0.19521367521367522	0.845	0.009230769230769232	0.5705982905982906	0.996843870967742
B_plasma	SRY	41	-0.19658119658119658	0.844	0.005811965811965812	0.6492307692307693	0.996843870967742
B_plasma	PROX1	34	-0.19726495726495727	0.864	0.006153846153846154	0.5562393162393162	0.996843870967742
B_plasma	EGR1	359	-0.19794871794871796	0.859	-0.008205128205128205	0.6464957264957265	0.996843870967742
B_plasma	ETV2	8	-0.19863247863247863	0.863	0.01094017094017094	0.5911111111111111	0.996843870967742
B_plasma	HSF2	24	-0.2	0.848	-0.012991452991452993	0.5904273504273504	0.996843870967742
B_plasma	ZFP42	18	-0.20068376068376068	0.861	0.005811965811965812	0.6047863247863248	0.996843870967742
B_plasma	LRRFIP1	17	-0.20136752136752137	0.867	0.009914529914529915	0.5617094017094018	0.996843870967742
B_plasma	SREBF2	70	-0.20136752136752137	0.851	-0.0010256410256410256	0.5774358974358974	0.996843870967742
B_plasma	TBR1	6	-0.20341880341880342	0.868	0.011965811965811967	0.705982905982906	0.996843870967742
B_plasma	EHF	13	-0.2041025641025641	0.874	0.007521367521367521	0.5644444444444444	0.996843870967742
B_plasma	LITAF	24	-0.2041025641025641	0.85	-0.012991452991452993	0.5904273504273504	0.996843870967742
B_plasma	MECOM	19	-0.2041025641025641	0.859	0.009230769230769232	0.5705982905982906	0.996843870967742
B_plasma	ARID3A	7	-0.20478632478632477	0.865	0.009230769230769232	0.602051282051282	0.996843870967742
B_plasma	BMAL2	9	-0.20615384615384616	0.864	-0.0041025641025641026	0.6335042735042735	0.996843870967742
B_plasma	IRF8	68	-0.20683760683760682	0.866	-0.0044444444444444444	0.4947008547008547	0.996843870967742
B_plasma	NFIL3	37	-0.20683760683760682	0.872	-0.007863247863247864	0.6854700854700855	0.996843870967742
B_plasma	FOXP2	11	-0.2088888888888889	0.878	0.01264957264957265	0.6430769230769231	0.996843870967742
B_plasma	MZF1	23	-0.2088888888888889	0.866	0.010256410256410258	0.5637606837606838	0.996843870967742
B_plasma	JUND	620	-0.20957264957264957	0.853	-0.009230769230769232	0.5931623931623932	0.996843870967742
B_plasma	NPM1	12	-0.21025641025641026	0.891	0.012991452991452993	0.6191452991452991	0.996843870967742
B_plasma	ESR1	622	-0.2123076923076923	0.853	-0.0044444444444444444	0.5617094017094018	0.996843870967742
B_plasma	FOSB_JUN	589	-0.2123076923076923	0.86	0.0013675213675213675	0.6362393162393163	0.996843870967742
B_plasma	FOSB_JUNB	589	-0.2123076923076923	0.86	0.0013675213675213675	0.6362393162393163	0.996843870967742
B_plasma	FOSB_JUND	589	-0.2123076923076923	0.86	0.0013675213675213675	0.6362393162393163	0.996843870967742
B_plasma	FOSL1_JUN	589	-0.2123076923076923	0.86	0.0013675213675213675	0.6362393162393163	0.996843870967742
B_plasma	FOSL1_JUNB	589	-0.2123076923076923	0.86	0.0013675213675213675	0.6362393162393163	0.996843870967742
B_plasma	FOSL1_JUND	589	-0.2123076923076923	0.86	0.0013675213675213675	0.6362393162393163	0.996843870967742
B_plasma	FOSL2_JUN	589	-0.2123076923076923	0.86	0.0013675213675213675	0.6362393162393163	0.996843870967742
B_plasma	FOSL2_JUNB	589	-0.2123076923076923	0.86	0.0013675213675213675	0.6362393162393163	0.996843870967742
B_plasma	FOSL2_JUND	589	-0.2123076923076923	0.86	0.0013675213675213675	0.6362393162393163	0.996843870967742
B_plasma	FOS_JUN	589	-0.2123076923076923	0.86	0.0013675213675213675	0.6362393162393163	0.996843870967742
B_plasma	FOS_JUNB	589	-0.2123076923076923	0.86	0.0013675213675213675	0.6362393162393163	0.996843870967742
B_plasma	FOS_JUND	589	-0.2123076923076923	0.86	0.0013675213675213675	0.6362393162393163	0.996843870967742
B_plasma	JUNB_JUND	589	-0.2123076923076923	0.86	0.0013675213675213675	0.6362393162393163	0.996843870967742
B_plasma	JUN_JUNB	589	-0.2123076923076923	0.86	0.0013675213675213675	0.6362393162393163	0.996843870967742
B_plasma	JUN_JUND	589	-0.2123076923076923	0.86	0.0013675213675213675	0.6362393162393163	0.996843870967742
B_plasma	LHX8	12	-0.212991452991453	0.895	0.012991452991452993	0.6191452991452991	0.996843870967742
B_plasma	RFX3	6	-0.21367521367521367	0.877	0.011965811965811967	0.705982905982906	0.996843870967742
B_plasma	DMAP1	5	-0.21435897435897436	0.849	0.00547008547008547	0.597948717948718	0.996843870967742
B_plasma	POU4F2	34	-0.21572649572649572	0.883	0.006153846153846154	0.5562393162393162	0.996843870967742
B_plasma	SPIB	17	-0.2164102564102564	0.879	0.009914529914529915	0.5617094017094018	0.996843870967742
B_plasma	SALL1	6	-0.21777777777777776	0.882	0.011965811965811967	0.705982905982906	0.996843870967742
B_plasma	PAX8	33	-0.21846153846153846	0.895	0.0003418803418803419	0.6102564102564103	0.996843870967742
B_plasma	SIX4	8	-0.21846153846153846	0.883	0.01094017094017094	0.5911111111111111	0.996843870967742
B_plasma	HSF1	97	-0.21914529914529915	0.881	0.0006837606837606838	0.6417094017094017	0.996843870967742
B_plasma	TFAP4	36	-0.2205128205128205	0.877	0.006495726495726496	0.5781196581196582	0.996843870967742
B_plasma	MAF	64	-0.2211965811965812	0.904	0.018803418803418803	0.5671794871794872	0.996843870967742
B_plasma	IRF6	15	-0.2218803418803419	0.89	0.011965811965811967	0.6376068376068376	0.996843870967742
B_plasma	HINFP	9	-0.225982905982906	0.888	-0.0041025641025641026	0.6335042735042735	0.996843870967742
B_plasma	RFX1	23	-0.2287179487179487	0.887	0.010256410256410258	0.5637606837606838	0.996843870967742
B_plasma	JUNB	617	-0.2294017094017094	0.885	0.0010256410256410256	0.5446153846153846	0.996843870967742
B_plasma	KDM5C	12	-0.2294017094017094	0.913	0.012991452991452993	0.6191452991452991	0.996843870967742
B_plasma	SMAD7	66	-0.2294017094017094	0.883	-0.0006837606837606838	0.5254700854700854	0.996843870967742
B_plasma	HLF	18	-0.23076923076923078	0.896	0.005811965811965812	0.6047863247863248	0.996843870967742
B_plasma	LHX2	41	-0.23145299145299145	0.891	0.005811965811965812	0.6492307692307693	0.996843870967742
B_plasma	TFDP3	6	-0.2341880341880342	0.892	0.011965811965811967	0.705982905982906	0.996843870967742
B_plasma	ZNF300	8	-0.2341880341880342	0.903	0.01094017094017094	0.5911111111111111	0.996843870967742
B_plasma	ARID5B	9	-0.23692307692307693	0.897	-0.0041025641025641026	0.6335042735042735	0.996843870967742
B_plasma	ZBTB4	14	-0.23692307692307693	0.891	0.010256410256410258	0.6376068376068376	0.996843870967742
B_plasma	ZFX	5	-0.23692307692307693	0.883	0.00547008547008547	0.597948717948718	0.996843870967742
B_plasma	WT1	156	-0.24034188034188034	0.892	0.0010256410256410256	0.6273504273504273	0.996843870967742
B_plasma	MYRF	10	-0.24102564102564103	0.904	-0.002393162393162393	0.7018803418803419	0.996843870967742
B_plasma	DNMT1	184	-0.24170940170940172	0.907	-0.003418803418803419	0.5316239316239316	0.996843870967742
B_plasma	KLF5	75	-0.24307692307692308	0.894	-0.003076923076923077	0.52	0.996843870967742
B_plasma	NFKB1	931	-0.24307692307692308	0.916	0.0	0.6321367521367521	0.996843870967742
B_plasma	ELF3	32	-0.24376068376068377	0.9	0.0006837606837606838	0.5323076923076923	0.996843870967742
B_plasma	VSX2	30	-0.24376068376068377	0.905	-0.003076923076923077	0.52	0.996843870967742
B_plasma	ATF5	30	-0.24444444444444444	0.906	-0.003076923076923077	0.52	0.996843870967742
B_plasma	NFKBIB	19	-0.24444444444444444	0.905	0.009230769230769232	0.5705982905982906	0.996843870967742
B_plasma	FOS	340	-0.24512820512820513	0.906	0.011965811965811967	0.49743589743589745	0.996843870967742
B_plasma	SALL2	5	-0.24717948717948718	0.898	0.00547008547008547	0.597948717948718	0.996843870967742
B_plasma	TAF1	42	-0.24717948717948718	0.897	-0.009572649572649573	0.5876923076923077	0.996843870967742
B_plasma	ZNF335	8	-0.24923076923076923	0.912	0.01094017094017094	0.5911111111111111	0.996843870967742
B_plasma	NFYA	92	-0.2505982905982906	0.906	0.010256410256410258	0.6635897435897435	0.996843870967742
B_plasma	MESP2	8	-0.2512820512820513	0.915	0.01094017094017094	0.5911111111111111	0.996843870967742
B_plasma	ZBTB14	6	-0.25264957264957266	0.905	0.011965811965811967	0.705982905982906	0.996843870967742
B_plasma	FOSL2	42	-0.2553846153846154	0.903	-0.009572649572649573	0.5876923076923077	0.996843870967742
B_plasma	RXRG	7	-0.2553846153846154	0.926	0.009230769230769232	0.602051282051282	0.996843870967742
B_plasma	THRB	57	-0.25675213675213676	0.899	-0.005128205128205128	0.6998290598290599	0.996843870967742
B_plasma	TFAP2B	26	-0.2594871794871795	0.915	0.019145299145299145	0.5958974358974359	0.996843870967742
B_plasma	NKX6-1	19	-0.26017094017094017	0.913	0.009230769230769232	0.5705982905982906	0.996843870967742
B_plasma	MEF2A	116	-0.26153846153846155	0.922	-0.005811965811965812	0.5808547008547008	0.996843870967742
B_plasma	SIX3	11	-0.26153846153846155	0.932	0.01264957264957265	0.6430769230769231	0.996843870967742
B_plasma	HES5	7	-0.2629059829059829	0.932	0.009230769230769232	0.602051282051282	0.996843870967742
B_plasma	PA2G4	5	-0.2629059829059829	0.915	0.00547008547008547	0.597948717948718	0.996843870967742
B_plasma	ARID1B	5	-0.26495726495726496	0.918	0.00547008547008547	0.597948717948718	0.996843870967742
B_plasma	DEAF1	13	-0.26495726495726496	0.932	0.007521367521367521	0.5644444444444444	0.996843870967742
B_plasma	HAND1	14	-0.26632478632478634	0.921	0.010256410256410258	0.6376068376068376	0.996843870967742
B_plasma	NFKB2	815	-0.2676923076923077	0.927	0.005128205128205128	0.5726495726495726	0.996843870967742
B_plasma	NCOA3	73	-0.26837606837606837	0.926	0.006837606837606838	0.5555555555555556	0.996843870967742
B_plasma	ZFP64	5	-0.26837606837606837	0.922	0.00547008547008547	0.597948717948718	0.996843870967742
B_plasma	RUNX1	193	-0.26905982905982906	0.927	-0.0010256410256410256	0.5863247863247864	0.996843870967742
B_plasma	TBX21	52	-0.27658119658119656	0.926	0.002393162393162393	0.548034188034188	0.996843870967742
B_plasma	TWIST1	78	-0.27863247863247864	0.927	0.009230769230769232	0.6034188034188034	0.996843870967742
B_plasma	BCL6	99	-0.28	0.928	0.0020512820512820513	0.6191452991452991	0.996843870967742
B_plasma	DMTF1	18	-0.28	0.931	0.005811965811965812	0.6047863247863248	0.996843870967742
B_plasma	JDP2	33	-0.28205128205128205	0.943	0.0003418803418803419	0.6102564102564103	0.996843870967742
B_plasma	FOXC1	19	-0.28341880341880343	0.929	0.009230769230769232	0.5705982905982906	0.996843870967742
B_plasma	PBX2	11	-0.28341880341880343	0.941	0.01264957264957265	0.6430769230769231	0.996843870967742
B_plasma	MAFG	8	-0.2841025641025641	0.943	0.01094017094017094	0.5911111111111111	0.996843870967742
B_plasma	NANOG	57	-0.28683760683760684	0.924	-0.005128205128205128	0.6998290598290599	0.996843870967742
B_plasma	CREM	87	-0.29025641025641025	0.928	-0.006153846153846154	0.5958974358974359	0.996843870967742
B_plasma	EGR2	73	-0.292991452991453	0.943	0.006837606837606838	0.5555555555555556	0.996843870967742
B_plasma	NFKBIZ	8	-0.292991452991453	0.947	0.01094017094017094	0.5911111111111111	0.996843870967742
B_plasma	PDX1	85	-0.29504273504273504	0.937	-0.006153846153846154	0.6622222222222223	0.996843870967742
B_plasma	APEX1	41	-0.2970940170940171	0.95	0.005811965811965812	0.6492307692307693	0.996843870967742
B_plasma	MBD1	17	-0.29914529914529914	0.948	0.009914529914529915	0.5617094017094018	0.996843870967742
B_plasma	ASCL2	10	-0.30735042735042734	0.946	-0.002393162393162393	0.7018803418803419	0.996843870967742
B_plasma	SFPQ	29	-0.3087179487179487	0.951	-0.0044444444444444444	0.6328205128205128	0.996843870967742
B_plasma	TADA2A	8	-0.3087179487179487	0.955	0.01094017094017094	0.5911111111111111	0.996843870967742
B_plasma	ZNF395	7	-0.31145299145299143	0.963	0.009230769230769232	0.602051282051282	0.996843870967742
B_plasma	GBX2	8	-0.3135042735042735	0.961	0.01094017094017094	0.5911111111111111	0.996843870967742
B_plasma	IRF4	59	-0.3135042735042735	0.962	0.0010256410256410256	0.6095726495726496	0.996843870967742
B_plasma	DNMT3B	70	-0.3141880341880342	0.938	-0.0010256410256410256	0.5774358974358974	0.996843870967742
B_plasma	RELA	958	-0.3148717948717949	0.96	0.004786324786324786	0.5562393162393162	0.996843870967742
B_plasma	KAT5	57	-0.3176068376068376	0.946	-0.005128205128205128	0.6998290598290599	0.996843870967742
B_plasma	PLAGL2	8	-0.31965811965811963	0.962	0.01094017094017094	0.5911111111111111	0.996843870967742
B_plasma	ATF1	84	-0.3217094017094017	0.958	0.0	0.5863247863247864	0.996843870967742
B_plasma	STAT4	31	-0.3217094017094017	0.956	0.0044444444444444444	0.6300854700854701	0.996843870967742
B_plasma	ZNF236	14	-0.3251282051282051	0.954	0.010256410256410258	0.6376068376068376	0.996843870967742
B_plasma	MAFB	46	-0.3305982905982906	0.964	0.014017094017094018	0.610940170940171	0.996843870967742
B_plasma	HCFC1	8	-0.3312820512820513	0.967	0.01094017094017094	0.5911111111111111	0.996843870967742
B_plasma	SETBP1	6	-0.3312820512820513	0.962	0.011965811965811967	0.705982905982906	0.996843870967742
B_plasma	MSC	29	-0.3347008547008547	0.962	-0.0044444444444444444	0.6328205128205128	0.996843870967742
B_plasma	ATF3	108	-0.3388034188034188	0.97	-0.005128205128205128	0.561025641025641	0.996843870967742
B_plasma	NFKB1_NFKB2	794	-0.3394871794871795	0.97	-0.003418803418803419	0.49743589743589745	0.996843870967742
B_plasma	NFKB1_REL	794	-0.3394871794871795	0.97	-0.003418803418803419	0.49743589743589745	0.996843870967742
B_plasma	NFKB1_RELA	794	-0.3394871794871795	0.97	-0.003418803418803419	0.49743589743589745	0.996843870967742
B_plasma	NFKB1_RELB	794	-0.3394871794871795	0.97	-0.003418803418803419	0.49743589743589745	0.996843870967742
B_plasma	NFKB2_REL	794	-0.3394871794871795	0.97	-0.003418803418803419	0.49743589743589745	0.996843870967742
B_plasma	NFKB2_RELA	794	-0.3394871794871795	0.97	-0.003418803418803419	0.49743589743589745	0.996843870967742
B_plasma	NFKB2_RELB	794	-0.3394871794871795	0.97	-0.003418803418803419	0.49743589743589745	0.996843870967742
B_plasma	RELA_RELB	794	-0.3394871794871795	0.97	-0.003418803418803419	0.49743589743589745	0.996843870967742
B_plasma	REL_RELA	794	-0.3394871794871795	0.97	-0.003418803418803419	0.49743589743589745	0.996843870967742
B_plasma	REL_RELB	794	-0.3394871794871795	0.97	-0.003418803418803419	0.49743589743589745	0.996843870967742
B_plasma	RXRA	110	-0.3422222222222222	0.958	-0.002393162393162393	0.5883760683760684	0.996843870967742
B_plasma	REL	812	-0.3442735042735043	0.961	0.003076923076923077	0.5261538461538462	0.996843870967742
B_plasma	PAX3	114	-0.34974358974358977	0.977	0.0105982905982906	0.5644444444444444	0.996843870967742
B_plasma	RELB	811	-0.3504273504273504	0.968	0.013333333333333334	0.507008547008547	0.996843870967742
B_plasma	EGR4	15	-0.35384615384615387	0.971	0.011965811965811967	0.6376068376068376	0.996843870967742
B_plasma	HOXA11	8	-0.3552136752136752	0.975	0.01094017094017094	0.5911111111111111	0.996843870967742
B_plasma	SP3	445	-0.3558974358974359	0.969	0.002393162393162393	0.6355555555555555	0.996843870967742
B_plasma	GFI1	54	-0.35863247863247866	0.975	0.006495726495726496	0.5781196581196582	0.996843870967742
B_plasma	VDR	148	-0.35863247863247866	0.975	0.003418803418803419	0.5842735042735042	0.996843870967742
B_plasma	SPIC	10	-0.36	0.973	-0.002393162393162393	0.7018803418803419	0.996843870967742
B_plasma	FOXN4	8	-0.3723076923076923	0.98	0.01094017094017094	0.5911111111111111	0.996843870967742
B_plasma	SP1	1322	-0.37435897435897436	0.969	0.0006837606837606838	0.4817094017094017	0.996843870967742
B_plasma	RXRB	15	-0.38940170940170943	0.982	0.011965811965811967	0.6376068376068376	0.996843870967742
B_plasma	HSF4	11	-0.3976068376068376	0.988	0.01264957264957265	0.6430769230769231	0.996843870967742
B_plasma	BCL11B	24	-0.39965811965811965	0.986	-0.012991452991452993	0.5904273504273504	0.996843870967742
B_plasma	SIN3A	12	-0.40034188034188034	0.987	0.012991452991452993	0.6191452991452991	0.996843870967742
B_plasma	KLF15	26	-0.40444444444444444	0.987	0.019145299145299145	0.5958974358974359	0.996843870967742
B_plasma	EOMES	26	-0.4112820512820513	0.987	0.019145299145299145	0.5958974358974359	0.996843870967742
B_plasma	TP63	200	-0.414017094017094	0.988	-0.0044444444444444444	0.5664957264957265	0.996843870967742
B_plasma	HES6	9	-0.41675213675213674	0.993	-0.0041025641025641026	0.6335042735042735	0.996843870967742
B_plasma	RBPJ	155	-0.42085470085470084	0.99	-0.010256410256410258	0.5487179487179488	0.996843870967742
B_plasma	ID3	35	-0.42905982905982903	0.993	0.007521367521367521	0.5767521367521368	0.996843870967742
B_plasma	MAFA	22	-0.4386324786324786	0.993	0.009572649572649573	0.6191452991452991	0.996843870967742
B_plasma	MITF	110	-0.45914529914529917	0.991	-0.002393162393162393	0.5883760683760684	0.996843870967742
B_plasma	PAX7	18	-0.48102564102564105	0.992	0.005811965811965812	0.6047863247863248	0.996843870967742
B_plasma	TCF12	51	-0.4639316239316239	0.996	0.007521367521367521	0.68	0.997
B_plasma	NRG1	35	-0.46803418803418806	0.997	0.007521367521367521	0.5767521367521368	0.997
B_plasma	EZH2	154	-0.47965811965811966	0.997	0.002735042735042735	0.6246153846153846	0.997
B_memory	MBD1	17	0.4386324786324786	0.012	-0.004786324786324786	0.5788034188034188	0.9992844272844272
B_memory	NRF1	90	0.4386324786324786	0.011	0.016752136752136753	0.5302564102564102	0.9992844272844272
B_memory	SCX	13	0.4194871794871795	0.007	-0.0010256410256410256	0.5726495726495726	0.9992844272844272
B_memory	SIX4	8	0.4188034188034188	0.016	0.008547008547008548	0.5343589743589744	0.9992844272844272
B_memory	KMT2B	15	0.41675213675213674	0.016	0.011282051282051283	0.6403418803418803	0.9992844272844272
B_memory	SRSF2	11	0.38666666666666666	0.023	0.0003418803418803419	0.7100854700854701	0.9992844272844272
B_memory	HOXB3	9	0.37504273504273505	0.03	-0.0013675213675213675	0.584957264957265	0.9992844272844272
B_memory	SOX7	6	0.3723076923076923	0.034	0.0071794871794871795	0.5945299145299145	0.9992844272844272
B_memory	BCOR	7	0.3517948717948718	0.04	-0.0003418803418803419	0.5733333333333334	0.9992844272844272
B_memory	CUX1	109	0.334017094017094	0.062	0.00547008547008547	0.6321367521367521	0.9992844272844272
B_memory	TCF15	7	0.3299145299145299	0.048	-0.0003418803418803419	0.5733333333333334	0.9992844272844272
B_memory	ZNF202	7	0.31555555555555553	0.052	-0.0003418803418803419	0.5733333333333334	0.9992844272844272
B_memory	HOXA1	26	0.3135042735042735	0.059	0.013675213675213675	0.5029059829059829	0.9992844272844272
B_memory	RFX1	23	0.31076923076923074	0.058	0.002393162393162393	0.5705982905982906	0.9992844272844272
B_memory	NKX2-1	62	0.30666666666666664	0.075	0.005128205128205128	0.6608547008547009	0.9992844272844272
B_memory	NR1H4	134	0.305982905982906	0.068	-0.0041025641025641026	0.6211965811965812	0.9992844272844272
B_memory	ZBTB18	9	0.305982905982906	0.059	-0.0013675213675213675	0.584957264957265	0.9992844272844272
B_memory	CREBZF	20	0.3018803418803419	0.08	0.002735042735042735	0.5678632478632478	0.9992844272844272
B_memory	HOXB13	13	0.2970940170940171	0.068	-0.0010256410256410256	0.5726495726495726	0.9992844272844272
B_memory	FOXO6	5	0.292991452991453	0.07107107107107107	0.0044444444444444444	0.5924786324786325	0.9992844272844272
B_memory	TCF3	127	0.29162393162393163	0.082	-0.0020512820512820513	0.7196581196581197	0.9992844272844272
B_memory	ZNF143	29	0.28957264957264955	0.069	-0.007863247863247864	0.6	0.9992844272844272
B_memory	TFDP3	6	0.28683760683760684	0.094	0.0071794871794871795	0.5945299145299145	0.9992844272844272
B_memory	HTATIP2	16	0.28	0.103	0.01264957264957265	0.5781196581196582	0.9992844272844272
B_memory	CHD4	6	0.27794871794871795	0.099	0.0071794871794871795	0.5945299145299145	0.9992844272844272
B_memory	TLX1	9	0.27794871794871795	0.08	-0.0013675213675213675	0.584957264957265	0.9992844272844272
B_memory	NKX6-3	6	0.27589743589743587	0.1	0.0071794871794871795	0.5945299145299145	0.9992844272844272
B_memory	AHR	193	0.27316239316239316	0.097	0.0041025641025641026	0.6888888888888889	0.9992844272844272
B_memory	PBX1	61	0.27111111111111114	0.087	-0.003418803418803419	0.612991452991453	0.9992844272844272
B_memory	LHX3	13	0.26974358974358975	0.088	-0.0010256410256410256	0.5726495726495726	0.9992844272844272
B_memory	NFATC1	122	0.26564102564102565	0.112	0.011965811965811967	0.7292307692307692	0.9992844272844272
B_memory	NOTCH1	67	0.25811965811965815	0.118	0.006495726495726496	0.5931623931623932	0.9992844272844272
B_memory	SMARCC1	8	0.25606837606837607	0.108	0.008547008547008548	0.5343589743589744	0.9992844272844272
B_memory	NFYA	92	0.2547008547008547	0.114	-0.012307692307692308	0.6006837606837607	0.9992844272844272
B_memory	SMAD4	142	0.254017094017094	0.106	-0.00547008547008547	0.5726495726495726	0.9992844272844272
B_memory	FOXA1	70	0.2512820512820513	0.107	-0.0037606837606837607	0.5186324786324786	0.9992844272844272
B_memory	SALL3	10	0.24991452991452992	0.102	0.004786324786324786	0.5911111111111111	0.9992844272844272
B_memory	GTF3A	26	0.24854700854700854	0.12	0.013675213675213675	0.5029059829059829	0.9992844272844272
B_memory	DNMT3B	70	0.24444444444444444	0.116	-0.0037606837606837607	0.5186324786324786	0.9992844272844272
B_memory	NEUROG1	16	0.24444444444444444	0.137	0.01264957264957265	0.5781196581196582	0.9992844272844272
B_memory	ESRRG	25	0.24170940170940172	0.127	0.006153846153846154	0.6854700854700855	0.9992844272844272
B_memory	RORA	86	0.23897435897435898	0.121	0.00888888888888889	0.5617094017094018	0.9992844272844272
B_memory	POU3F2	29	0.23692307692307693	0.124	-0.007863247863247864	0.6	0.9992844272844272
B_memory	CRX	31	0.23623931623931624	0.13	0.0071794871794871795	0.625982905982906	0.9992844272844272
B_memory	ATOH7	11	0.23213675213675214	0.139	0.0003418803418803419	0.7100854700854701	0.9992844272844272
B_memory	HOXC8	14	0.2294017094017094	0.131	0.006153846153846154	0.6458119658119658	0.9992844272844272
B_memory	ZHX2	10	0.2287179487179487	0.124	0.004786324786324786	0.5911111111111111	0.9992844272844272
B_memory	MZF1	23	0.225982905982906	0.139	0.002393162393162393	0.5705982905982906	0.9992844272844272
B_memory	HOXD10	5	0.2246153846153846	0.12612612612612611	0.0044444444444444444	0.5924786324786325	0.9992844272844272
B_memory	PIN1	6	0.22393162393162394	0.161	0.0071794871794871795	0.5945299145299145	0.9992844272844272
B_memory	THRA	83	0.22256410256410256	0.154	0.0041025641025641026	0.5774358974358974	0.9992844272844272
B_memory	MYOCD	8	0.2211965811965812	0.146	0.008547008547008548	0.5343589743589744	0.9992844272844272
B_memory	MKX	7	0.21914529914529915	0.129	-0.0003418803418803419	0.5733333333333334	0.9992844272844272
B_memory	NFYB	40	0.21846153846153846	0.174	0.012307692307692308	0.6184615384615385	0.9992844272844272
B_memory	NONO	20	0.21777777777777776	0.152	0.002735042735042735	0.5678632478632478	0.9992844272844272
B_memory	PDX1	85	0.212991452991453	0.133	-0.004786324786324786	0.5514529914529914	0.9992844272844272
B_memory	HDAC3	27	0.20752136752136752	0.163	0.01811965811965812	0.6013675213675214	0.9992844272844272
B_memory	SALL4	20	0.20752136752136752	0.167	0.002735042735042735	0.5678632478632478	0.9992844272844272
B_memory	PPARGC1B	5	0.20615384615384616	0.14214214214214213	0.0044444444444444444	0.5924786324786325	0.9992844272844272
B_memory	MXI1	8	0.20478632478632477	0.165	0.008547008547008548	0.5343589743589744	0.9992844272844272
B_memory	PBX2	11	0.2041025641025641	0.165	0.0003418803418803419	0.7100854700854701	0.9992844272844272
B_memory	TFDP2	5	0.20205128205128206	0.14414414414414414	0.0044444444444444444	0.5924786324786325	0.9992844272844272
B_memory	IKZF1	52	0.20068376068376068	0.165	0.003076923076923077	0.5316239316239316	0.9992844272844272
B_memory	LHX1	6	0.20068376068376068	0.186	0.0071794871794871795	0.5945299145299145	0.9992844272844272
B_memory	TBX18	13	0.19931623931623932	0.176	-0.0010256410256410256	0.5726495726495726	0.9992844272844272
B_memory	OLIG2	19	0.19863247863247863	0.174	0.012991452991452993	0.545982905982906	0.9992844272844272
B_memory	SHOX2	7	0.19794871794871796	0.155	-0.0003418803418803419	0.5733333333333334	0.9992844272844272
B_memory	MTF1	32	0.19521367521367522	0.189	0.009572649572649573	0.5712820512820512	0.9992844272844272
B_memory	FOXL2	26	0.19452991452991453	0.182	0.013675213675213675	0.5029059829059829	0.9992844272844272
B_memory	AHRR	5	0.19316239316239317	0.16216216216216217	0.0044444444444444444	0.5924786324786325	0.9992844272844272
B_memory	PLAGL2	8	0.19179487179487179	0.177	0.008547008547008548	0.5343589743589744	0.9992844272844272
B_memory	STAT4	31	0.19111111111111112	0.178	0.0071794871794871795	0.625982905982906	0.9992844272844272
B_memory	ARX	27	0.18974358974358974	0.191	0.01811965811965812	0.6013675213675214	0.9992844272844272
B_memory	BACH1	16	0.18905982905982907	0.197	0.01264957264957265	0.5781196581196582	0.9992844272844272
B_memory	ZNF436	7	0.18905982905982907	0.165	-0.0003418803418803419	0.5733333333333334	0.9992844272844272
B_memory	KLF3	14	0.18837606837606838	0.186	0.006153846153846154	0.6458119658119658	0.9992844272844272
B_memory	PRDM1	66	0.18837606837606838	0.17	-0.0010256410256410256	0.6191452991452991	0.9992844272844272
B_memory	HOXC13	7	0.18769230769230769	0.166	-0.0003418803418803419	0.5733333333333334	0.9992844272844272
B_memory	ARID1B	5	0.18495726495726494	0.17517517517517517	0.0044444444444444444	0.5924786324786325	0.9992844272844272
B_memory	ZBTB32	5	0.18495726495726494	0.17517517517517517	0.0044444444444444444	0.5924786324786325	0.9992844272844272
B_memory	ZNF236	14	0.18427350427350428	0.192	0.006153846153846154	0.6458119658119658	0.9992844272844272
B_memory	NFAT5	51	0.1835897435897436	0.2	0.015726495726495725	0.5117948717948718	0.9992844272844272
B_memory	ZNF382	11	0.18222222222222223	0.19	0.0003418803418803419	0.7100854700854701	0.9992844272844272
B_memory	SP7	45	0.18017094017094018	0.206	0.012307692307692308	0.5131623931623932	0.9992844272844272
B_memory	KDM5D	6	0.17743589743589744	0.222	0.0071794871794871795	0.5945299145299145	0.9992844272844272
B_memory	ATF7	8	0.17675213675213675	0.198	0.008547008547008548	0.5343589743589744	0.9992844272844272
B_memory	MYCN	138	0.17675213675213675	0.2	0.00888888888888889	0.6417094017094017	0.9992844272844272
B_memory	ATOH1	14	0.17606837606837608	0.203	0.006153846153846154	0.6458119658119658	0.9992844272844272
B_memory	NR2F1	67	0.17606837606837608	0.214	0.006495726495726496	0.5931623931623932	0.9992844272844272
B_memory	NR2E3	15	0.1753846153846154	0.222	0.011282051282051283	0.6403418803418803	0.9992844272844272
B_memory	IRF8	68	0.1747008547008547	0.216	0.009572649572649573	0.6758974358974359	0.9992844272844272
B_memory	BRD4	11	0.174017094017094	0.2	0.0003418803418803419	0.7100854700854701	0.9992844272844272
B_memory	PIAS1	6	0.17196581196581195	0.228	0.0071794871794871795	0.5945299145299145	0.9992844272844272
B_memory	MBD2	89	0.1712820512820513	0.201	-0.0071794871794871795	0.5842735042735042	0.9992844272844272
B_memory	HEY2	19	0.1705982905982906	0.215	0.012991452991452993	0.545982905982906	0.9992844272844272
B_memory	NANOG	57	0.1705982905982906	0.234	0.016752136752136753	0.6136752136752137	0.9992844272844272
B_memory	FOXF1	8	0.1699145299145299	0.21	0.008547008547008548	0.5343589743589744	0.9992844272844272
B_memory	NFE2L1	8	0.1671794871794872	0.212	0.008547008547008548	0.5343589743589744	0.9992844272844272
B_memory	RFX3	6	0.1664957264957265	0.238	0.0071794871794871795	0.5945299145299145	0.9992844272844272
B_memory	PATZ1	12	0.1617094017094017	0.232	0.01435897435897436	0.5446153846153846	0.9992844272844272
B_memory	E2F4	163	0.16102564102564101	0.193	-0.017094017094017096	0.6923076923076923	0.9992844272844272
B_memory	SATB1	44	0.16102564102564101	0.221	0.003418803418803419	0.5658119658119658	0.9992844272844272
B_memory	MYBL2	50	0.16034188034188035	0.235	0.003076923076923077	0.5446153846153846	0.9992844272844272
B_memory	ELF5	11	0.15965811965811966	0.22	0.0003418803418803419	0.7100854700854701	0.9992844272844272
B_memory	PRDM2	11	0.1582905982905983	0.222	0.0003418803418803419	0.7100854700854701	0.9992844272844272
B_memory	ZNF354C	28	0.1582905982905983	0.227	0.003076923076923077	0.7305982905982906	0.9992844272844272
B_memory	NFIA	60	0.15555555555555556	0.224	0.00547008547008547	0.5794871794871795	0.9992844272844272
B_memory	ONECUT1	34	0.15555555555555556	0.255	0.010256410256410258	0.6095726495726496	0.9992844272844272
B_memory	SF1	12	0.15555555555555556	0.242	0.01435897435897436	0.5446153846153846	0.9992844272844272
B_memory	ZNF395	7	0.15008547008547007	0.225	-0.0003418803418803419	0.5733333333333334	0.9992844272844272
B_memory	SOX11	12	0.1494017094017094	0.25	0.01435897435897436	0.5446153846153846	0.9992844272844272
B_memory	ZNF24	5	0.14735042735042736	0.23223223223223224	0.0044444444444444444	0.5924786324786325	0.9992844272844272
B_memory	KLF12	11	0.14598290598290597	0.235	0.0003418803418803419	0.7100854700854701	0.9992844272844272
B_memory	DLX1	10	0.1452991452991453	0.228	0.004786324786324786	0.5911111111111111	0.9992844272844272
B_memory	DLX4	42	0.14393162393162393	0.226	-0.004786324786324786	0.6252991452991453	0.9992844272844272
B_memory	PHF5A	6	0.14393162393162393	0.274	0.0071794871794871795	0.5945299145299145	0.9992844272844272
B_memory	IRX4	5	0.14324786324786326	0.23823823823823823	0.0044444444444444444	0.5924786324786325	0.9992844272844272
B_memory	FOXA3	14	0.14119658119658118	0.249	0.006153846153846154	0.6458119658119658	0.9992844272844272
B_memory	MAF	64	0.14119658119658118	0.247	-0.002735042735042735	0.5241025641025641	0.9992844272844272
B_memory	EP300	74	0.13641025641025642	0.227	-0.0044444444444444444	0.6348717948717949	0.9992844272844272
B_memory	TFDP1	31	0.13572649572649573	0.272	0.0071794871794871795	0.625982905982906	0.9992844272844272
B_memory	HMGA1	72	0.13435897435897437	0.236	-0.009230769230769232	0.5658119658119658	0.9992844272844272
B_memory	KDM2A	10	0.13299145299145299	0.25	0.004786324786324786	0.5911111111111111	0.9992844272844272
B_memory	STAT2	49	0.13230769230769232	0.263	-0.0020512820512820513	0.5965811965811966	0.9992844272844272
B_memory	GLI2	149	0.13094017094017094	0.276	0.0013675213675213675	0.5637606837606838	0.9992844272844272
B_memory	HIVEP1	10	0.13025641025641024	0.255	0.004786324786324786	0.5911111111111111	0.9992844272844272
B_memory	MAFG	8	0.13025641025641024	0.261	0.008547008547008548	0.5343589743589744	0.9992844272844272
B_memory	NRL	18	0.12957264957264958	0.313	0.014017094017094018	0.6088888888888889	0.9992844272844272
B_memory	TBX21	52	0.1282051282051282	0.278	0.003076923076923077	0.5316239316239316	0.9992844272844272
B_memory	ASCL1	69	0.12752136752136753	0.289	0.00547008547008547	0.625982905982906	0.9992844272844272
B_memory	IRF9	27	0.12615384615384614	0.297	0.01811965811965812	0.6013675213675214	0.9992844272844272
B_memory	MIXL1	5	0.12615384615384614	0.26626626626626626	0.0044444444444444444	0.5924786324786325	0.9992844272844272
B_memory	HDAC5	10	0.12341880341880342	0.263	0.004786324786324786	0.5911111111111111	0.9992844272844272
B_memory	NFATC2	93	0.12273504273504274	0.275	-0.005811965811965812	0.6936752136752137	0.9992844272844272
B_memory	NR5A1	107	0.12205128205128205	0.307	0.017094017094017096	0.6136752136752137	0.9992844272844272
B_memory	GTF2IRD1	6	0.12136752136752137	0.315	0.0071794871794871795	0.5945299145299145	0.9992844272844272
B_memory	ETV3	11	0.12068376068376069	0.271	0.0003418803418803419	0.7100854700854701	0.9992844272844272
B_memory	NFYC	23	0.12068376068376069	0.286	0.002393162393162393	0.5705982905982906	0.9992844272844272
B_memory	ZEB2	29	0.12	0.276	-0.007863247863247864	0.6	0.9992844272844272
B_memory	SON	7	0.11863247863247864	0.283	-0.0003418803418803419	0.5733333333333334	0.9992844272844272
B_memory	GTF2I	22	0.11658119658119658	0.308	0.011623931623931626	0.6300854700854701	0.9992844272844272
B_memory	CTCFL	11	0.1158974358974359	0.278	0.0003418803418803419	0.7100854700854701	0.9992844272844272
B_memory	TFCP2	73	0.1158974358974359	0.301	-0.002735042735042735	0.6088888888888889	0.9992844272844272
B_memory	FOXP1	32	0.11521367521367522	0.299	0.009572649572649573	0.5712820512820512	0.9992844272844272
B_memory	MAFA	22	0.11521367521367522	0.314	0.011623931623931626	0.6300854700854701	0.9992844272844272
B_memory	POU2F3	9	0.11452991452991453	0.28	-0.0013675213675213675	0.584957264957265	0.9992844272844272
B_memory	SRY	41	0.11452991452991453	0.316	0.012307692307692308	0.587008547008547	0.9992844272844272
B_memory	FOXE1	8	0.11384615384615385	0.294	0.008547008547008548	0.5343589743589744	0.9992844272844272
B_memory	MSX2	47	0.11384615384615385	0.31	-0.0020512820512820513	0.6991452991452991	0.9992844272844272
B_memory	GABPA	48	0.1117948717948718	0.341	0.01982905982905983	0.5753846153846154	0.9992844272844272
B_memory	STAT1	301	0.10974358974358975	0.31	-0.0020512820512820513	0.6054700854700855	0.9992844272844272
B_memory	TWIST1	78	0.10905982905982906	0.327	0.011965811965811967	0.6123076923076923	0.9992844272844272
B_memory	KLF2	66	0.10837606837606838	0.29	-0.0010256410256410256	0.6191452991452991	0.9992844272844272
B_memory	DNMT3A	60	0.10427350427350428	0.297	0.00547008547008547	0.5794871794871795	0.9992844272844272
B_memory	MSC	29	0.10427350427350428	0.295	-0.007863247863247864	0.6	0.9992844272844272
B_memory	ZNF219	5	0.10427350427350428	0.3103103103103103	0.0044444444444444444	0.5924786324786325	0.9992844272844272
B_memory	HEY1	32	0.10358974358974359	0.32	0.009572649572649573	0.5712820512820512	0.9992844272844272
B_memory	ESRRA	48	0.1029059829059829	0.354	0.01982905982905983	0.5753846153846154	0.9992844272844272
B_memory	STAT5A	210	0.1029059829059829	0.307	0.007863247863247864	0.7394871794871795	0.9992844272844272
B_memory	EOMES	26	0.10017094017094016	0.341	0.013675213675213675	0.5029059829059829	0.9992844272844272
B_memory	SREBF2	70	0.10017094017094016	0.307	-0.0037606837606837607	0.5186324786324786	0.9992844272844272
B_memory	PA2G4	5	0.09948717948717949	0.3233233233233233	0.0044444444444444444	0.5924786324786325	0.9992844272844272
B_memory	HLX	17	0.09811965811965812	0.307	-0.004786324786324786	0.5788034188034188	0.9992844272844272
B_memory	HOXA5	16	0.09811965811965812	0.327	0.01264957264957265	0.5781196581196582	0.9992844272844272
B_memory	TBP	162	0.09811965811965812	0.314	0.0003418803418803419	0.587008547008547	0.9992844272844272
B_memory	EPAS1	91	0.09743589743589744	0.345	0.017777777777777778	0.556923076923077	0.9992844272844272
B_memory	CEBPA	232	0.09675213675213676	0.327	0.0017094017094017094	0.5712820512820512	0.9992844272844272
B_memory	EGR4	15	0.09675213675213676	0.344	0.011282051282051283	0.6403418803418803	0.9992844272844272
B_memory	NKX2-5	72	0.09401709401709402	0.302	-0.009230769230769232	0.5658119658119658	0.9992844272844272
B_memory	HEYL	6	0.09333333333333334	0.365	0.0071794871794871795	0.5945299145299145	0.9992844272844272
B_memory	CREB3L3	8	0.09264957264957265	0.33	0.008547008547008548	0.5343589743589744	0.9992844272844272
B_memory	ATF6	56	0.09128205128205129	0.354	0.011282051282051283	0.5774358974358974	0.9992844272844272
B_memory	NR1I2	228	0.09128205128205129	0.348	0.015042735042735043	0.708034188034188	0.9992844272844272
B_memory	POU1F1	56	0.09128205128205129	0.354	0.011282051282051283	0.5774358974358974	0.9992844272844272
B_memory	TBX5	25	0.08854700854700855	0.354	0.006153846153846154	0.6854700854700855	0.9992844272844272
B_memory	TLX3	6	0.0864957264957265	0.37	0.0071794871794871795	0.5945299145299145	0.9992844272844272
B_memory	HOXD4	5	0.08444444444444445	0.35035035035035034	0.0044444444444444444	0.5924786324786325	0.9992844272844272
B_memory	NHLH1	5	0.08444444444444445	0.35035035035035034	0.0044444444444444444	0.5924786324786325	0.9992844272844272
B_memory	ERG	57	0.0823931623931624	0.37	0.016752136752136753	0.6136752136752137	0.9992844272844272
B_memory	KLF11	27	0.0823931623931624	0.377	0.01811965811965812	0.6013675213675214	0.9992844272844272
B_memory	ZKSCAN7	14	0.08102564102564103	0.35	0.006153846153846154	0.6458119658119658	0.9992844272844272
B_memory	IKZF2	5	0.08034188034188035	0.35435435435435436	0.0044444444444444444	0.5924786324786325	0.9992844272844272
B_memory	RB1	32	0.08034188034188035	0.369	0.009572649572649573	0.5712820512820512	0.9992844272844272
B_memory	MNT	10	0.07965811965811966	0.349	0.004786324786324786	0.5911111111111111	0.9992844272844272
B_memory	NR1H3	135	0.07965811965811966	0.358	0.008547008547008548	0.6485470085470085	0.9992844272844272
B_memory	CTCF	142	0.07897435897435898	0.335	-0.00547008547008547	0.5726495726495726	0.9992844272844272
B_memory	ELF2	11	0.07897435897435898	0.346	0.0003418803418803419	0.7100854700854701	0.9992844272844272
B_memory	IRF4	59	0.07829059829059828	0.353	0.0071794871794871795	0.602051282051282	0.9992844272844272
B_memory	NCOA2	62	0.07692307692307693	0.366	0.005128205128205128	0.6608547008547009	0.9992844272844272
B_memory	GSC	14	0.07623931623931623	0.362	0.006153846153846154	0.6458119658119658	0.9992844272844272
B_memory	MTA2	6	0.07555555555555556	0.389	0.0071794871794871795	0.5945299145299145	0.9992844272844272
B_memory	PAX2	25	0.07418803418803419	0.38	0.006153846153846154	0.6854700854700855	0.9992844272844272
B_memory	NFE2L3	7	0.0735042735042735	0.368	-0.0003418803418803419	0.5733333333333334	0.9992844272844272
B_memory	MED1	16	0.07213675213675214	0.392	0.01264957264957265	0.5781196581196582	0.9992844272844272
B_memory	ARID4B	12	0.07145299145299146	0.385	0.01435897435897436	0.5446153846153846	0.9992844272844272
B_memory	ZBTB38	5	0.07145299145299146	0.36936936936936937	0.0044444444444444444	0.5924786324786325	0.9992844272844272
B_memory	PITX1	39	0.07076923076923076	0.353	0.003418803418803419	0.6505982905982906	0.9992844272844272
B_memory	IKZF3	6	0.07008547008547009	0.399	0.0071794871794871795	0.5945299145299145	0.9992844272844272
B_memory	PPARD	100	0.06940170940170941	0.391	0.0071794871794871795	0.6813675213675213	0.9992844272844272
B_memory	ETS2	111	0.06871794871794872	0.378	0.0006837606837606838	0.5747008547008547	0.9992844272844272
B_memory	NEUROG2	25	0.06735042735042734	0.394	0.006153846153846154	0.6854700854700855	0.9992844272844272
B_memory	MYB	179	0.06666666666666667	0.396	0.0013675213675213675	0.5993162393162393	0.9992844272844272
B_memory	TCF12	51	0.06598290598290599	0.405	0.015726495726495725	0.5117948717948718	0.9992844272844272
B_memory	MECOM	19	0.0652991452991453	0.398	0.012991452991452993	0.545982905982906	0.9992844272844272
B_memory	PEG3	8	0.0652991452991453	0.379	0.008547008547008548	0.5343589743589744	0.9992844272844272
B_memory	PHF20	10	0.0652991452991453	0.369	0.004786324786324786	0.5911111111111111	0.9992844272844272
B_memory	SIN3A	12	0.0652991452991453	0.395	0.01435897435897436	0.5446153846153846	0.9992844272844272
B_memory	HOXD8	5	0.06393162393162394	0.38038038038038036	0.0044444444444444444	0.5924786324786325	0.9992844272844272
B_memory	ZNF148	29	0.06393162393162394	0.361	-0.007863247863247864	0.6	0.9992844272844272
B_memory	FGF2	10	0.06324786324786325	0.373	0.004786324786324786	0.5911111111111111	0.9992844272844272
B_memory	ZNF331	17	0.06324786324786325	0.38	-0.004786324786324786	0.5788034188034188	0.9992844272844272
B_memory	BARX2	15	0.06256410256410257	0.413	0.011282051282051283	0.6403418803418803	0.9992844272844272
B_memory	KAT6A	12	0.06188034188034188	0.402	0.01435897435897436	0.5446153846153846	0.9992844272844272
B_memory	FEZF2	8	0.06051282051282051	0.388	0.008547008547008548	0.5343589743589744	0.9992844272844272
B_memory	SMAD5	35	0.05982905982905983	0.41	0.004786324786324786	0.6123076923076923	0.9992844272844272
B_memory	DNMT1	184	0.059145299145299146	0.404	0.00547008547008547	0.6547008547008547	0.9992844272844272
B_memory	RBPJ	155	0.057777777777777775	0.392	0.003076923076923077	0.5035897435897436	0.9992844272844272
B_memory	NFE2	22	0.0570940170940171	0.42	0.011623931623931626	0.6300854700854701	0.9992844272844272
B_memory	NR2F2	79	0.053675213675213676	0.425	0.014017094017094018	0.5364102564102564	0.9992844272844272
B_memory	SMAD2	107	0.053675213675213676	0.43	0.017094017094017096	0.6136752136752137	0.9992844272844272
B_memory	MTA3	12	0.05299145299145299	0.422	0.01435897435897436	0.5446153846153846	0.9992844272844272
B_memory	NCOA3	73	0.04957264957264957	0.409	-0.002735042735042735	0.6088888888888889	0.9992844272844272
B_memory	HIVEP2	11	0.048205128205128206	0.413	0.0003418803418803419	0.7100854700854701	0.9992844272844272
B_memory	ZBED1	20	0.04752136752136752	0.429	0.002735042735042735	0.5678632478632478	0.9992844272844272
B_memory	CIITA	30	0.046153846153846156	0.434	0.01264957264957265	0.6075213675213675	0.9992844272844272
B_memory	DLX5	37	0.046153846153846156	0.405	-0.007521367521367521	0.6341880341880342	0.9992844272844272
B_memory	ZNF91	49	0.046153846153846156	0.411	-0.0020512820512820513	0.5965811965811966	0.9992844272844272
B_memory	RORC	21	0.044786324786324785	0.433	0.0105982905982906	0.5535042735042736	0.9992844272844272
B_memory	FOSB	38	0.0441025641025641	0.443	0.014017094017094018	0.5774358974358974	0.9992844272844272
B_memory	NCOA1	90	0.042735042735042736	0.443	0.016752136752136753	0.5302564102564102	0.9992844272844272
B_memory	HLF	18	0.041367521367521365	0.449	0.014017094017094018	0.6088888888888889	0.9992844272844272
B_memory	CDX2	77	0.040683760683760686	0.426	0.0003418803418803419	0.6300854700854701	0.9992844272844272
B_memory	MYBL1	12	0.04	0.446	0.01435897435897436	0.5446153846153846	0.9992844272844272
B_memory	SMAD3	189	0.04	0.43	-0.004786324786324786	0.6232478632478633	0.9992844272844272
B_memory	TWIST2	34	0.039316239316239315	0.452	0.010256410256410258	0.6095726495726496	0.9992844272844272
B_memory	BCL11A	15	0.03863247863247863	0.462	0.011282051282051283	0.6403418803418803	0.9992844272844272
B_memory	JARID2	16	0.03863247863247863	0.454	0.01264957264957265	0.5781196581196582	0.9992844272844272
B_memory	NR5A2	64	0.03863247863247863	0.427	-0.002735042735042735	0.5241025641025641	0.9992844272844272
B_memory	PAX8	33	0.03658119658119658	0.465	0.02017094017094017	0.6355555555555555	0.9992844272844272
B_memory	GATA3	190	0.035213675213675216	0.444	0.0071794871794871795	0.6362393162393163	0.9992844272844272
B_memory	CXXC1	21	0.03452991452991453	0.443	0.0105982905982906	0.5535042735042736	0.9992844272844272
B_memory	MYC	873	0.03452991452991453	0.428	-0.003076923076923077	0.5555555555555556	0.9992844272844272
B_memory	ZNF160	7	0.03316239316239316	0.438	-0.0003418803418803419	0.5733333333333334	0.9992844272844272
B_memory	AIP	6	0.03111111111111111	0.458	0.0071794871794871795	0.5945299145299145	0.9992844272844272
B_memory	HAND1	14	0.03111111111111111	0.452	0.006153846153846154	0.6458119658119658	0.9992844272844272
B_memory	SMAD7	66	0.030427350427350428	0.438	-0.0010256410256410256	0.6191452991452991	0.9992844272844272
B_memory	KDM5B	36	0.02905982905982906	0.455	0.008547008547008548	0.6041025641025641	0.9992844272844272
B_memory	HCFC1	8	0.028376068376068375	0.464	0.008547008547008548	0.5343589743589744	0.9992844272844272
B_memory	NHLH2	6	0.027692307692307693	0.463	0.0071794871794871795	0.5945299145299145	0.9992844272844272
B_memory	SPIC	10	0.027692307692307693	0.453	0.004786324786324786	0.5911111111111111	0.9992844272844272
B_memory	EHF	13	0.027008547008547008	0.442	-0.0010256410256410256	0.5726495726495726	0.9992844272844272
B_memory	E2F5	12	0.026324786324786326	0.476	0.01435897435897436	0.5446153846153846	0.9992844272844272
B_memory	LMO2	29	0.02564102564102564	0.438	-0.007863247863247864	0.6	0.9992844272844272
B_memory	SOX4	23	0.024957264957264958	0.446	0.002393162393162393	0.5705982905982906	0.9992844272844272
B_memory	CREB3L1	11	0.02358974358974359	0.461	0.0003418803418803419	0.7100854700854701	0.9992844272844272
B_memory	LRRFIP1	17	0.02358974358974359	0.456	-0.004786324786324786	0.5788034188034188	0.9992844272844272
B_memory	PAX6	165	0.02358974358974359	0.461	0.0041025641025641026	0.5842735042735042	0.9992844272844272
B_memory	ARID5B	9	0.022222222222222223	0.459	-0.0013675213675213675	0.584957264957265	0.9992844272844272
B_memory	FOXP3	52	0.02017094017094017	0.47	0.003076923076923077	0.5316239316239316	0.9992844272844272
B_memory	POU2F2	48	0.019487179487179488	0.503	0.01982905982905983	0.5753846153846154	0.9992844272844272
B_memory	FOXN1	55	0.015384615384615385	0.494	0.013675213675213675	0.6177777777777778	0.9992844272844272
B_memory	NFKBIZ	8	0.014017094017094018	0.494	0.008547008547008548	0.5343589743589744	0.9992844272844272
B_memory	EBF1	33	0.01264957264957265	0.51	0.02017094017094017	0.6355555555555555	0.9992844272844272
B_memory	NR1D2	6	0.01264957264957265	0.487	0.0071794871794871795	0.5945299145299145	0.9992844272844272
B_memory	ZNF263	10	0.01264957264957265	0.486	0.004786324786324786	0.5911111111111111	0.9992844272844272
B_memory	PKNOX1	20	0.011965811965811967	0.485	0.002735042735042735	0.5678632478632478	0.9992844272844272
B_memory	ZNF410	6	0.011965811965811967	0.487	0.0071794871794871795	0.5945299145299145	0.9992844272844272
B_memory	HOXB7	23	0.0105982905982906	0.483	0.002393162393162393	0.5705982905982906	0.9992844272844272
B_memory	HOXA7	13	0.009230769230769232	0.478	-0.0010256410256410256	0.5726495726495726	0.9992844272844272
B_memory	RCOR2	16	0.009230769230769232	0.511	0.01264957264957265	0.5781196581196582	0.9992844272844272
B_memory	GRHL2	9	0.0071794871794871795	0.481	-0.0013675213675213675	0.584957264957265	0.9992844272844272
B_memory	NPM1	12	0.0071794871794871795	0.515	0.01435897435897436	0.5446153846153846	0.9992844272844272
B_memory	TBX20	7	0.0071794871794871795	0.483	-0.0003418803418803419	0.5733333333333334	0.9992844272844272
B_memory	ZBTB7B	15	0.006495726495726496	0.505	0.011282051282051283	0.6403418803418803	0.9992844272844272
B_memory	AEBP1	5	0.005811965811965812	0.4964964964964965	0.0044444444444444444	0.5924786324786325	0.9992844272844272
B_memory	ENO1	19	0.005128205128205128	0.519	0.012991452991452993	0.545982905982906	0.9992844272844272
B_memory	MNX1	5	0.0037606837606837607	0.5045045045045045	0.0044444444444444444	0.5924786324786325	0.9992844272844272
B_memory	SP2	23	0.0037606837606837607	0.498	0.002393162393162393	0.5705982905982906	0.9992844272844272
B_memory	HHEX	28	0.003076923076923077	0.501	0.003076923076923077	0.7305982905982906	0.9992844272844272
B_memory	KLF4	128	0.003076923076923077	0.502	0.003418803418803419	0.5487179487179488	0.9992844272844272
B_memory	TRIM28	6	0.003076923076923077	0.508	0.0071794871794871795	0.5945299145299145	0.9992844272844272
B_memory	CREB5	12	0.002393162393162393	0.527	0.01435897435897436	0.5446153846153846	0.9992844272844272
B_memory	HNF4G	11	0.002393162393162393	0.496	0.0003418803418803419	0.7100854700854701	0.9992844272844272
B_memory	STAT5B	103	0.002393162393162393	0.511	0.009230769230769232	0.6423931623931624	0.9992844272844272
B_memory	NFATC4	41	0.0010256410256410256	0.517	0.012307692307692308	0.587008547008547	0.9992844272844272
B_memory	TRPS1	16	0.0003418803418803419	0.522	0.01264957264957265	0.5781196581196582	0.9992844272844272
B_memory	ELK1	61	-0.0003418803418803419	0.495	-0.003418803418803419	0.612991452991453	0.9992844272844272
B_memory	SP6	5	-0.0010256410256410256	0.5105105105105106	0.0044444444444444444	0.5924786324786325	0.9992844272844272
B_memory	ZNF699	55	-0.0010256410256410256	0.517	0.013675213675213675	0.6177777777777778	0.9992844272844272
B_memory	SMARCA1	52	-0.0017094017094017094	0.512	0.003076923076923077	0.5316239316239316	0.9992844272844272
B_memory	NR4A1	109	-0.002393162393162393	0.515	0.00547008547008547	0.6321367521367521	0.9992844272844272
B_memory	KLF8	21	-0.003076923076923077	0.528	0.0105982905982906	0.5535042735042736	0.9992844272844272
B_memory	IRF1	165	-0.0037606837606837607	0.521	0.0041025641025641026	0.5842735042735042	0.9992844272844272
B_memory	TCF21	16	-0.0037606837606837607	0.533	0.01264957264957265	0.5781196581196582	0.9992844272844272
B_memory	GATA6	86	-0.005811965811965812	0.525	0.00888888888888889	0.5617094017094018	0.9992844272844272
B_memory	POU4F2	34	-0.005811965811965812	0.524	0.010256410256410258	0.6095726495726496	0.9992844272844272
B_memory	ID1	76	-0.007863247863247864	0.517	0.0020512820512820513	0.5548717948717948	0.9992844272844272
B_memory	OTX2	42	-0.009230769230769232	0.507	-0.004786324786324786	0.6252991452991453	0.9992844272844272
B_memory	HOXA10	49	-0.009914529914529915	0.511	-0.0020512820512820513	0.5965811965811966	0.9992844272844272
B_memory	PAX4	9	-0.009914529914529915	0.518	-0.0013675213675213675	0.584957264957265	0.9992844272844272
B_memory	POU2AF1	5	-0.009914529914529915	0.5255255255255256	0.0044444444444444444	0.5924786324786325	0.9992844272844272
B_memory	DMRT1	8	-0.01264957264957265	0.543	0.008547008547008548	0.5343589743589744	0.9992844272844272
B_memory	HNF1A	151	-0.014017094017094018	0.52	0.002735042735042735	0.6991452991452991	0.9992844272844272
B_memory	ZGLP1	26	-0.014017094017094018	0.546	0.013675213675213675	0.5029059829059829	0.9992844272844272
B_memory	TBX6	10	-0.014700854700854702	0.538	0.004786324786324786	0.5911111111111111	0.9992844272844272
B_memory	GFI1B	12	-0.015384615384615385	0.556	0.01435897435897436	0.5446153846153846	0.9992844272844272
B_memory	MESP2	8	-0.017435897435897435	0.553	0.008547008547008548	0.5343589743589744	0.9992844272844272
B_memory	NEUROG3	35	-0.01811965811965812	0.535	0.004786324786324786	0.6123076923076923	0.9992844272844272
B_memory	HOXA9	39	-0.019487179487179488	0.553	0.003418803418803419	0.6505982905982906	0.9992844272844272
B_memory	TSC22D1	7	-0.019487179487179488	0.531	-0.0003418803418803419	0.5733333333333334	0.9992844272844272
B_memory	ETV2	8	-0.020854700854700856	0.561	0.008547008547008548	0.5343589743589744	0.9992844272844272
B_memory	HIVEP3	6	-0.022222222222222223	0.548	0.0071794871794871795	0.5945299145299145	0.9992844272844272
B_memory	CREM	87	-0.022905982905982905	0.557	0.011282051282051283	0.5788034188034188	0.9992844272844272
B_memory	NKX6-1	19	-0.022905982905982905	0.568	0.012991452991452993	0.545982905982906	0.9992844272844272
B_memory	RXRA	110	-0.022905982905982905	0.548	0.002393162393162393	0.6034188034188034	0.9992844272844272
B_memory	DBP	35	-0.02358974358974359	0.54	0.004786324786324786	0.6123076923076923	0.9992844272844272
B_memory	RUNX2	127	-0.024273504273504273	0.543	-0.0020512820512820513	0.7196581196581197	0.9992844272844272
B_memory	FOXC1	19	-0.024957264957264958	0.571	0.012991452991452993	0.545982905982906	0.9992844272844272
B_memory	HIC1	21	-0.026324786324786326	0.567	0.0105982905982906	0.5535042735042736	0.9992844272844272
B_memory	KLF17	5	-0.026324786324786326	0.5485485485485485	0.0044444444444444444	0.5924786324786325	0.9992844272844272
B_memory	ZNF384	25	-0.026324786324786326	0.569	0.006153846153846154	0.6854700854700855	0.9992844272844272
B_memory	BACH2	8	-0.027692307692307693	0.579	0.008547008547008548	0.5343589743589744	0.9992844272844272
B_memory	HOPX	8	-0.027692307692307693	0.579	0.008547008547008548	0.5343589743589744	0.9992844272844272
B_memory	CEBPD	95	-0.028376068376068375	0.574	0.009572649572649573	0.5364102564102564	0.9992844272844272
B_memory	FOXD1	6	-0.02905982905982906	0.559	0.0071794871794871795	0.5945299145299145	0.9992844272844272
B_memory	TBX10	5	-0.030427350427350428	0.5515515515515516	0.0044444444444444444	0.5924786324786325	0.9992844272844272
B_memory	HOXD1	6	-0.03111111111111111	0.563	0.0071794871794871795	0.5945299145299145	0.9992844272844272
B_memory	PREB	23	-0.03111111111111111	0.552	0.002393162393162393	0.5705982905982906	0.9992844272844272
B_memory	ZFP64	5	-0.031794871794871796	0.5535535535535535	0.0044444444444444444	0.5924786324786325	0.9992844272844272
B_memory	E2F7	7	-0.03247863247863248	0.558	-0.0003418803418803419	0.5733333333333334	0.9992844272844272
B_memory	RREB1	10	-0.03247863247863248	0.58	0.004786324786324786	0.5911111111111111	0.9992844272844272
B_memory	THRB	57	-0.03247863247863248	0.592	0.016752136752136753	0.6136752136752137	0.9992844272844272
B_memory	LMX1B	23	-0.03316239316239316	0.555	0.002393162393162393	0.5705982905982906	0.9992844272844272
B_memory	MYRF	10	-0.03452991452991453	0.582	0.004786324786324786	0.5911111111111111	0.9992844272844272
B_memory	NFIX	28	-0.03452991452991453	0.563	0.003076923076923077	0.7305982905982906	0.9992844272844272
B_memory	ABL1	10	-0.035213675213675216	0.583	0.004786324786324786	0.5911111111111111	0.9992844272844272
B_memory	BHLHE40	41	-0.035897435897435895	0.592	0.012307692307692308	0.587008547008547	0.9992844272844272
B_memory	ETV4	65	-0.037264957264957266	0.576	-0.0017094017094017094	0.5268376068376068	0.9992844272844272
B_memory	HOXD3	10	-0.03863247863247863	0.589	0.004786324786324786	0.5911111111111111	0.9992844272844272
B_memory	KLF15	26	-0.039316239316239315	0.596	0.013675213675213675	0.5029059829059829	0.9992844272844272
B_memory	RXRB	15	-0.039316239316239315	0.592	0.011282051282051283	0.6403418803418803	0.9992844272844272
B_memory	YBX3	26	-0.039316239316239315	0.596	0.013675213675213675	0.5029059829059829	0.9992844272844272
B_memory	PAX7	18	-0.04	0.605	0.014017094017094018	0.6088888888888889	0.9992844272844272
B_memory	HOXA2	6	-0.040683760683760686	0.584	0.0071794871794871795	0.5945299145299145	0.9992844272844272
B_memory	TBX2	32	-0.040683760683760686	0.61	0.009572649572649573	0.5712820512820512	0.9992844272844272
B_memory	PRDM16	5	-0.04205128205128205	0.5775775775775776	0.0044444444444444444	0.5924786324786325	0.9992844272844272
B_memory	APEX1	41	-0.042735042735042736	0.603	0.012307692307692308	0.587008547008547	0.9992844272844272
B_memory	TCF7	23	-0.042735042735042736	0.567	0.002393162393162393	0.5705982905982906	0.9992844272844272
B_memory	TBR1	6	-0.04341880341880342	0.587	0.0071794871794871795	0.5945299145299145	0.9992844272844272
B_memory	MTA1	51	-0.0441025641025641	0.613	0.015726495726495725	0.5117948717948718	0.9992844272844272
B_memory	BATF	16	-0.044786324786324785	0.598	0.01264957264957265	0.5781196581196582	0.9992844272844272
B_memory	GATA4	139	-0.044786324786324785	0.607	0.009914529914529915	0.6047863247863248	0.9992844272844272
B_memory	HOXB9	7	-0.044786324786324785	0.579	-0.0003418803418803419	0.5733333333333334	0.9992844272844272
B_memory	HOXB1	10	-0.04547008547008547	0.602	0.004786324786324786	0.5911111111111111	0.9992844272844272
B_memory	KDM5C	12	-0.04547008547008547	0.608	0.01435897435897436	0.5446153846153846	0.9992844272844272
B_memory	ZFP42	18	-0.04547008547008547	0.62	0.014017094017094018	0.6088888888888889	0.9992844272844272
B_memory	DACH1	8	-0.046153846153846156	0.608	0.008547008547008548	0.5343589743589744	0.9992844272844272
B_memory	MYF5	27	-0.046153846153846156	0.64	0.01811965811965812	0.6013675213675214	0.9992844272844272
B_memory	TTF1	59	-0.046153846153846156	0.6	0.0071794871794871795	0.602051282051282	0.9992844272844272
B_memory	MEF2B	7	-0.04752136752136752	0.581	-0.0003418803418803419	0.5733333333333334	0.9992844272844272
B_memory	NCOR2	68	-0.04752136752136752	0.608	0.009572649572649573	0.6758974358974359	0.9992844272844272
B_memory	HDGF	7	-0.048205128205128206	0.585	-0.0003418803418803419	0.5733333333333334	0.9992844272844272
B_memory	E2F6	40	-0.04888888888888889	0.612	0.012307692307692308	0.6184615384615385	0.9992844272844272
B_memory	MECP2	34	-0.04888888888888889	0.604	0.010256410256410258	0.6095726495726496	0.9992844272844272
B_memory	SOX18	6	-0.04888888888888889	0.595	0.0071794871794871795	0.5945299145299145	0.9992844272844272
B_memory	ZBTB4	14	-0.050256410256410255	0.608	0.006153846153846154	0.6458119658119658	0.9992844272844272
B_memory	BRCA1	60	-0.05094017094017094	0.603	0.00547008547008547	0.5794871794871795	0.9992844272844272
B_memory	POU2F1	122	-0.05094017094017094	0.602	0.011965811965811967	0.7292307692307692	0.9992844272844272
B_memory	ARNT	68	-0.052307692307692305	0.616	0.009572649572649573	0.6758974358974359	0.9992844272844272
B_memory	HSF2	24	-0.05299145299145299	0.621	0.009230769230769232	0.625982905982906	0.9992844272844272
B_memory	HNF1B	64	-0.053675213675213676	0.583	-0.002735042735042735	0.5241025641025641	0.9992844272844272
B_memory	STOX1	5	-0.053675213675213676	0.6026026026026026	0.0044444444444444444	0.5924786324786325	0.9992844272844272
B_memory	SMARCB1	5	-0.05504273504273504	0.6046046046046046	0.0044444444444444444	0.5924786324786325	0.9992844272844272
B_memory	KLF1	28	-0.055726495726495726	0.601	0.003076923076923077	0.7305982905982906	0.9992844272844272
B_memory	MAFK	23	-0.05641025641025641	0.587	0.002393162393162393	0.5705982905982906	0.9992844272844272
B_memory	DOT1L	8	-0.0570940170940171	0.627	0.008547008547008548	0.5343589743589744	0.9992844272844272
B_memory	IRF3	82	-0.059145299145299146	0.609	0.008205128205128205	0.582905982905983	0.9992844272844272
B_memory	FOXD3	15	-0.05982905982905983	0.626	0.011282051282051283	0.6403418803418803	0.9992844272844272
B_memory	SETBP1	6	-0.06051282051282051	0.624	0.0071794871794871795	0.5945299145299145	0.9992844272844272
B_memory	ERF	18	-0.061196581196581196	0.642	0.014017094017094018	0.6088888888888889	0.9992844272844272
B_memory	THAP11	6	-0.06188034188034188	0.624	0.0071794871794871795	0.5945299145299145	0.9992844272844272
B_memory	VSX2	30	-0.06188034188034188	0.65	0.01264957264957265	0.6075213675213675	0.9992844272844272
B_memory	NOTO	10	-0.06461538461538462	0.643	0.004786324786324786	0.5911111111111111	0.9992844272844272
B_memory	FOXN4	8	-0.0652991452991453	0.646	0.008547008547008548	0.5343589743589744	0.9992844272844272
B_memory	TEAD1	25	-0.06598290598290599	0.631	0.006153846153846154	0.6854700854700855	0.9992844272844272
B_memory	BMAL2	9	-0.06666666666666667	0.623	-0.0013675213675213675	0.584957264957265	0.9992844272844272
B_memory	NR0B2	116	-0.06666666666666667	0.616	-0.0010256410256410256	0.5794871794871795	0.9992844272844272
B_memory	PAWR	6	-0.06803418803418804	0.642	0.0071794871794871795	0.5945299145299145	0.9992844272844272
B_memory	TAL1	95	-0.06803418803418804	0.632	0.009572649572649573	0.5364102564102564	0.9992844272844272
B_memory	NFE2L2	201	-0.06871794871794872	0.643	0.007521367521367521	0.5726495726495726	0.9992844272844272
B_memory	NKX3-2	7	-0.06940170940170941	0.618	-0.0003418803418803419	0.5733333333333334	0.9992844272844272
B_memory	HOXB4	10	-0.07076923076923076	0.652	0.004786324786324786	0.5911111111111111	0.9992844272844272
B_memory	HOXA11	8	-0.07282051282051281	0.661	0.008547008547008548	0.5343589743589744	0.9992844272844272
B_memory	IRF5	36	-0.07282051282051281	0.66	0.008547008547008548	0.6041025641025641	0.9992844272844272
B_memory	NRG1	35	-0.07282051282051281	0.623	0.004786324786324786	0.6123076923076923	0.9992844272844272
B_memory	IRF2	59	-0.07418803418803419	0.659	0.0071794871794871795	0.602051282051282	0.9992844272844272
B_memory	SOX3	7	-0.07623931623931623	0.629	-0.0003418803418803419	0.5733333333333334	0.9992844272844272
B_memory	IRX1	19	-0.0776068376068376	0.674	0.012991452991452993	0.545982905982906	0.9992844272844272
B_memory	TBPL1	38	-0.0776068376068376	0.673	0.014017094017094018	0.5774358974358974	0.9992844272844272
B_memory	KLF13	13	-0.07897435897435898	0.66	-0.0010256410256410256	0.5726495726495726	0.9992844272844272
B_memory	HOXD13	19	-0.07965811965811966	0.678	0.012991452991452993	0.545982905982906	0.9992844272844272
B_memory	SPIB	17	-0.08102564102564103	0.653	-0.004786324786324786	0.5788034188034188	0.9992844272844272
B_memory	NKX3-1	70	-0.0817094017094017	0.649	-0.0037606837606837607	0.5186324786324786	0.9992844272844272
B_memory	GLIS3	8	-0.08376068376068375	0.679	0.008547008547008548	0.5343589743589744	0.9992844272844272
B_memory	HDAC4	24	-0.08376068376068375	0.663	0.009230769230769232	0.625982905982906	0.9992844272844272
B_memory	BCL6	99	-0.08581196581196582	0.709	0.0252991452991453	0.5364102564102564	0.9992844272844272
B_memory	IRF6	15	-0.08581196581196582	0.668	0.011282051282051283	0.6403418803418803	0.9992844272844272
B_memory	ZNF217	6	-0.08581196581196582	0.676	0.0071794871794871795	0.5945299145299145	0.9992844272844272
B_memory	HNF4A	278	-0.0864957264957265	0.698	0.01641025641025641	0.7613675213675214	0.9992844272844272
B_memory	SPI1	338	-0.0864957264957265	0.664	0.0071794871794871795	0.6054700854700855	0.9992844272844272
B_memory	ZNF362	22	-0.08854700854700855	0.694	0.011623931623931626	0.6300854700854701	0.9992844272844272
B_memory	FOXQ1	17	-0.08923076923076922	0.669	-0.004786324786324786	0.5788034188034188	0.9992844272844272
B_memory	HDAC1	82	-0.08923076923076922	0.667	0.008205128205128205	0.582905982905983	0.9992844272844272
B_memory	AIRE	23	-0.09128205128205129	0.65	0.002393162393162393	0.5705982905982906	0.9992844272844272
B_memory	TFAP2B	26	-0.09128205128205129	0.69	0.013675213675213675	0.5029059829059829	0.9992844272844272
B_memory	MEIS1	24	-0.09196581196581197	0.676	0.009230769230769232	0.625982905982906	0.9992844272844272
B_memory	NR2C1	21	-0.09196581196581197	0.689	0.0105982905982906	0.5535042735042736	0.9992844272844272
B_memory	NR1H2	48	-0.09264957264957265	0.711	0.01982905982905983	0.5753846153846154	0.9992844272844272
B_memory	ESR1	622	-0.09401709401709402	0.684	-0.0003418803418803419	0.7100854700854701	0.9992844272844272
B_memory	SREBF1	130	-0.09401709401709402	0.642	-0.008547008547008548	0.5418803418803418	0.9992844272844272
B_memory	EMX2	9	-0.09538461538461539	0.671	-0.0013675213675213675	0.584957264957265	0.9992844272844272
B_memory	GBX2	8	-0.09538461538461539	0.701	0.008547008547008548	0.5343589743589744	0.9992844272844272
B_memory	ETS1	230	-0.09606837606837607	0.678	0.005128205128205128	0.6882051282051282	0.9992844272844272
B_memory	MEIS2	9	-0.09606837606837607	0.673	-0.0013675213675213675	0.584957264957265	0.9992844272844272
B_memory	BCL3	28	-0.09880341880341881	0.671	0.003076923076923077	0.7305982905982906	0.9992844272844272
B_memory	KAT6B	7	-0.09880341880341881	0.676	-0.0003418803418803419	0.5733333333333334	0.9992844272844272
B_memory	STAT3	430	-0.09880341880341881	0.696	0.0105982905982906	0.6923076923076923	0.9992844272844272
B_memory	PHOX2A	13	-0.10222222222222223	0.705	-0.0010256410256410256	0.5726495726495726	0.9992844272844272
B_memory	REST	81	-0.10222222222222223	0.669	-0.0017094017094017094	0.6717948717948717	0.9992844272844272
B_memory	SP4	48	-0.1029059829059829	0.727	0.01982905982905983	0.5753846153846154	0.9992844272844272
B_memory	UBTF	9	-0.10495726495726496	0.685	-0.0013675213675213675	0.584957264957265	0.9992844272844272
B_memory	FOXP2	11	-0.10632478632478633	0.691	0.0003418803418803419	0.7100854700854701	0.9992844272844272
B_memory	HES6	9	-0.10632478632478633	0.687	-0.0013675213675213675	0.584957264957265	0.9992844272844272
B_memory	SMAD1	74	-0.107008547008547	0.705	-0.0044444444444444444	0.6348717948717949	0.9992844272844272
B_memory	RUNX3	69	-0.1076923076923077	0.689	0.00547008547008547	0.625982905982906	0.9992844272844272
B_memory	PHOX2B	16	-0.10837606837606838	0.713	0.01264957264957265	0.5781196581196582	0.9992844272844272
B_memory	HSF1	97	-0.10974358974358975	0.716	0.01094017094017094	0.6430769230769231	0.9992844272844272
B_memory	WWTR1	9	-0.10974358974358975	0.694	-0.0013675213675213675	0.584957264957265	0.9992844272844272
B_memory	HSF4	11	-0.11042735042735043	0.697	0.0003418803418803419	0.7100854700854701	0.9992844272844272
B_memory	BTG2	7	-0.1111111111111111	0.693	-0.0003418803418803419	0.5733333333333334	0.9992844272844272
B_memory	ARID3A	7	-0.11247863247863248	0.696	-0.0003418803418803419	0.5733333333333334	0.9992844272844272
B_memory	FOXG1	16	-0.11247863247863248	0.721	0.01264957264957265	0.5781196581196582	0.9992844272844272
B_memory	DMAP1	5	-0.11316239316239317	0.7257257257257257	0.0044444444444444444	0.5924786324786325	0.9992844272844272
B_memory	TBX3	23	-0.11384615384615385	0.694	0.002393162393162393	0.5705982905982906	0.9992844272844272
B_memory	NFIL3	37	-0.11452991452991453	0.694	-0.007521367521367521	0.6341880341880342	0.9992844272844272
B_memory	MAZ	47	-0.11521367521367522	0.726	-0.0020512820512820513	0.6991452991452991	0.9992844272844272
B_memory	GRHL3	29	-0.1158974358974359	0.704	-0.007863247863247864	0.6	0.9992844272844272
B_memory	SP3	445	-0.11658119658119658	0.693	-0.004786324786324786	0.6704273504273505	0.9992844272844272
B_memory	NR1D1	26	-0.11794871794871795	0.718	0.013675213675213675	0.5029059829059829	0.9992844272844272
B_memory	VEZF1	7	-0.11794871794871795	0.71	-0.0003418803418803419	0.5733333333333334	0.9992844272844272
B_memory	MYF6	13	-0.12	0.724	-0.0010256410256410256	0.5726495726495726	0.9992844272844272
B_memory	PITX2	140	-0.12205128205128205	0.723	0.007863247863247864	0.6205128205128205	0.9992844272844272
B_memory	PURA	20	-0.12273504273504274	0.736	0.002735042735042735	0.5678632478632478	0.9992844272844272
B_memory	SKIL	20	-0.12273504273504274	0.736	0.002735042735042735	0.5678632478632478	0.9992844272844272
B_memory	ZFX	5	-0.12341880341880342	0.7387387387387387	0.0044444444444444444	0.5924786324786325	0.9992844272844272
B_memory	ZBTB17	43	-0.12410256410256411	0.714	0.01094017094017094	0.5794871794871795	0.9992844272844272
B_memory	GATA2	105	-0.12478632478632479	0.732	0.003418803418803419	0.597948717948718	0.9992844272844272
B_memory	PAX5	67	-0.12547008547008548	0.735	0.006495726495726496	0.5931623931623932	0.9992844272844272
B_memory	PPARGC1A	32	-0.12683760683760684	0.753	0.009572649572649573	0.5712820512820512	0.9992844272844272
B_memory	BHLHE41	27	-0.12752136752136753	0.755	0.01811965811965812	0.6013675213675214	0.9992844272844272
B_memory	RORB	5	-0.1282051282051282	0.7467467467467468	0.0044444444444444444	0.5924786324786325	0.9992844272844272
B_memory	HINFP	9	-0.1288888888888889	0.714	-0.0013675213675213675	0.584957264957265	0.9992844272844272
B_memory	MAFB	46	-0.12957264957264958	0.734	0.0006837606837606838	0.5958974358974359	0.9992844272844272
B_memory	DLX2	22	-0.13367521367521368	0.763	0.011623931623931626	0.6300854700854701	0.9992844272844272
B_memory	HOXC6	12	-0.13504273504273503	0.762	0.01435897435897436	0.5446153846153846	0.9992844272844272
B_memory	KMT2A	69	-0.13504273504273503	0.729	0.00547008547008547	0.625982905982906	0.9992844272844272
B_memory	NCOA6	5	-0.13504273504273503	0.7547547547547547	0.0044444444444444444	0.5924786324786325	0.9992844272844272
B_memory	FOXM1	96	-0.13846153846153847	0.724	-0.0013675213675213675	0.6594871794871795	0.9992844272844272
B_memory	TEF	16	-0.13846153846153847	0.76	0.01264957264957265	0.5781196581196582	0.9992844272844272
B_memory	TFEB	8	-0.13846153846153847	0.761	0.008547008547008548	0.5343589743589744	0.9992844272844272
B_memory	MSX1	25	-0.13914529914529913	0.737	0.006153846153846154	0.6854700854700855	0.9992844272844272
B_memory	SP1	1322	-0.13914529914529913	0.738	0.006837606837606838	0.5425641025641026	0.9992844272844272
B_memory	NR6A1	14	-0.13982905982905983	0.766	0.006153846153846154	0.6458119658119658	0.9992844272844272
B_memory	SRF	104	-0.14188034188034188	0.746	0.013675213675213675	0.6676923076923077	0.9992844272844272
B_memory	ELK3	28	-0.14461538461538462	0.746	0.003076923076923077	0.7305982905982906	0.9992844272844272
B_memory	SOX5	18	-0.1452991452991453	0.772	0.014017094017094018	0.6088888888888889	0.9992844272844272
B_memory	ETV5	23	-0.14598290598290597	0.747	0.002393162393162393	0.5705982905982906	0.9992844272844272
B_memory	ZNF335	8	-0.14598290598290597	0.775	0.008547008547008548	0.5343589743589744	0.9992844272844272
B_memory	FHL2	7	-0.14666666666666667	0.748	-0.0003418803418803419	0.5733333333333334	0.9992844272844272
B_memory	ID4	14	-0.14735042735042736	0.774	0.006153846153846154	0.6458119658119658	0.9992844272844272
B_memory	GATA5	27	-0.14803418803418802	0.792	0.01811965811965812	0.6013675213675214	0.9992844272844272
B_memory	NFX1	5	-0.14803418803418802	0.7697697697697697	0.0044444444444444444	0.5924786324786325	0.9992844272844272
B_memory	ZBTB14	6	-0.14871794871794872	0.781	0.0071794871794871795	0.5945299145299145	0.9992844272844272
B_memory	BCL11B	24	-0.1494017094017094	0.768	0.009230769230769232	0.625982905982906	0.9992844272844272
B_memory	E2F3	68	-0.15008547008547007	0.773	0.009572649572649573	0.6758974358974359	0.9992844272844272
B_memory	FEV	8	-0.15008547008547007	0.781	0.008547008547008548	0.5343589743589744	0.9992844272844272
B_memory	NKX2-2	26	-0.15008547008547007	0.762	0.013675213675213675	0.5029059829059829	0.9992844272844272
B_memory	ZIC2	7	-0.15076923076923077	0.755	-0.0003418803418803419	0.5733333333333334	0.9992844272844272
B_memory	ZNF300	8	-0.15076923076923077	0.782	0.008547008547008548	0.5343589743589744	0.9992844272844272
B_memory	LITAF	24	-0.15145299145299146	0.773	0.009230769230769232	0.625982905982906	0.9992844272844272
B_memory	NR1I3	60	-0.15145299145299146	0.759	0.00547008547008547	0.5794871794871795	0.9992844272844272
B_memory	TFAM	14	-0.15145299145299146	0.781	0.006153846153846154	0.6458119658119658	0.9992844272844272
B_memory	ISL1	41	-0.15213675213675212	0.8	0.012307692307692308	0.587008547008547	0.9992844272844272
B_memory	PROP1	12	-0.15213675213675212	0.781	0.01435897435897436	0.5446153846153846	0.9992844272844272
B_memory	XBP1	54	-0.15213675213675212	0.767	0.002393162393162393	0.7388034188034188	0.9992844272844272
B_memory	MXD1	28	-0.15282051282051282	0.759	0.003076923076923077	0.7305982905982906	0.9992844272844272
B_memory	PAX3	114	-0.15282051282051282	0.764	-0.011965811965811967	0.587008547008547	0.9992844272844272
B_memory	RARA	186	-0.1541880341880342	0.777	0.006837606837606838	0.6540170940170941	0.9992844272844272
B_memory	GCM1	10	-0.15555555555555556	0.795	0.004786324786324786	0.5911111111111111	0.9992844272844272
B_memory	GATA1	147	-0.15692307692307692	0.77	-0.006495726495726496	0.6410256410256411	0.9992844272844272
B_memory	PARK7	8	-0.15692307692307692	0.79	0.008547008547008548	0.5343589743589744	0.9992844272844272
B_memory	VHL	24	-0.15692307692307692	0.782	0.009230769230769232	0.625982905982906	0.9992844272844272
B_memory	USF2	114	-0.1576068376068376	0.771	-0.011965811965811967	0.587008547008547	0.9992844272844272
B_memory	TAF1	42	-0.1582905982905983	0.768	-0.004786324786324786	0.6252991452991453	0.9992844272844272
B_memory	ZEB1	63	-0.15897435897435896	0.783	0.0020512820512820513	0.5856410256410256	0.9992844272844272
B_memory	FEZF1	9	-0.15965811965811966	0.765	-0.0013675213675213675	0.584957264957265	0.9992844272844272
B_memory	LHX8	12	-0.16034188034188035	0.791	0.01435897435897436	0.5446153846153846	0.9992844272844272
B_memory	TRERF1	16	-0.16034188034188035	0.78	0.01264957264957265	0.5781196581196582	0.9992844272844272
B_memory	YBX1	91	-0.16034188034188035	0.785	0.017777777777777778	0.556923076923077	0.9992844272844272
B_memory	BARX1	8	-0.16102564102564101	0.794	0.008547008547008548	0.5343589743589744	0.9992844272844272
B_memory	HOXB5	5	-0.16102564102564101	0.7987987987987988	0.0044444444444444444	0.5924786324786325	0.9992844272844272
B_memory	NR0B1	57	-0.16102564102564101	0.782	0.016752136752136753	0.6136752136752137	0.9992844272844272
B_memory	TP53	963	-0.16102564102564101	0.782	0.012991452991452993	0.6690598290598291	0.9992844272844272
B_memory	CEBPG	204	-0.1623931623931624	0.764	-0.003418803418803419	0.5111111111111111	0.9992844272844272
B_memory	HMGB2	9	-0.16307692307692306	0.77	-0.0013675213675213675	0.584957264957265	0.9992844272844272
B_memory	NSD2	8	-0.16307692307692306	0.796	0.008547008547008548	0.5343589743589744	0.9992844272844272
B_memory	ATF3	108	-0.16376068376068376	0.775	-0.009230769230769232	0.6478632478632479	0.9992844272844272
B_memory	BCLAF1	7	-0.16376068376068376	0.78	-0.0003418803418803419	0.5733333333333334	0.9992844272844272
B_memory	LHX4	6	-0.16376068376068376	0.803	0.0071794871794871795	0.5945299145299145	0.9992844272844272
B_memory	RUNX1	193	-0.16376068376068376	0.794	0.0041025641025641026	0.6888888888888889	0.9992844272844272
B_memory	PGR	130	-0.16444444444444445	0.752	-0.008547008547008548	0.5418803418803418	0.9992844272844272
B_memory	ESR2	206	-0.1658119658119658	0.768	-0.0020512820512820513	0.6041025641025641	0.9992844272844272
B_memory	HOXA13	16	-0.1664957264957265	0.794	0.01264957264957265	0.5781196581196582	0.9992844272844272
B_memory	MAML1	5	-0.1671794871794872	0.8088088088088088	0.0044444444444444444	0.5924786324786325	0.9992844272844272
B_memory	TCF4	58	-0.16786324786324786	0.799	-0.005128205128205128	0.5931623931623932	0.9992844272844272
B_memory	TEAD2	6	-0.16786324786324786	0.811	0.0071794871794871795	0.5945299145299145	0.9992844272844272
B_memory	ZMYND8	8	-0.16786324786324786	0.801	0.008547008547008548	0.5343589743589744	0.9992844272844272
B_memory	KAT2B	15	-0.16923076923076924	0.794	0.011282051282051283	0.6403418803418803	0.9992844272844272
B_memory	IKZF4	7	-0.1699145299145299	0.787	-0.0003418803418803419	0.5733333333333334	0.9992844272844272
B_memory	SOX9	104	-0.1699145299145299	0.787	0.013675213675213675	0.6676923076923077	0.9992844272844272
B_memory	KAT7	83	-0.1705982905982906	0.794	0.0041025641025641026	0.5774358974358974	0.9992844272844272
B_memory	DEAF1	13	-0.17264957264957265	0.812	-0.0010256410256410256	0.5726495726495726	0.9992844272844272
B_memory	SIRT1	62	-0.17264957264957265	0.79	0.005128205128205128	0.6608547008547009	0.9992844272844272
B_memory	ZXDC	6	-0.17264957264957265	0.817	0.0071794871794871795	0.5945299145299145	0.9992844272844272
B_memory	TP73	125	-0.17333333333333334	0.782	0.005811965811965812	0.6335042735042735	0.9992844272844272
B_memory	LMX1A	8	-0.174017094017094	0.811	0.008547008547008548	0.5343589743589744	0.9992844272844272
B_memory	SATB2	32	-0.1747008547008547	0.819	0.009572649572649573	0.5712820512820512	0.9992844272844272
B_memory	ELF3	32	-0.17606837606837608	0.819	0.009572649572649573	0.5712820512820512	0.9992844272844272
B_memory	PRDM4	9	-0.17606837606837608	0.787	-0.0013675213675213675	0.584957264957265	0.9992844272844272
B_memory	ETV7	14	-0.17811965811965813	0.812	0.006153846153846154	0.6458119658119658	0.9992844272844272
B_memory	POU4F3	6	-0.1794871794871795	0.83	0.0071794871794871795	0.5945299145299145	0.9992844272844272
B_memory	SMAD6	24	-0.1794871794871795	0.813	0.009230769230769232	0.625982905982906	0.9992844272844272
B_memory	MYT1	9	-0.18017094017094018	0.792	-0.0013675213675213675	0.584957264957265	0.9992844272844272
B_memory	ZBTB33	11	-0.18085470085470085	0.791	0.0003418803418803419	0.7100854700854701	0.9992844272844272
B_memory	ID2	64	-0.18153846153846154	0.806	-0.002735042735042735	0.5241025641025641	0.9992844272844272
B_memory	NR4A3	40	-0.1835897435897436	0.832	0.012307692307692308	0.6184615384615385	0.9992844272844272
B_memory	RELA	958	-0.1835897435897436	0.793	0.00717948717948718	0.612991452991453	0.9992844272844272
B_memory	ATF1	84	-0.18564102564102564	0.837	0.0017094017094017094	0.5788034188034188	0.9992844272844272
B_memory	SALL1	6	-0.18564102564102564	0.842	0.0071794871794871795	0.5945299145299145	0.9992844272844272
B_memory	STAT6	126	-0.18700854700854702	0.811	0.0041025641025641026	0.6273504273504273	0.9992844272844272
B_memory	FOXH1	13	-0.18769230769230769	0.832	-0.0010256410256410256	0.5726495726495726	0.9992844272844272
B_memory	HMGA2	42	-0.18837606837606838	0.815	-0.004786324786324786	0.6252991452991453	0.9992844272844272
B_memory	HDAC9	19	-0.18905982905982907	0.835	0.012991452991452993	0.545982905982906	0.9992844272844272
B_memory	PROX1	34	-0.18905982905982907	0.813	0.010256410256410258	0.6095726495726496	0.9992844272844272
B_memory	TCF7L1	6	-0.18905982905982907	0.846	0.0071794871794871795	0.5945299145299145	0.9992844272844272
B_memory	GFI1	54	-0.18974358974358974	0.812	0.002393162393162393	0.7388034188034188	0.9992844272844272
B_memory	FOXJ1	18	-0.19042735042735043	0.825	0.014017094017094018	0.6088888888888889	0.9992844272844272
B_memory	NAB2	7	-0.19042735042735043	0.815	-0.0003418803418803419	0.5733333333333334	0.9992844272844272
B_memory	DLX3	20	-0.19179487179487179	0.842	0.002735042735042735	0.5678632478632478	0.9992844272844272
B_memory	ESRRB	11	-0.19247863247863248	0.804	0.0003418803418803419	0.7100854700854701	0.9992844272844272
B_memory	CREB1	460	-0.19589743589743588	0.804	-0.005811965811965812	0.6745299145299145	0.9992844272844272
B_memory	TSHZ3	6	-0.19658119658119658	0.851	0.0071794871794871795	0.5945299145299145	0.9992844272844272
B_memory	FOXO1	277	-0.19794871794871796	0.827	-0.00717948717948718	0.6758974358974359	0.9992844272844272
B_memory	HOXB2	13	-0.19794871794871796	0.85	-0.0010256410256410256	0.5726495726495726	0.9992844272844272
B_memory	ZFHX3	15	-0.19794871794871796	0.839	0.011282051282051283	0.6403418803418803	0.9992844272844272
B_memory	IRF7	34	-0.19931623931623932	0.822	0.010256410256410258	0.6095726495726496	0.9992844272844272
B_memory	REL	812	-0.19931623931623932	0.819	0.009914529914529915	0.6321367521367521	0.9992844272844272
B_memory	E2F1	310	-0.2	0.816	-0.0071794871794871795	0.548034188034188	0.9992844272844272
B_memory	TGIF1	12	-0.20068376068376068	0.836	0.01435897435897436	0.5446153846153846	0.9992844272844272
B_memory	WT1	156	-0.20068376068376068	0.818	0.0017094017094017094	0.6772649572649573	0.9992844272844272
B_memory	NFIC	81	-0.20136752136752137	0.83	-0.0017094017094017094	0.6717948717948717	0.9992844272844272
B_memory	PPARG	362	-0.2041025641025641	0.832	-0.0010256410256410256	0.6034188034188034	0.9992844272844272
B_memory	CEBPZ	19	-0.20478632478632477	0.851	0.012991452991452993	0.545982905982906	0.9992844272844272
B_memory	SOX10	37	-0.20547008547008547	0.83	-0.007521367521367521	0.6341880341880342	0.9992844272844272
B_memory	ZBTB16	50	-0.20547008547008547	0.846	0.003076923076923077	0.5446153846153846	0.9992844272844272
B_memory	INSM1	5	-0.20683760683760682	0.8538538538538538	0.0044444444444444444	0.5924786324786325	0.9992844272844272
B_memory	HES1	92	-0.2082051282051282	0.83	-0.012307692307692308	0.6006837606837607	0.9992844272844272
B_memory	DAXX	5	-0.2088888888888889	0.8558558558558559	0.0044444444444444444	0.5924786324786325	0.9992844272844272
B_memory	MAX	48	-0.20957264957264957	0.86	0.01982905982905983	0.5753846153846154	0.9992844272844272
B_memory	TGFB1I1	12	-0.21025641025641026	0.852	0.01435897435897436	0.5446153846153846	0.9992844272844272
B_memory	ARID3B	6	-0.21162393162393162	0.867	0.0071794871794871795	0.5945299145299145	0.9992844272844272
B_memory	FOS	340	-0.2123076923076923	0.839	0.0044444444444444444	0.6430769230769231	0.9992844272844272
B_memory	CTNNB1	336	-0.212991452991453	0.856	0.018803418803418803	0.6205128205128205	0.9992844272844272
B_memory	ELF1	78	-0.212991452991453	0.849	0.011965811965811967	0.6123076923076923	0.9992844272844272
B_memory	SOX2	88	-0.212991452991453	0.841	0.005811965811965812	0.8044444444444444	0.9992844272844272
B_memory	MLXIPL	16	-0.21367521367521367	0.858	0.01264957264957265	0.5781196581196582	0.9992844272844272
B_memory	NEUROD1	71	-0.21435897435897436	0.842	0.0037606837606837607	0.5883760683760684	0.9992844272844272
B_memory	NFKB1	931	-0.21435897435897436	0.844	0.0	0.5945299145299145	0.9992844272844272
B_memory	ATF5	30	-0.21572649572649572	0.86	0.01264957264957265	0.6075213675213675	0.9992844272844272
B_memory	ELK4	6	-0.21572649572649572	0.875	0.0071794871794871795	0.5945299145299145	0.9992844272844272
B_memory	MEF2C	88	-0.21572649572649572	0.845	0.005811965811965812	0.8044444444444444	0.9992844272844272
B_memory	KLF5	75	-0.2164102564102564	0.848	-0.0006837606837606838	0.5733333333333334	0.9992844272844272
B_memory	RFXANK	18	-0.2164102564102564	0.857	0.014017094017094018	0.6088888888888889	0.9992844272844272
B_memory	NFKBIB	19	-0.2170940170940171	0.865	0.012991452991452993	0.545982905982906	0.9992844272844272
B_memory	TBX15	28	-0.2170940170940171	0.844	0.003076923076923077	0.7305982905982906	0.9992844272844272
B_memory	MEF2D	28	-0.21777777777777776	0.844	0.003076923076923077	0.7305982905982906	0.9992844272844272
B_memory	NEUROD6	11	-0.21846153846153846	0.841	0.0003418803418803419	0.7100854700854701	0.9992844272844272
B_memory	KLF6	60	-0.21914529914529915	0.85	0.00547008547008547	0.5794871794871795	0.9992844272844272
B_memory	SIX3	11	-0.21914529914529915	0.842	0.0003418803418803419	0.7100854700854701	0.9992844272844272
B_memory	KDM5A	18	-0.21982905982905984	0.86	0.014017094017094018	0.6088888888888889	0.9992844272844272
B_memory	PTF1A	17	-0.21982905982905984	0.863	-0.004786324786324786	0.5788034188034188	0.9992844272844272
B_memory	YAP1	9	-0.2205128205128205	0.852	-0.0013675213675213675	0.584957264957265	0.9992844272844272
B_memory	TFAP4	36	-0.22256410256410256	0.863	0.008547008547008548	0.6041025641025641	0.9992844272844272
B_memory	ARID4A	5	-0.22324786324786325	0.8728728728728729	0.0044444444444444444	0.5924786324786325	0.9992844272844272
B_memory	FOXI1	10	-0.22393162393162394	0.872	0.004786324786324786	0.5911111111111111	0.9992844272844272
B_memory	RARB	53	-0.2246153846153846	0.856	0.018803418803418803	0.6512820512820513	0.9992844272844272
B_memory	SUPT20H	5	-0.2252991452991453	0.8748748748748749	0.0044444444444444444	0.5924786324786325	0.9992844272844272
B_memory	ARID1A	8	-0.225982905982906	0.878	0.008547008547008548	0.5343589743589744	0.9992844272844272
B_memory	NR3C1	288	-0.22735042735042735	0.839	-0.003418803418803419	0.5965811965811966	0.9992844272844272
B_memory	NKRF	10	-0.2287179487179487	0.877	0.004786324786324786	0.5911111111111111	0.9992844272844272
B_memory	MTF2	6	-0.23213675213675214	0.887	0.0071794871794871795	0.5945299145299145	0.9992844272844272
B_memory	TFE3	36	-0.2335042735042735	0.869	0.008547008547008548	0.6041025641025641	0.9992844272844272
B_memory	KLF7	10	-0.23555555555555555	0.883	0.004786324786324786	0.5911111111111111	0.9992844272844272
B_memory	FOSL1	51	-0.23692307692307693	0.895	0.015726495726495725	0.5117948717948718	0.9992844272844272
B_memory	ID3	35	-0.2382905982905983	0.877	0.004786324786324786	0.6123076923076923	0.9992844272844272
B_memory	PITX3	23	-0.23897435897435898	0.858	0.002393162393162393	0.5705982905982906	0.9992844272844272
B_memory	HIF1A	458	-0.24034188034188034	0.874	-0.0010256410256410256	0.5692307692307692	0.9992844272844272
B_memory	OVOL1	9	-0.24034188034188034	0.874	-0.0013675213675213675	0.584957264957265	0.9992844272844272
B_memory	SMARCA4	10	-0.24034188034188034	0.888	0.004786324786324786	0.5911111111111111	0.9992844272844272
B_memory	TP63	200	-0.24170940170940172	0.874	-0.0010256410256410256	0.6252991452991453	0.9992844272844272
B_memory	FOXA2	134	-0.24307692307692308	0.855	-0.0041025641025641026	0.6211965811965812	0.9992844272844272
B_memory	ZGPAT	12	-0.24376068376068377	0.88	0.01435897435897436	0.5446153846153846	0.9992844272844272
B_memory	CDX1	43	-0.24717948717948718	0.873	0.01094017094017094	0.5794871794871795	0.9992844272844272
B_memory	PPARA	263	-0.24717948717948718	0.854	-0.01264957264957265	0.5275213675213675	0.9992844272844272
B_memory	ATF4	121	-0.24786324786324787	0.897	-0.0044444444444444444	0.6444444444444445	0.9992844272844272
B_memory	KLF10	29	-0.24854700854700854	0.884	-0.007863247863247864	0.6	0.9992844272844272
B_memory	SMAD9	7	-0.24854700854700854	0.882	-0.0003418803418803419	0.5733333333333334	0.9992844272844272
B_memory	FOXC2	23	-0.24991452991452992	0.869	0.002393162393162393	0.5705982905982906	0.9992844272844272
B_memory	MITF	110	-0.2505982905982906	0.887	0.002393162393162393	0.6034188034188034	0.9992844272844272
B_memory	NEUROD2	12	-0.25675213675213676	0.895	0.01435897435897436	0.5446153846153846	0.9992844272844272
B_memory	NCOR1	88	-0.25743589743589745	0.893	0.005811965811965812	0.8044444444444444	0.9992844272844272
B_memory	NFKB2	815	-0.25811965811965815	0.871	-0.00888888888888889	0.6964102564102564	0.9992844272844272
B_memory	JDP2	33	-0.2588034188034188	0.9	0.02017094017094017	0.6355555555555555	0.9992844272844272
B_memory	PAX1	5	-0.2594871794871795	0.8988988988988988	0.0044444444444444444	0.5924786324786325	0.9992844272844272
B_memory	ING4	15	-0.26017094017094017	0.91	0.011282051282051283	0.6403418803418803	0.9992844272844272
B_memory	TCF7L2	116	-0.26153846153846155	0.876	-0.0010256410256410256	0.5794871794871795	0.9992844272844272
B_memory	RFX5	23	-0.26222222222222225	0.885	0.002393162393162393	0.5705982905982906	0.9992844272844272
B_memory	ZNF76	7	-0.26222222222222225	0.892	-0.0003418803418803419	0.5733333333333334	0.9992844272844272
B_memory	CTBP1	10	-0.26495726495726496	0.91	0.004786324786324786	0.5911111111111111	0.9992844272844272
B_memory	EBF3	9	-0.26495726495726496	0.898	-0.0013675213675213675	0.584957264957265	0.9992844272844272
B_memory	VDR	148	-0.26564102564102565	0.89	-0.0013675213675213675	0.561025641025641	0.9992844272844272
B_memory	RFXAP	16	-0.26632478632478634	0.909	0.01264957264957265	0.5781196581196582	0.9992844272844272
B_memory	TLX2	5	-0.26632478632478634	0.9019019019019019	0.0044444444444444444	0.5924786324786325	0.9992844272844272
B_memory	SALL2	5	-0.267008547008547	0.9029029029029029	0.0044444444444444444	0.5924786324786325	0.9992844272844272
B_memory	TET1	15	-0.27111111111111114	0.917	0.011282051282051283	0.6403418803418803	0.9992844272844272
B_memory	HES5	7	-0.2717948717948718	0.898	-0.0003418803418803419	0.5733333333333334	0.9992844272844272
B_memory	CLOCK	65	-0.27247863247863247	0.908	-0.0017094017094017094	0.5268376068376068	0.9992844272844272
B_memory	EGR3	32	-0.27384615384615385	0.93	0.009572649572649573	0.5712820512820512	0.9992844272844272
B_memory	NFKB1_NFKB2	794	-0.27384615384615385	0.91	0.00547008547008547	0.6143589743589744	0.9992844272844272
B_memory	NFKB1_REL	794	-0.27384615384615385	0.91	0.00547008547008547	0.6143589743589744	0.9992844272844272
B_memory	NFKB1_RELA	794	-0.27384615384615385	0.91	0.00547008547008547	0.6143589743589744	0.9992844272844272
B_memory	NFKB1_RELB	794	-0.27384615384615385	0.91	0.00547008547008547	0.6143589743589744	0.9992844272844272
B_memory	NFKB2_REL	794	-0.27384615384615385	0.91	0.00547008547008547	0.6143589743589744	0.9992844272844272
B_memory	NFKB2_RELA	794	-0.27384615384615385	0.91	0.00547008547008547	0.6143589743589744	0.9992844272844272
B_memory	NFKB2_RELB	794	-0.27384615384615385	0.91	0.00547008547008547	0.6143589743589744	0.9992844272844272
B_memory	RELA_RELB	794	-0.27384615384615385	0.91	0.00547008547008547	0.6143589743589744	0.9992844272844272
B_memory	REL_RELA	794	-0.27384615384615385	0.91	0.00547008547008547	0.6143589743589744	0.9992844272844272
B_memory	REL_RELB	794	-0.27384615384615385	0.91	0.00547008547008547	0.6143589743589744	0.9992844272844272
B_memory	RELB	811	-0.27521367521367524	0.902	0.006837606837606838	0.6868376068376069	0.9992844272844272
B_memory	NR2E1	16	-0.27589743589743587	0.914	0.01264957264957265	0.5781196581196582	0.9992844272844272
B_memory	FOXO3	195	-0.27726495726495726	0.903	0.0006837606837606838	0.5726495726495726	0.9992844272844272
B_memory	PAX9	10	-0.27726495726495726	0.92	0.004786324786324786	0.5911111111111111	0.9992844272844272
B_memory	PLAGL1	19	-0.27726495726495726	0.924	0.012991452991452993	0.545982905982906	0.9992844272844272
B_memory	TFAP2D	9	-0.27794871794871795	0.91	-0.0013675213675213675	0.584957264957265	0.9992844272844272
B_memory	ELF4	50	-0.27931623931623933	0.913	0.003076923076923077	0.5446153846153846	0.9992844272844272
B_memory	TFAP2C	33	-0.27931623931623933	0.923	0.02017094017094017	0.6355555555555555	0.9992844272844272
B_memory	FOXF2	13	-0.28	0.908	-0.0010256410256410256	0.5726495726495726	0.9992844272844272
B_memory	NFIB	26	-0.28068376068376066	0.909	0.013675213675213675	0.5029059829059829	0.9992844272844272
B_memory	SMARCA5	16	-0.28478632478632476	0.923	0.01264957264957265	0.5781196581196582	0.9992844272844272
B_memory	AR	506	-0.28547008547008546	0.938	0.018803418803418803	0.6164102564102564	0.9992844272844272
B_memory	RXRG	7	-0.28615384615384615	0.911	-0.0003418803418803419	0.5733333333333334	0.9992844272844272
B_memory	ZNF423	5	-0.28615384615384615	0.9229229229229229	0.0044444444444444444	0.5924786324786325	0.9992844272844272
B_memory	POU4F1	31	-0.28683760683760684	0.911	0.0071794871794871795	0.625982905982906	0.9992844272844272
B_memory	HESX1	30	-0.28752136752136753	0.918	0.01264957264957265	0.6075213675213675	0.9992844272844272
B_memory	RARG	40	-0.2882051282051282	0.935	0.012307692307692308	0.6184615384615385	0.9992844272844272
B_memory	TOX3	6	-0.28957264957264955	0.931	0.0071794871794871795	0.5945299145299145	0.9992844272844272
B_memory	TFAP2A	311	-0.292991452991453	0.919	0.00547008547008547	0.5911111111111111	0.9992844272844272
B_memory	LMO4	5	-0.29435897435897435	0.9259259259259259	0.0044444444444444444	0.5924786324786325	0.9992844272844272
B_memory	TBX1	14	-0.29435897435897435	0.926	0.006153846153846154	0.6458119658119658	0.9992844272844272
B_memory	BMAL1	57	-0.29572649572649573	0.913	0.016752136752136753	0.6136752136752137	0.9992844272844272
B_memory	SFPQ	29	-0.2964102564102564	0.919	-0.007863247863247864	0.6	0.9992844272844272
B_memory	NR2C2	59	-0.29777777777777775	0.917	0.0071794871794871795	0.602051282051282	0.9992844272844272
B_memory	FOXO4	31	-0.29982905982905983	0.914	0.0071794871794871795	0.625982905982906	0.9992844272844272
B_memory	SIX1	18	-0.30393162393162393	0.945	0.014017094017094018	0.6088888888888889	0.9992844272844272
B_memory	ZBTB7A	36	-0.3052991452991453	0.924	0.008547008547008548	0.6041025641025641	0.9992844272844272
B_memory	YY1	260	-0.30666666666666664	0.932	-0.011965811965811967	0.6287179487179487	0.9992844272844272
B_memory	ASXL1	5	-0.30803418803418803	0.934934934934935	0.0044444444444444444	0.5924786324786325	0.9992844272844272
B_memory	MLX	5	-0.31145299145299143	0.9379379379379379	0.0044444444444444444	0.5924786324786325	0.9992844272844272
B_memory	VENTX	5	-0.31145299145299143	0.9379379379379379	0.0044444444444444444	0.5924786324786325	0.9992844272844272
B_memory	NPAS2	8	-0.3128205128205128	0.939	0.008547008547008548	0.5343589743589744	0.9992844272844272
B_memory	NR2F6	16	-0.3148717948717949	0.94	0.01264957264957265	0.5781196581196582	0.9992844272844272
B_memory	HR	92	-0.3182905982905983	0.937	-0.012307692307692308	0.6006837606837607	0.9992844272844272
B_memory	E2F2	50	-0.318974358974359	0.947	0.003076923076923077	0.5446153846153846	0.9992844272844272
B_memory	SPDEF	18	-0.31965811965811963	0.95	0.014017094017094018	0.6088888888888889	0.9992844272844272
B_memory	EZH2	154	-0.3237606837606838	0.956	0.008547008547008548	0.6601709401709401	0.9992844272844272
B_memory	JUND	620	-0.3264957264957265	0.943	0.003418803418803419	0.5617094017094018	0.9992844272844272
B_memory	NR3C2	56	-0.3285470085470085	0.941	0.011282051282051283	0.5774358974358974	0.9992844272844272
B_memory	GLI1	176	-0.3299145299145299	0.937	-0.002735042735042735	0.6095726495726496	0.9992844272844272
B_memory	HIF3A	6	-0.3299145299145299	0.951	0.0071794871794871795	0.5945299145299145	0.9992844272844272
B_memory	MLXIP	5	-0.3312820512820513	0.9459459459459459	0.0044444444444444444	0.5924786324786325	0.9992844272844272
B_memory	E4F1	9	-0.3326495726495726	0.945	-0.0013675213675213675	0.584957264957265	0.9992844272844272
B_memory	FOSB_JUN	589	-0.334017094017094	0.938	0.002393162393162393	0.6847863247863248	0.9992844272844272
B_memory	FOSB_JUNB	589	-0.334017094017094	0.938	0.002393162393162393	0.6847863247863248	0.9992844272844272
B_memory	FOSB_JUND	589	-0.334017094017094	0.938	0.002393162393162393	0.6847863247863248	0.9992844272844272
B_memory	FOSL1_JUN	589	-0.334017094017094	0.938	0.002393162393162393	0.6847863247863248	0.9992844272844272
B_memory	FOSL1_JUNB	589	-0.334017094017094	0.938	0.002393162393162393	0.6847863247863248	0.9992844272844272
B_memory	FOSL1_JUND	589	-0.334017094017094	0.938	0.002393162393162393	0.6847863247863248	0.9992844272844272
B_memory	FOSL2_JUN	589	-0.334017094017094	0.938	0.002393162393162393	0.6847863247863248	0.9992844272844272
B_memory	FOSL2_JUNB	589	-0.334017094017094	0.938	0.002393162393162393	0.6847863247863248	0.9992844272844272
B_memory	FOSL2_JUND	589	-0.334017094017094	0.938	0.002393162393162393	0.6847863247863248	0.9992844272844272
B_memory	FOS_JUN	589	-0.334017094017094	0.938	0.002393162393162393	0.6847863247863248	0.9992844272844272
B_memory	FOS_JUNB	589	-0.334017094017094	0.938	0.002393162393162393	0.6847863247863248	0.9992844272844272
B_memory	FOS_JUND	589	-0.334017094017094	0.938	0.002393162393162393	0.6847863247863248	0.9992844272844272
B_memory	JUNB_JUND	589	-0.334017094017094	0.938	0.002393162393162393	0.6847863247863248	0.9992844272844272
B_memory	JUN_JUNB	589	-0.334017094017094	0.938	0.002393162393162393	0.6847863247863248	0.9992844272844272
B_memory	JUN_JUND	589	-0.334017094017094	0.938	0.002393162393162393	0.6847863247863248	0.9992844272844272
B_memory	MEOX1	8	-0.3401709401709402	0.953	0.008547008547008548	0.5343589743589744	0.9992844272844272
B_memory	ZNF804A	10	-0.3415384615384615	0.949	0.004786324786324786	0.5911111111111111	0.9992844272844272
B_memory	ZFPM1	16	-0.3422222222222222	0.953	0.01264957264957265	0.5781196581196582	0.9992844272844272
B_memory	EWSR1	58	-0.3442735042735043	0.947	-0.005128205128205128	0.5931623931623932	0.9992844272844272
B_memory	ZFPM2	12	-0.3442735042735043	0.95	0.01435897435897436	0.5446153846153846	0.9992844272844272
B_memory	ETV6	27	-0.34564102564102567	0.968	0.01811965811965812	0.6013675213675214	0.9992844272844272
B_memory	EN1	11	-0.3463247863247863	0.954	0.0003418803418803419	0.7100854700854701	0.9992844272844272
B_memory	HDAC7	13	-0.3490598290598291	0.953	-0.0010256410256410256	0.5726495726495726	0.9992844272844272
B_memory	JUN	894	-0.3490598290598291	0.94	-0.003076923076923077	0.6806837606837607	0.9992844272844272
B_memory	CEBPE	36	-0.3504273504273504	0.959	0.008547008547008548	0.6041025641025641	0.9992844272844272
B_memory	NFATC3	40	-0.3545299145299145	0.971	0.012307692307692308	0.6184615384615385	0.9992844272844272
B_memory	SOX17	45	-0.3545299145299145	0.968	0.012307692307692308	0.5131623931623932	0.9992844272844272
B_memory	JUNB	617	-0.3552136752136752	0.962	-0.009572649572649573	0.612991452991453	0.9992844272844272
B_memory	KLF9	26	-0.3558974358974359	0.953	0.013675213675213675	0.5029059829059829	0.9992844272844272
B_memory	FOSL2	42	-0.3565811965811966	0.958	-0.004786324786324786	0.6252991452991453	0.9992844272844272
B_memory	SNAI2	48	-0.3606837606837607	0.961	0.01982905982905983	0.5753846153846154	0.9992844272844272
B_memory	POU5F1	92	-0.36136752136752137	0.963	-0.012307692307692308	0.6006837606837607	0.9992844272844272
B_memory	FLI1	94	-0.36683760683760686	0.972	-0.006495726495726496	0.556923076923077	0.9992844272844272
B_memory	USF1	224	-0.37162393162393165	0.968	0.008547008547008548	0.6170940170940171	0.9992844272844272
B_memory	SOX6	24	-0.3723076923076923	0.963	0.009230769230769232	0.625982905982906	0.9992844272844272
B_memory	BHLHA15	20	-0.38188034188034187	0.98	0.002735042735042735	0.5678632478632478	0.9992844272844272
B_memory	MYOG	64	-0.38256410256410256	0.969	-0.002735042735042735	0.5241025641025641	0.9992844272844272
B_memory	CTBP2	16	-0.3852991452991453	0.969	0.01264957264957265	0.5781196581196582	0.9992844272844272
B_memory	LHX2	41	-0.38666666666666666	0.972	0.012307692307692308	0.587008547008547	0.9992844272844272
B_memory	CEBPB	445	-0.38871794871794874	0.971	-0.004786324786324786	0.6704273504273505	0.9992844272844272
B_memory	SNAI1	98	-0.38871794871794874	0.956	-0.002735042735042735	0.5596581196581196	0.9992844272844272
B_memory	ATF2	118	-0.3935042735042735	0.969	-0.0003418803418803419	0.6772649572649573	0.9992844272844272
B_memory	KCNIP3	16	-0.3935042735042735	0.971	0.01264957264957265	0.5781196581196582	0.9992844272844272
B_memory	PBRM1	9	-0.39418803418803416	0.973	-0.0013675213675213675	0.584957264957265	0.9992844272844272
B_memory	ZIC1	17	-0.39418803418803416	0.979	-0.004786324786324786	0.5788034188034188	0.9992844272844272
B_memory	SSRP1	146	-0.39692307692307693	0.982	0.009230769230769232	0.576068376068376	0.9992844272844272
B_memory	NR4A2	60	-0.39965811965811965	0.971	0.00547008547008547	0.5794871794871795	0.9992844272844272
B_memory	ETV1	22	-0.40376068376068375	0.977	0.011623931623931626	0.6300854700854701	0.9992844272844272
B_memory	PLAG1	7	-0.40376068376068375	0.985	-0.0003418803418803419	0.5733333333333334	0.9992844272844272
B_memory	DMTF1	18	-0.40786324786324785	0.978	0.014017094017094018	0.6088888888888889	0.9992844272844272
B_memory	ZNF350	9	-0.40786324786324785	0.978	-0.0013675213675213675	0.584957264957265	0.9992844272844272
B_memory	MYOD1	142	-0.4112820512820513	0.971	-0.00547008547008547	0.5726495726495726	0.9992844272844272
B_memory	KAT5	57	-0.41196581196581195	0.968	0.016752136752136753	0.6136752136752137	0.9992844272844272
B_memory	DDIT3	99	-0.414017094017094	0.979	0.0252991452991453	0.5364102564102564	0.9992844272844272
B_memory	HBP1	44	-0.4222222222222222	0.986	0.003418803418803419	0.5658119658119658	0.9992844272844272
B_memory	PML	18	-0.4229059829059829	0.985	0.014017094017094018	0.6088888888888889	0.9992844272844272
B_memory	CREBBP	36	-0.4311111111111111	0.984	0.008547008547008548	0.6041025641025641	0.9992844272844272
B_memory	TEAD4	12	-0.4406837606837607	0.988	0.01435897435897436	0.5446153846153846	0.9992844272844272
B_memory	SIM2	11	-0.4413675213675214	0.983	0.0003418803418803419	0.7100854700854701	0.9992844272844272
B_memory	GLI3	43	-0.4427350427350427	0.986	0.01094017094017094	0.5794871794871795	0.9992844272844272
B_memory	HAND2	40	-0.4427350427350427	0.988	0.012307692307692308	0.6184615384615385	0.9992844272844272
B_memory	MEF2A	116	-0.4488888888888889	0.981	-0.0010256410256410256	0.5794871794871795	0.9992844272844272
B_memory	LEF1	118	-0.4523076923076923	0.984	-0.0003418803418803419	0.6772649572649573	0.9992844272844272
B_memory	NUPR1	6	-0.45504273504273507	0.987	0.0071794871794871795	0.5945299145299145	0.9992844272844272
B_memory	TBXT	13	-0.4564102564102564	0.986	-0.0010256410256410256	0.5726495726495726	0.9992844272844272
B_memory	EGR1	359	-0.4584615384615385	0.987	-0.002735042735042735	0.6895726495726495	0.9992844272844272
B_memory	LYL1	13	-0.45914529914529917	0.986	-0.0010256410256410256	0.5726495726495726	0.9992844272844272
B_memory	MEOX2	7	-0.465982905982906	0.991	-0.0003418803418803419	0.5733333333333334	0.9992844272844272
B_memory	EGR2	73	-0.49401709401709404	0.995	-0.002735042735042735	0.6088888888888889	0.9992844272844272
B_memory	ASCL2	10	-0.5008547008547009	0.996	0.004786324786324786	0.5911111111111111	0.9992844272844272
B_memory	POU3F1	23	-0.5138461538461538	0.997	0.002393162393162393	0.5705982905982906	0.9992844272844272
B_memory	HIPK2	9	-0.5145299145299145	0.996	-0.0013675213675213675	0.584957264957265	0.9992844272844272
B_memory	OLIG1	7	-0.5186324786324786	0.995	-0.0003418803418803419	0.5733333333333334	0.9992844272844272
B_memory	TBPL2	10	-0.5336752136752136	0.998	0.004786324786324786	0.5911111111111111	0.9992844272844272
B_memory	TADA2A	8	-0.5364102564102564	0.996	0.008547008547008548	0.5343589743589744	0.9992844272844272
B_memory	CREB3	15	-0.5705982905982906	1.0	0.011282051282051283	0.6403418803418803	1.0
