se_mre	clumped	hetchisq	num_studies	pval_mre	samplesize	beta_a1	freq_se	hetpval	hetisq	rsid	pval_are	direction	cistrans	a1	a2	se_are	snp	pval	tausq	cpg	beta_are_a1	freq_a1	se
0.0235258	True	58.2925578	26	3.734e-09	20115	-0.1386982	0.0315	0.000179	57.1	rs10229215	4.844e-17	++++++??+?+?++-++++++++?????+++++?++	True	G	A	0.0163811	chr7:7171465:SNP	0.0	0.0035989	cg19603390	-0.1374439	0.4335	0.0100896
0.0738982	False	136.8600398	31	0.0002887	23719	0.2678954	0.0184	1.354e-15	78.1	rs112188964	3.041e-13	++++++?++++?++-++++?+++++?+++-+++?-+	True	A	G	0.0364315	chr7:7181138:SNP	0.0	0.0294714	cg19603390	0.2656795	0.0898	0.0161986
0.0777225	False	132.3156593	29	0.0005777	22710	0.2675124	0.0189	1.716e-15	78.8	rs56132227	3.857e-12	----?-?----?--+----?----??---+---?+-	True	G	A	0.0376816	chr7:7192901:SNP	0.0	0.0297713	cg19603390	0.2615979	0.0915	0.0164473
0.0864603	False	176.4925596	29	0.0003324	22446	0.3102764	0.0163	1.75e-23	84.1	rs17164006	2.226e-16	++++++??+++?++-++++?++++??+++++++?-+	True	T	C	0.0360278	chr7:7194870:SNP	0.0	0.029469	cg19603390	0.2957605	0.1344	0.0137167
0.0495545	False	151.5583676	30	0.0006991	23327	0.1679867	0.0286	1.527e-18	80.9	rs62453515	2.689e-13	++++++??+++?+++++-++++++??++++-++?-+	True	A	C	0.0226896	chr7:7220486:SNP	0.0	0.011592	cg19603390	0.1658407	0.3805	0.009482
0.0251112	False	40.0258907	31	7.558e-11	24142	-0.1634521	0.0073	0.1044	25.0	rs10242378	1.09e-12	++++++?++++?+-+++-+-++++??+++-+++?++	True	T	A	0.0225665	chr7:7225487:SNP	0.0	0.003722	cg19603390	-0.1606429	0.0641	0.0188212
0.0412876	False	133.5637135	31	0.0006868	24110	-0.1401635	0.0281	5.034e-15	77.5	rs10279376	8.121e-12	------?----?---+-+---+--??----+--?+-	True	T	C	0.0204824	chr7:7233913:SNP	0.0	0.0093523	cg19603390	-0.1400258	0.3937	0.0092737
0.1216388	False	320.2579685	31	0.002589	24153	0.3664673	0.0181	2.621e-50	90.6	rs4724963	1.188e-19	++++++?++++?++++++++++++??+++++++?++	True	T	C	0.0384328	chr7:7272034:SNP	0.0	0.0395374	cg19603390	0.3485946	0.1874	0.0113945
0.0291004	False	46.5367924	31	7.207e-08	24120	-0.1567327	0.0076	0.0276	35.5	rs35937955	2.671e-10	+++-++?-+++?+-+-+-+-++++??+++++++?++	True	C	T	0.0244363	chr7:7289537:SNP	0.0	0.0060993	cg19603390	-0.1543579	0.0637	0.0187596
0.0455803	False	132.307338	29	0.002402	21893	-0.1383561	0.0316	1.721e-15	78.8	rs10279324	5.754e-10	++++++??+?+?+++-+-++++++??-+++-++?-+	True	G	C	0.0220048	chr7:7296520:SNP	0.0	0.0102463	cg19603390	-0.1363642	0.4211	0.0096461
0.0817958	False	217.5570321	31	0.0003836	24155	0.290466	0.0162	2.446e-30	86.2	rs13237081	6.05e-19	++++++?++++?++++++++++++??+++++++?++	True	A	G	0.0316097	chr7:7301540:SNP	0.0	0.0250606	cg19603390	0.2810454	0.1956	0.0112792
0.0601446	False	69.6572909	30	8.769e-07	23454	0.2957568	0.0101	3.377e-05	58.4	rs58285948	1.582e-14	------?----?--+---------??-?-----?+-	True	C	T	0.0411996	chr7:7305712:SNP	0.0	0.0268835	cg19603390	0.3164421	0.0371	0.0250396
0.0587687	False	68.3619627	30	1.012e-06	23349	0.2873339	0.0104	5.063e-05	57.6	rs58968692	5.496e-14	------?----?--+----------???-----?+-	True	C	T	0.0407013	chr7:7312747:SNP	0.0	0.0257981	cg19603390	0.3060556	0.0375	0.0249304
0.0580094	False	47.7624814	27	1.259e-07	22284	0.3065601	0.0046	0.005755	45.6	rs141607595	1.502e-12	------?----?---+--------?????-+--??-	True	G	C	0.0450159	chr7:7326204:SNP	0.0	0.0229343	cg19603390	0.3184585	0.0228	0.031578
0.0274029	False	76.3052165	28	0.001	21281	0.09017	0.0298	1.353e-06	64.6	rs7805631	2.411e-07	----++??-?-?------------???++----?--	True	T	A	0.0172692	chr7:7349256:SNP	0.0	0.0049021	cg19603390	0.089186	0.4916	0.0096963
0.1086523	False	82.4100355	17	0.02735	13668	0.2397337	0.0225	6.103e-11	80.6	chr7:7187281:I	1.018e-06	?--??-????-??-+?----??--???-?--???+-	True	I	D	0.0514406	chr7:7187281:INDEL	0.0	0.032642	cg19603390	0.2514519	0.0931	0.021095
0.1591675	False	433.8476326	30	0.01053	23356	0.4071454	0.0202	9.9e-74	93.3	rs740532	5.115e-20	++++++??+++?++++++++++++??++++-++?++	True	A	G	0.0423164	chr7:7221982:SNP	2.1e-320	0.0481917	cg19603390	0.3876846	0.2323	0.0106394
0.1464296	False	433.0253981	32	0.006315	24639	0.399891	0.0197	2.185e-72	92.8	rs55918303	2.725e-21	++++++?++++?+++++++++++++?+++++++?-+	True	A	T	0.0402559	chr7:7228646:SNP	2.1e-318	0.0462809	cg19603390	0.3813351	0.2246	0.0104828
0.1465486	False	433.5064068	32	0.006438	24640	0.3992885	0.0196	1.745e-72	92.8	rs12164111	3.419e-21	------?----?-------------?-------?+-	True	G	A	0.0402652	chr7:7230941:SNP	1.22e-317	0.046308	cg19603390	0.3804677	0.2248	0.0104797
0.1455688	False	430.6061357	32	0.00614	24633	0.3988877	0.0203	6.754e-72	92.8	rs56160222	2.282e-21	------?----?-------------?-------?+-	True	G	C	0.0401231	chr7:7246595:SNP	5.28e-317	0.0459634	cg19603390	0.3808206	0.2249	0.0104797
0.1461634	False	432.3176586	32	0.00637	24640	0.3987477	0.0197	3.039e-72	92.8	rs73045722	3.65e-21	------?----?-------------?-------?+-	True	C	T	0.0402165	chr7:7234266:SNP	1.03e-316	0.0461823	cg19603390	0.3797329	0.2249	0.0104809
0.1464229	False	433.076246	32	0.006489	24640	0.3985608	0.0197	2.133e-72	92.8	rs55751634	4.086e-21	------?----?-------------?-------?+-	True	G	A	0.0402516	chr7:7234098:SNP	2.09e-316	0.0462715	cg19603390	0.3795883	0.2249	0.0104811
0.1463206	False	432.7028036	32	0.006457	24640	0.3985226	0.0197	2.539e-72	92.8	rs11978295	4.073e-21	++++++?++++?+++++++++++++?+++++++?-+	True	T	C	0.0402405	chr7:7232397:SNP	3.05e-316	0.0462429	cg19603390	0.3794961	0.2248	0.0104828
0.1602226	False	406.0986318	29	0.009703	21897	0.4143762	0.0198	1.122e-68	93.1	rs740530	2.827e-19	++++++??+?+?++++++++++++??+++++++?++	True	T	C	0.0433087	chr7:7222194:SNP	6.38e-308	0.0486423	cg19603390	0.3887069	0.2284	0.0110471
0.1346586	False	404.0628952	32	0.004104	24638	0.3864804	0.02	1.566e-66	92.3	rs4724959	4.259e-22	------?----?-------------?-------?+-	True	G	A	0.038345	chr7:7226762:SNP	2.75e-306	0.0417141	cg19603390	0.3705921	0.2337	0.0103311
0.134564	False	403.8081551	32	0.004096	24649	0.3862855	0.0201	1.763e-66	92.3	rs12671825	4.176e-22	++++++?++++?+++++++++++++?+++++++?-+	True	A	G	0.0383315	chr7:7227509:SNP	5.03e-306	0.0416803	cg19603390	0.3705387	0.2335	0.0103304
0.1361632	False	408.2035115	32	0.00452	24619	0.3866219	0.0201	2.288e-67	92.4	rs4720725	7.413e-22	++++++?++++?+++++++++++++?+++++++?-+	True	A	G	0.0385694	chr7:7225442:SNP	5.94e-306	0.0422539	cg19603390	0.3705665	0.2332	0.0103406
0.1346312	False	403.9790388	32	0.00413	24646	0.3861277	0.02	1.628e-66	92.3	rs4263662	4.644e-22	++++++?++++?+++++++++++++?+++++++?-+	True	T	C	0.0383423	chr7:7227427:SNP	9.91e-306	0.0417057	cg19603390	0.3702266	0.2336	0.0103311
0.1344033	False	403.270085	32	0.004079	24646	0.3860056	0.02	2.263e-66	92.3	rs4380837	4.406e-22	------?----?-------------?-------?+-	True	G	A	0.0383121	chr7:7227249:SNP	1.68e-305	0.0416318	cg19603390	0.3701414	0.2335	0.0103318
0.1400542	False	374.3305967	30	0.004264	22387	0.4002679	0.0203	1.146e-61	92.3	rs6651061	2.953e-21	++++++??+?+?+++++++++++++?+++++++?-+	True	A	G	0.0401416	chr7:7226944:SNP	6.61e-298	0.042776	cg19603390	0.3799151	0.231	0.0108502
0.1367582	False	392.4717649	31	0.005324	24130	0.3811104	0.0201	9.253e-65	92.4	rs55703699	6.547e-21	------?----?------------??-------?+-	True	G	A	0.0388785	chr7:7252450:SNP	5.27e-291	0.0415454	cg19603390	0.3647112	0.2339	0.0104536
0.1588323	False	427.2240934	30	0.01338	23428	0.3928642	0.02	2.209e-72	93.2	rs147202297	1.847e-18	++++++?++++?++++++++++++??+++++?+?-+	True	T	C	0.0425556	chr7:7237573:SNP	1.04e-290	0.0486639	cg19603390	0.3730546	0.2239	0.0107815
0.1273111	False	350.9711203	32	0.002919	24628	0.3789021	0.0185	6.942e-56	91.2	rs68027864	1.423e-20	++++++?++++?+++++++++++++?+++++++?++	True	T	C	0.0389961	chr7:7242819:SNP	6.76e-249	0.0423836	cg19603390	0.3626089	0.1872	0.0112449
0.1244394	False	340.7594269	32	0.0026	24630	0.3747456	0.0178	7.484e-54	90.9	rs4724962	1.308e-20	------?----?-------------?-------?--	True	G	A	0.0386868	chr7:7255637:SNP	2.71e-240	0.0415829	cg19603390	0.3600789	0.1849	0.0113207
0.1338348	False	348.6848097	31	0.005135	24124	0.3745259	0.0181	5.747e-56	91.4	rs35560629	1.12e-18	------?----?--+---------??-------?--	True	C	T	0.0404737	chr7:7210794:SNP	4.64e-232	0.0443554	cg19603390	0.357077	0.1831	0.0115148
0.1338348	False	348.6848097	31	0.005135	24124	0.3745259	0.0181	5.747e-56	91.4	rs67493496	1.12e-18	------?----?--+---------??-------?--	True	G	T	0.0404737	chr7:7211127:SNP	4.64e-232	0.0443554	cg19603390	0.357077	0.1831	0.0115148
0.1350009	False	351.1486292	31	0.005682	24151	0.373356	0.018	1.849e-56	91.5	rs6976900	1.379e-18	------?----?--+---------??-------?--	True	G	A	0.0406722	chr7:7207109:SNP	7.02e-230	0.0448407	cg19603390	0.3578783	0.1825	0.0115337
0.1351515	False	351.5289088	31	0.005762	24151	0.3731556	0.018	1.552e-56	91.5	rs6957306	1.517e-18	++++++?++++?++-+++++++++??+++++++?++	True	T	C	0.0406949	chr7:7206990:SNP	1.28e-229	0.0448969	cg19603390	0.3576419	0.1825	0.011534
0.1351515	False	351.5289088	31	0.005762	24151	0.3731556	0.018	1.552e-56	91.5	rs6976898	1.517e-18	------?----?--+---------??-------?--	True	G	A	0.0406949	chr7:7207103:SNP	1.28e-229	0.0448969	cg19603390	0.3576419	0.1825	0.011534
0.1314161	False	341.6976962	31	0.004601	24154	0.3723947	0.0181	1.427e-54	91.2	rs4720723	4.9e-19	++++++?++++?++-+++++++++??+++++++?++	True	T	C	0.0401566	chr7:7205749:SNP	1.53e-228	0.043555	cg19603390	0.3579758	0.1821	0.0115379
0.1339301	False	348.1054462	31	0.005451	24148	0.372205	0.0181	7.502e-56	91.4	rs72572454	1.283e-18	++++++?++++?++-+++++++++??+++++++?++	True	A	G	0.0405333	chr7:7201637:SNP	3.84e-228	0.0444839	cg19603390	0.3569861	0.1819	0.0115422
0.1260223	False	327.8247625	31	0.003613	24142	0.3667436	0.0193	8.249e-52	90.8	rs11970790	1.319e-18	++++++?++++?++++++++++++??+++++++?-+	True	T	C	0.0393591	chr7:7279383:SNP	6.34e-222	0.0415685	cg19603390	0.3465221	0.182	0.0115326
0.1281582	False	321.9812852	30	0.004231	23617	0.3665865	0.0185	3.538e-51	91.0	rs73049979	2.654e-18	++++?+?++++?++++++++++++??+++++++?++	True	T	C	0.0397195	chr7:7284890:SNP	2.41e-221	0.0410244	cg19603390	0.3465658	0.1868	0.0115429
0.1240593	False	328.2150148	31	0.003942	24118	0.3576324	0.0178	6.9e-52	90.9	rs35838744	1.64e-18	++++++?++++?++++++++++++??+++++++?++	True	C	G	0.0386939	chr7:7292904:SNP	2.56e-218	0.0402258	cg19603390	0.3397195	0.1908	0.0113395
0.1286115	False	328.4084858	31	0.004303	24114	0.3671965	0.0198	6.316e-52	90.9	rs12666790	2.739e-18	++++++?++++?++++++++++++??+++++++?++	True	A	G	0.0401107	chr7:7198489:SNP	1.94e-214	0.0432367	cg19603390	0.349836	0.1746	0.0117486
0.1281958	False	324.0849035	30	0.005447	23623	0.3562979	0.0179	1.349e-51	91.1	rs2190936	2.266e-17	++++?+?++++?++++++++++++??+++++++?++	True	T	C	0.0395867	chr7:7282445:SNP	8.38e-212	0.0408013	cg19603390	0.3356672	0.1907	0.0114713
0.1327655	False	291.2664505	28	0.004468	21175	0.3774616	0.0198	3.968e-46	90.7	chr7:7279373:D	2.968e-17	++++++??+?+?++++++++++++??+++++?+?-+	True	D	I	0.0418806	chr7:7279373:INDEL	1.43e-206	0.0423125	cg19603390	0.3538003	0.1806	0.0123072
0.1097296	False	310.1307213	32	0.002318	24640	0.3342458	0.0179	8.628e-48	90.0	rs11972596	6.882e-19	------?----?-------------?-------?+-	True	C	T	0.0358461	chr7:7271879:SNP	5.81e-204	0.035188	cg19603390	0.3181979	0.2035	0.0109683
0.1104263	False	311.8314598	32	0.002501	24649	0.3338415	0.0181	3.988e-48	90.1	rs12539501	9.101e-19	------?----?-------------?-------?+-	True	G	A	0.0359627	chr7:7268794:SNP	3.97e-203	0.0354598	cg19603390	0.3181124	0.2032	0.0109778
0.1150285	False	310.9009698	31	0.00363	24144	0.3345741	0.0182	1.868e-48	90.4	rs56274106	8e-18	------?----?------------??-------?+-	True	C	A	0.0369238	chr7:7267474:SNP	1.32e-199	0.0363147	cg19603390	0.3175296	0.2026	0.0110995
0.1326541	False	271.5760284	26	0.008037	20103	0.3516012	0.0193	2.87e-43	90.8	chr7:7260157:I	3.338e-15	---?--??-?-?------------???----?-?+-	True	I	D	0.0417944	chr7:7260157:INDEL	2.65e-182	0.0390469	cg19603390	0.3292388	0.2	0.0122115
0.080556	False	254.813939	31	0.0008639	24139	0.2683684	0.0349	1.779e-37	88.2	rs4724960	2.458e-19	------?----?---+--------??-------?--	True	G	A	0.0285707	chr7:7241299:SNP	3.8e-176	0.0212162	cg19603390	0.256869	0.3416	0.0094841
0.0715126	False	237.5809907	32	0.0002467	24620	0.26214	0.0328	1.06e-33	87.0	rs7780273	3.63e-21	------?----?-------------?-------?--	True	C	A	0.0267174	chr7:7250449:SNP	1.19e-173	0.018845	cg19603390	0.2522867	0.3506	0.0093311
0.0753203	False	239.8780686	31	0.0004426	24132	0.2646197	0.0335	1.348e-34	87.5	rs4724958	2.85e-20	------?----?---+--------??-------?--	True	G	A	0.0275584	chr7:7226553:SNP	1.23e-173	0.0195441	cg19603390	0.2542109	0.3498	0.0094198
0.0760782	False	242.2390714	31	0.0005097	24114	0.2644161	0.0334	4.741e-35	87.6	rs4720726	4.483e-20	++++++?++++?+++-++++++++??+++++++?++	True	A	G	0.0276893	chr7:7225451:SNP	2.69e-173	0.0197718	cg19603390	0.2540707	0.3498	0.0094219
0.1094704	False	335.1239893	31	0.01282	24131	0.2724423	0.0198	2.914e-53	91.0	rs10282358	2.25e-14	------?----?--++--------??----+--?+-	True	G	C	0.0337677	chr7:7254866:SNP	4.2e-170	0.0307218	cg19603390	0.2578324	0.2936	0.0097997
0.2419467	False	278.007449	17	0.1342	13668	0.3624092	0.0224	8.963e-50	94.2	chr7:7227640:I	3.577e-09	?--??-????-??--?----??--???-?--???+-	True	I	D	0.0604147	chr7:7227640:INDEL	2.48e-149	0.0558378	cg19603390	0.356608	0.232	0.0139246
0.21274	False	224.4350187	17	0.09634	13668	0.3537604	0.0195	8.715e-39	92.9	rs77876714	5.071e-09	?--??-????-??--?----??--???-?--???--	True	G	T	0.0594322	chr7:7272124:SNP	2.44e-120	0.0527174	cg19603390	0.3473702	0.1839	0.0151663
0.0748837	False	232.5642987	30	0.004264	23333	0.2140108	0.0352	1.184e-33	87.5	rs57552003	1.207e-13	++++++??+++?++--+++++-++??+++++++?++	True	A	G	0.0273945	chr7:7223104:SNP	3.01e-116	0.0186633	cg19603390	0.2031594	0.4066	0.0093377
0.2017845	False	221.7601555	16	0.1273	13001	0.3076846	0.0258	7.777e-39	93.2	chr7:7242723:I	1.254e-08	?--??-????-??--?----??--?????-+???--	True	I	D	0.0547724	chr7:7242723:INDEL	1.58e-112	0.0425568	cg19603390	0.3117791	0.2683	0.0136488
0.0679656	False	222.8716351	31	0.002551	24123	0.2050674	0.0345	2.397e-31	86.5	rs4720727	3.479e-14	++++++?++++?+++-+++++-++??+++++++?++	True	C	G	0.0258292	chr7:7226695:SNP	2.8e-111	0.0169398	cg19603390	0.195763	0.4122	0.0091486
0.0656209	False	225.1494853	32	0.00259	24649	0.1976938	0.0322	2.453e-31	86.2	rs13226913	8.753e-14	------?----?---+-----+---?-------?--	True	C	T	0.025208	chr7:7246846:SNP	3.97e-106	0.0166027	cg19603390	0.1880131	0.4201	0.0090351
0.0772316	False	225.0295284	29	0.006534	21897	0.2100487	0.0358	1.147e-32	87.6	rs12702588	3.141e-12	------??-?-?--++-----+--??-------?--	True	G	A	0.0282276	chr7:7222807:SNP	6.55e-106	0.0191777	cg19603390	0.1967822	0.416	0.0096098
0.0654245	False	224.4858329	32	0.002624	24640	0.1968382	0.0322	3.277e-31	86.2	rs6463656	1.148e-13	++++++?++++?+++-+++++-+++?+++++++?++	True	T	C	0.02517	chr7:7244181:SNP	3.09e-105	0.0165446	cg19603390	0.1868277	0.4202	0.0090347
0.0654245	False	224.4858329	32	0.002624	24640	0.1968382	0.0322	3.277e-31	86.2	rs6463657	1.148e-13	++++++?++++?+++-+++++-+++?+++++++?++	True	A	G	0.02517	chr7:7244254:SNP	3.09e-105	0.0165446	cg19603390	0.1868277	0.4202	0.0090347
0.0714093	False	208.9797675	29	0.003543	21893	0.2082442	0.0344	1.353e-29	86.6	rs758263	2.995e-13	------??-?-?--++-----+--??-------?--	True	G	T	0.0271273	chr7:7221968:SNP	4.95e-105	0.0174674	cg19603390	0.1978831	0.4265	0.0095677
0.0987295	False	262.4826082	29	0.02103	22830	0.2278085	0.0219	6.14e-40	89.3	rs740534	2.981e-10	++++?+??+++?++-+++++++++??++++-++?-+	True	C	G	0.0333999	chr7:7221427:SNP	9.29e-104	0.0273937	cg19603390	0.2104123	0.2606	0.0105318
0.0610517	False	208.8944199	32	0.001439	24619	0.1945574	0.031	2.834e-28	85.2	rs10251505	2.54e-14	++++++?++++?++--+++++-+++?+++++++?-+	True	A	G	0.0243733	chr7:7254489:SNP	2.72e-102	0.0152964	cg19603390	0.1857204	0.4166	0.0090601
0.0607651	False	208.1083491	32	0.00146	24633	0.193384	0.0307	3.978e-28	85.1	rs4318980	2.569e-14	++++++?++++?++--+++++-+++?+++++++?++	True	A	G	0.0243068	chr7:7256490:SNP	2.85e-101	0.0151997	cg19603390	0.1851786	0.4176	0.0090516
0.0745472	False	205.826727	28	0.005301	21173	0.2078473	0.0361	1.922e-29	86.9	chr7:7225692:D	3.778e-12	++++++??+?+?+++-+++++-++??+++++?+?++	True	D	I	0.0280369	chr7:7225692:INDEL	2.99e-100	0.0180723	cg19603390	0.1947233	0.4129	0.009779
0.0661988	False	201.7324425	30	0.002926	22376	0.1969693	0.0321	8.772e-28	85.6	rs2881755	7.597e-13	++++++??+?+?++--+++++-+++?+++++++?++	True	T	C	0.026034	chr7:7256439:SNP	3.62e-95	0.0164558	cg19603390	0.1866181	0.4143	0.0095164
0.0661885	False	201.6300009	30	0.002918	22374	0.1969967	0.0324	9.171e-28	85.6	rs2881756	8.106e-13	++++++??+?+?++--+++++-+++?+++++++?++	True	T	C	0.0260396	chr7:7256440:SNP	3.97e-95	0.0164585	cg19603390	0.1864265	0.4132	0.0095197
0.0783611	False	256.9541393	31	0.01736	24110	0.1864252	0.0413	6.854e-38	88.3	rs10246303	5.329e-10	----+-?----?---+-----+--??-------?+-	True	T	A	0.027658	chr7:7286445:SNP	2.68e-92	0.019925	cg19603390	0.1717312	0.4245	0.0091488
0.056592	False	142.8596888	30	4.168e-05	23548	0.2319124	0.017	5.39e-17	79.7	rs4724965	5.06e-17	------?+---?------------???------?--	True	G	A	0.0268161	chr7:7307032:SNP	1.26e-90	0.0158228	cg19603390	0.2248606	0.1979	0.011488
0.1166079	False	148.9365027	17	0.03364	13668	0.2477146	0.0408	1.266e-23	89.3	chr7:7245852:I	4.313e-10	?--??-????-??--?----??--???-?--???--	True	I	D	0.0401488	chr7:7245852:INDEL	4.939e-87	0.0229654	cg19603390	0.2506193	0.3534	0.012527
0.0619193	False	131.7957691	27	0.0001331	20567	0.2365677	0.0171	4.098e-16	80.3	chr7:7306270:I	6.65e-15	------??-?-?---+--------???----?-?+-	True	I	D	0.029042	chr7:7306270:INDEL	1.472e-83	0.0167643	cg19603390	0.226265	0.2022	0.0122151
0.0822025	False	160.9980188	32	0.0004933	24649	0.286422	0.0183	1.713e-19	80.7	rs12531403	7.809e-14	++++++?++++?++-++++++++++?+++++++?-+	True	T	C	0.0378172	chr7:7185752:SNP	3.432e-73	0.0341591	cg19603390	0.2826266	0.0899	0.015828
0.0824517	False	161.4148213	32	0.0005244	24640	0.2859387	0.0184	1.443e-19	80.8	rs6964280	1.044e-13	++++++?++++?++-++++++++++?+++++++?-+	True	A	G	0.0378867	chr7:7185729:SNP	6.902e-73	0.0343008	cg19603390	0.2816943	0.0899	0.015835
0.0833946	False	163.2362531	32	0.0006116	24635	0.2857445	0.0184	6.813e-20	81.0	rs7792848	1.494e-13	------?----?--+----------?-------?+-	True	G	C	0.038099	chr7:7184532:SNP	9.047e-73	0.0347913	cg19603390	0.2814624	0.0899	0.0158374
0.0820141	False	160.9285793	32	0.0005191	24617	0.2846483	0.0183	1.762e-19	80.7	rs4724950	1.514e-13	++++++?++++?++-++++++++++?+++++++?-+	True	A	C	0.0377353	chr7:7187491:SNP	1.423e-72	0.0340161	cg19603390	0.2787111	0.0903	0.0157985
0.0818084	False	160.5472404	32	0.0005144	24616	0.2841325	0.0183	2.062e-19	80.7	rs4724951	1.677e-13	------?----?--+----------?-------?+-	True	G	A	0.0376899	chr7:7187522:SNP	2.453e-72	0.0339069	cg19603390	0.2778614	0.0903	0.0157963
0.084127	False	158.6756796	31	0.0006852	24146	0.2856469	0.0185	1.902e-19	81.1	rs12537214	2.588e-13	++++++?++++?++-+++++++++??+++++++?-+	True	A	G	0.0383404	chr7:7187175:SNP	4.078e-72	0.0341947	cg19603390	0.280432	0.0911	0.0159055
0.0465002	False	141.5598876	30	0.0002869	23369	0.168648	0.026	9.145e-17	79.5	rs1469619	3.43e-14	++++++??+++?+++++-++++++??++++-++?-+	True	T	C	0.0220547	chr7:7199239:SNP	3.913e-70	0.0107447	cg19603390	0.1671964	0.37	0.009526
0.046782	False	150.0037	31	0.0004276	24135	0.1647863	0.0265	6.697e-18	80.0	rs13241122	1.525e-13	------?----?-----+------??----+--?+-	True	G	A	0.0218797	chr7:7209062:SNP	1.973e-69	0.0110277	cg19603390	0.161581	0.3737	0.0093562
0.0466608	False	149.6385477	31	0.0004411	24150	0.1639743	0.025	7.773e-18	80.0	rs891809	1.395e-13	++++++?++++?+++++-++++++??++++-++?-+	True	A	G	0.0218461	chr7:7206913:SNP	8.678e-69	0.0109901	cg19603390	0.1615911	0.3745	0.0093547
0.1354706	False	174.3673025	17	0.1088	13667	0.2172616	0.0397	1.13e-28	90.8	chr7:7246307:D	4.414e-07	?++??+????+??+-?++++??++???+?++???-+	True	D	I	0.0430195	chr7:7246307:INDEL	2.121e-68	0.0268867	cg19603390	0.2172567	0.3615	0.0124308
0.1653189	False	189.4982298	17	0.1405	13666	0.2436979	0.0187	1.041e-31	91.6	rs13228309	2.109e-06	?--??-????-??-+?----??--???-?-+???+-	True	G	T	0.0504592	chr7:7272133:SNP	2.951e-68	0.0371741	cg19603390	0.2393148	0.2383	0.0139585
0.0443134	False	143.0922882	31	0.0002789	24136	0.1610413	0.0366	1.108e-16	79.0	rs2190935	5.678e-14	++++++?++++?++++++++++++??+++--++?++	True	T	C	0.0212575	chr7:7283017:SNP	2.608e-67	0.0102509	cg19603390	0.1597567	0.3892	0.0092905
0.0454647	False	145.7156926	31	0.0003668	24129	0.1619853	0.0261	3.833e-17	79.4	rs12530758	1.504e-13	------?----?-----+------??----+--?+-	True	G	A	0.0215817	chr7:7200635:SNP	4.267e-67	0.0106414	cg19603390	0.1594196	0.3738	0.0093603
0.084594	False	152.3453109	30	0.0009892	23621	0.2786168	0.0185	1.103e-18	81.0	rs12539444	2.337e-12	++++?+?++++?++-+++++++++??+++++++?-+	True	A	G	0.0387694	chr7:7190173:SNP	4.536e-67	0.0336548	cg19603390	0.2718805	0.0909	0.0161031
0.0737842	False	136.282234	31	0.0002197	23716	0.2726453	0.0182	1.706e-15	78.0	rs12530781	1.529e-13	++++++?++++?++-++++?+++++?+++++++?-+	True	T	C	0.0364702	chr7:7179496:SNP	3.078e-63	0.0294734	cg19603390	0.2693179	0.0892	0.0162422
0.0748529	False	138.2203017	31	0.0002692	23715	0.2727058	0.0182	7.86e-16	78.3	rs12540582	2.274e-13	++++++?++++?++-++++?+++++?+++++++?-+	True	T	C	0.0367237	chr7:7178992:SNP	3.112e-63	0.0300257	cg19603390	0.2692437	0.0891	0.0162464
0.0744776	False	137.5399942	31	0.0002612	23718	0.2719224	0.0182	1.032e-15	78.2	rs12530906	1.918e-13	++++++?++++?++-++++?+++++?+++++++?-+	True	T	C	0.0366254	chr7:7179975:SNP	6.824e-63	0.0298312	cg19603390	0.269356	0.0892	0.0162449
0.073575	False	136.1053549	31	0.000231	23717	0.2709325	0.0182	1.83e-15	78.0	rs12535245	1.813e-13	++++++?++++?++-++++?+++++?+++++++?-+	True	T	G	0.036391	chr7:7179208:SNP	1.176e-62	0.0293348	cg19603390	0.2679067	0.0893	0.0162172
0.0792704	False	134.6607532	29	0.0007332	22713	0.2676847	0.0188	6.646e-16	79.2	rs17164001	6.211e-12	----?-?----?--+----?----??-------?+-	True	G	C	0.0381057	chr7:7192868:SNP	2.614e-59	0.0305684	cg19603390	0.2619659	0.0906	0.0164827
0.0794661	False	134.929141	29	0.0007545	22707	0.26772	0.0189	5.962e-16	79.2	rs72572451	6.527e-12	++++?+?++++?++-++++?++++??+++++++?-+	True	T	G	0.0381604	chr7:7192963:SNP	2.863e-59	0.0306751	cg19603390	0.262072	0.0906	0.0164905
0.0791369	False	134.4695213	29	0.0007399	22721	0.2670359	0.0188	7.182e-16	79.2	rs16876789	6.602e-12	++++?+?++++?++-++++?++++??+++++++?-+	True	T	C	0.0380763	chr7:7192273:SNP	4.628e-59	0.0304998	cg19603390	0.2614332	0.0906	0.0164783
0.0777246	False	132.7402094	29	0.000649	22718	0.2650605	0.0192	1.445e-15	78.9	rs56289902	4.933e-12	++++?+?++++?++-++++?++++??+++++++?-+	True	T	C	0.0376369	chr7:7191986:SNP	8.613e-59	0.0297011	cg19603390	0.2599765	0.0917	0.0163951
0.0804936	False	137.6879471	29	0.00113	22470	0.262086	0.0185	1.943e-16	79.7	rs4296956	9.519e-12	------??---?--+----?----??-------?+-	True	C	A	0.0382025	chr7:7183212:SNP	1.07e-57	0.031012	cg19603390	0.2602963	0.093	0.016369
0.0767051	False	126.4559892	29	0.0004133	22197	0.2708798	0.0203	1.802e-14	77.9	rs143816947	1.044e-12	++++++??+++?++-++++?+++++?+++-+?+?-+	True	C	G	0.0381927	chr7:7181659:SNP	2.895e-57	0.0300125	cg19603390	0.2721058	0.0879	0.0169841
0.0759511	False	136.1412497	30	0.0007031	23226	0.2573502	0.0172	8.183e-16	78.7	rs12535765	7.101e-12	++++++?++++?++-++++?++++??+++++++?-+	True	C	G	0.036898	chr7:7179430:SNP	5.686e-57	0.0295164	cg19603390	0.2529585	0.0919	0.0161786
0.0778383	False	139.5995374	30	0.0009801	23222	0.2565695	0.0172	2.025e-16	79.2	rs144825755	1.419e-11	++++++?++++?++-++++?++++??+++++++?-+	True	C	G	0.0373147	chr7:7180300:SNP	1.071e-56	0.0304338	cg19603390	0.2520974	0.092	0.0161699
0.0774989	False	128.1830789	29	0.000539	22204	0.2681906	0.02	9.035e-15	78.2	rs145515385	3.291e-12	------??---?--+----?-----?-----?-?+-	True	G	T	0.0382809	chr7:7181631:SNP	1.587e-56	0.0303265	cg19603390	0.2666147	0.0883	0.0169287
0.0795778	False	137.120906	29	0.001561	22733	0.2517157	0.0184	2.448e-16	79.6	rs4724954	1.037e-10	----?-?----?--+----?----??-------?+-	True	G	A	0.0378709	chr7:7190734:SNP	4.025e-54	0.0303926	cg19603390	0.2447017	0.0933	0.0162497
0.0795778	False	137.120906	29	0.001561	22733	0.2517157	0.0184	2.448e-16	79.6	rs4724955	1.037e-10	----?-?----?--+----?----??-------?+-	True	C	A	0.0378709	chr7:7190742:SNP	4.025e-54	0.0303926	cg19603390	0.2447017	0.0933	0.0162497
0.0799264	False	137.4417245	29	0.001609	22706	0.2521131	0.0185	2.148e-16	79.6	rs113646792	1.063e-10	++++?+?++++?++-++++?+-++??+++++++?-+	True	C	G	0.0379876	chr7:7193190:SNP	4.493e-54	0.0306036	cg19603390	0.2453158	0.0931	0.0162828
0.103321	False	135.6220182	17	0.06786	13668	0.1886601	0.0382	5.167e-21	88.2	chr7:7256609:D	1.902e-07	?++??+????+??+-?++++??++???+?++???++	True	D	I	0.0373538	chr7:7256609:INDEL	4.919e-54	0.0195657	cg19603390	0.1945624	0.4184	0.0121893
0.0786464	False	135.6289166	29	0.001429	22705	0.2507846	0.0185	4.488e-16	79.4	rs11983055	9.001e-11	----?-?----?--+----?----??---+---?+-	True	C	T	0.0376106	chr7:7193254:SNP	8.025e-54	0.0299262	cg19603390	0.243824	0.0941	0.0162362
0.0796249	False	137.2459347	29	0.001644	22733	0.2506551	0.0181	2.327e-16	79.6	rs4724952	1.423e-10	----?-?----?--+----?----??-------?+-	True	C	A	0.037872	chr7:7189717:SNP	1.027e-53	0.0304062	cg19603390	0.2428891	0.0933	0.0162445
0.0788308	False	137.0440874	29	0.001658	22544	0.2479569	0.0158	2.526e-16	79.6	rs1025444	4.027e-11	++++++?++++?++--+++?++++??+?+++++?-+	True	A	G	0.0375845	chr7:7178545:SNP	1.766e-53	0.029849	cg19603390	0.2481734	0.095	0.0161062
0.0739756	False	115.4970069	28	0.0003698	20760	0.2634095	0.0199	6.452e-13	76.6	rs139480007	6.042e-12	++++++??+?+?++-++++?+++++?+++++?+?-+	True	A	G	0.0378842	chr7:7181458:SNP	2.177e-52	0.0280277	cg19603390	0.2605925	0.0906	0.0172934
0.0315475	False	98.5216286	30	7.582e-06	23357	0.1412277	0.0337	1.684e-09	70.6	rs7808731	8.832e-15	------??---?------------??-+-----?--	True	C	T	0.0180479	chr7:7318669:SNP	3.103e-52	0.0063066	cg19603390	0.1399619	0.4451	0.0092861
0.044785	False	98.7497519	30	9.127e-06	23548	0.1987056	0.0124	1.549e-09	70.6	rs1922630	1.085e-14	------?----?--++--------???--+---?--	True	G	A	0.0257068	chr7:7311749:SNP	1.428e-51	0.0127072	cg19603390	0.1986845	0.1439	0.0131521
0.0417756	False	135.1421135	31	0.0008243	24116	-0.1397191	0.0281	2.687e-15	77.8	rs6463652	1.229e-11	++++++?++++?+++-+-+++-++??++++-++?-+	True	C	T	0.0205993	chr7:7231765:SNP	2.704e-51	0.0094948	cg19603390	-0.1395973	0.3938	0.0092737
0.0408461	False	133.5099472	31	0.0007262	24147	-0.1380388	0.0312	5.143e-15	77.5	rs2347893	3.297e-11	++++++?++++?+++-++++++++??-+++-++?-+	True	G	A	0.0202954	chr7:7292614:SNP	4.025e-51	0.0091585	cg19603390	-0.1346129	0.4243	0.0091782
0.0415706	False	134.4660958	31	0.0008036	24116	-0.1393259	0.0276	3.517e-15	77.7	rs10281784	1.314e-11	++++++?++++?+++-+-+++-++??++++-++?-+	True	G	C	0.0205529	chr7:7232260:SNP	5.243e-51	0.0094358	cg19603390	-0.1390836	0.3934	0.0092746
0.0406814	False	132.985775	31	0.0007331	24155	-0.1373764	0.0312	6.332e-15	77.4	rs2108780	4.194e-11	++++++?++++?+++-++++++++??-+++-++?-+	True	C	A	0.020259	chr7:7292892:SNP	1.167e-50	0.0091106	cg19603390	-0.1336491	0.4244	0.0091772
0.0718077	False	109.9190016	27	0.0004269	20269	0.2529675	0.0204	2.728e-12	76.3	chr7:7179232:D	8.887e-12	++++++??+?+?++-++++?++++??+++++?+?-+	True	D	I	0.0369899	chr7:7179232:INDEL	3.639e-50	0.0256911	cg19603390	0.2523994	0.0961	0.0169852
0.0423048	False	142.6714492	32	0.001266	24617	-0.1363711	0.0283	2.912e-16	78.3	rs10257662	6.577e-11	++++++?++++?+++-+-+++-+++?++++-++?-+	True	G	A	0.0206154	chr7:7251226:SNP	8.612e-50	0.0098915	cg19603390	-0.1346185	0.391	0.0091921
0.0207997	False	62.3149651	29	2.642e-11	22882	-0.1386355	0.0189	0.0002044	55.1	rs6463669	1.102e-20	++++++?++++?++++++++++++????+++++?++	True	G	A	0.0147859	chr7:7332321:SNP	8.858e-50	0.0031609	cg19603390	-0.1378896	0.4681	0.0093459
0.0418417	False	134.865678	31	0.001045	24114	-0.1371641	0.0277	3e-15	77.8	rs10952045	3.083e-11	------?----?---+-+---+--??----+--?+-	True	A	G	0.0206519	chr7:7230388:SNP	3.726e-49	0.0095383	cg19603390	-0.1371814	0.3866	0.0093074
0.0418639	False	141.2119697	32	0.001226	24618	-0.1353402	0.0283	5.218e-16	78.0	rs7790219	6.663e-11	------?----?---+-+---+---?----+--?+-	True	T	G	0.0205119	chr7:7252114:SNP	4.363e-49	0.0097587	cg19603390	-0.1339031	0.3914	0.0091903
0.0422766	False	136.3573343	31	0.001242	24128	-0.1365112	0.0278	1.655e-15	78.0	rs7788032	4.249e-11	++++++?++++?+++-+-+++-++??++++-++?-+	True	G	A	0.0207456	chr7:7243446:SNP	9.103e-49	0.0096601	cg19603390	-0.1368203	0.3869	0.0093013
0.0411837	False	138.5764091	32	0.001134	24613	-0.1340536	0.0282	1.49e-15	77.6	rs971481	6.351e-11	------?----?---+-+---+---?----+--?+-	True	C	G	0.0203655	chr7:7243033:SNP	5.79e-48	0.0095717	cg19603390	-0.1330933	0.3859	0.0092129
0.0391324	False	132.2230195	32	0.0006552	24649	-0.1333506	0.0278	1.831e-14	76.6	rs2108790	2.454e-11	++++++?++++?+++-+-+++-+++?++++-++?-+	True	C	T	0.019837	chr7:7255479:SNP	7.31e-48	0.0089319	cg19603390	-0.1324339	0.3934	0.0091747
0.0812444	False	87.1126059	17	0.00844	13668	0.2139945	0.0125	8.484e-12	81.6	chr7:7306266:I	1.185e-08	?--??-????-??--?----??--???-?--???+-	True	I	D	0.0373481	chr7:7306266:INDEL	1.218e-46	0.0175069	cg19603390	0.2129513	0.204	0.0149222
0.0458912	False	132.2442868	29	0.002402	21895	-0.1392974	0.0285	1.766e-15	78.8	rs10253167	3.829e-10	++++++??+?+?+++-+-+++-++??++++-++?-+	True	C	T	0.0221272	chr7:7232285:SNP	1.301e-46	0.0103838	cg19603390	-0.1385356	0.3961	0.0097165
0.0406272	False	136.6584457	32	0.001151	24614	-0.1320664	0.0284	3.188e-15	77.3	rs7786560	9.236e-11	------?----?---+-+---+---?----+--?+-	True	A	C	0.0202379	chr7:7252249:SNP	1.418e-46	0.0094078	cg19603390	-0.1311202	0.3866	0.009216
0.0469721	False	87.4266502	27	2.07e-05	20566	0.1999714	0.0148	1.436e-08	70.3	chr7:7309169:D	1.448e-13	++++++??+?+?++--++++++++???++++?+?++	True	D	I	0.0273167	chr7:7309169:INDEL	1.758e-46	0.0127419	cg19603390	0.2019213	0.1466	0.0139691
0.0806684	False	86.6777564	17	0.008316	13668	0.2128815	0.0128	1.019e-11	81.5	chr7:7306271:I	1.093e-08	?--??-????-??--?----??--???-?--???+-	True	I	D	0.0371912	chr7:7306271:INDEL	2.309e-46	0.0173295	cg19603390	0.2125727	0.2054	0.0148907
0.0450521	False	101.1051387	30	4.843e-05	23548	0.1830501	0.0121	6.506e-10	71.3	rs10277495	1.005e-12	------?----?--++--------???--+---?--	True	G	A	0.0255169	chr7:7309519:SNP	1.5e-45	0.0126783	cg19603390	0.1819319	0.1502	0.0129223
0.0810965	False	106.0112629	24	0.002151	18805	0.2488454	0.0231	1.269e-12	78.3	chr7:7191905:D	1.146e-09	++++?+??+?+?++-++++?+?++???++++?+?-+	True	D	I	0.0401062	chr7:7191905:INDEL	2.053e-45	0.0274645	cg19603390	0.2441493	0.0983	0.0175945
0.0695388	False	63.129872	19	6.182e-05	15400	0.2785553	0.0155	6.324e-07	71.5	rs12538646	1.986e-12	+++?+???+?+?++?+++????+?????+-+++?++	True	T	C	0.0400725	chr7:7171262:SNP	7.808e-45	0.0193568	cg19603390	0.2819284	0.0912	0.0198274
0.0381624	False	121.7919801	31	0.0006145	24113	-0.1307115	0.0302	5.104e-13	75.4	rs5010183	5.995e-11	++++++?++++?+++-+-+++-++??-+++-++?-+	True	C	T	0.019863	chr7:7286198:SNP	5.894e-44	0.0085181	cg19603390	-0.1299806	0.3741	0.0094002
0.0385304	False	122.7689522	31	0.0007616	24107	-0.1297081	0.0261	3.494e-13	75.6	rs10251492	8.408e-11	++++++?++++?+++-+-++++++??-+++-++?-+	True	G	A	0.019972	chr7:7284546:SNP	3.542e-43	0.0086359	cg19603390	-0.1296809	0.3707	0.0094153
0.0361147	False	116.0756381	31	0.000383	24141	-0.1282637	0.027	4.602e-12	74.2	rs4141100	4.654e-11	++++++?++++?+++-+-++++++??-+++-++?-+	True	G	A	0.0192682	chr7:7276954:SNP	5.715e-43	0.0078746	cg19603390	-0.1268155	0.3861	0.0093339
0.0333231	False	95.5152301	29	5.708e-05	21896	0.1341114	0.0314	2.667e-09	70.7	rs6954795	7.002e-13	++++++??+?+?+++++-++++++??+++--++?++	True	C	G	0.0190375	chr7:7303659:SNP	6.82e-43	0.0068	cg19603390	0.1366778	0.3806	0.0097686
0.0360992	False	116.0109799	31	0.0003857	24138	-0.1281418	0.0271	4.717e-12	74.1	rs3807862	4.505e-11	++++++?++++?+++-+-++++++??-+++-++?-+	True	G	A	0.0192633	chr7:7277807:SNP	7.012e-43	0.0078704	cg19603390	-0.1268766	0.3862	0.0093351
0.0433887	False	123.9820115	29	0.001973	21892	-0.1342537	0.0279	4.826e-14	77.4	rs6979606	8.453e-10	++++++??+?+?+++-+-+++-++??-+++-++?-+	True	C	T	0.0216347	chr7:7258503:SNP	1.002e-42	0.0097227	cg19603390	-0.132754	0.3868	0.0097989
0.0360661	False	114.8593428	31	0.0004241	24120	-0.1271182	0.0254	7.319e-12	73.9	rs767298	3.289e-11	++++++?++++?+++++-+++-++??++++-++?-+	True	G	T	0.0193455	chr7:7274584:SNP	1.687e-41	0.0079064	cg19603390	-0.1283188	0.3684	0.0094201
0.044205	False	120.5088799	28	0.002618	21175	-0.1330307	0.0295	8.857e-14	77.6	chr7:7256163:I	1.376e-09	++++++??+?+?+++-+-+++-++??++++-?+?-+	True	I	D	0.0219935	chr7:7256163:INDEL	3.935e-41	0.0097011	cg19603390	-0.1332434	0.3946	0.0099041
0.0359343	False	114.4834948	31	0.0004653	24124	-0.1257681	0.0257	8.444e-12	73.8	rs1008897	4.756e-11	++++++?++++?+++++-+++-++??++++-++?-+	True	G	A	0.0193056	chr7:7273440:SNP	1.09e-40	0.007866	cg19603390	-0.1269997	0.3678	0.0094164
0.0410787	False	118.0311161	29	0.001596	21892	-0.1296727	0.0274	5.055e-13	76.3	rs10246435	1.866e-09	------??-?-?---+-----+--??+---+--?+-	True	C	G	0.0210584	chr7:7295333:SNP	2.116e-40	0.0090288	cg19603390	-0.1265409	0.3938	0.0097449
0.0568602	False	161.1204073	29	0.02146	21892	0.1307652	0.0416	1.185e-20	82.6	rs12702583	4.258e-07	----+-??-?-?-----+------??----+--?+-	True	T	A	0.0247755	chr7:7194675:SNP	5.617e-40	0.0137099	cg19603390	0.1252905	0.369	0.0098813
0.0350585	False	112.2551833	31	0.0004196	24154	-0.1236662	0.0265	1.966e-11	73.3	rs10279432	1.277e-10	++++++?++++?+++-+-+++-++??-+++-++?-+	True	C	A	0.019024	chr7:7279010:SNP	8.885e-40	0.0075823	cg19603390	-0.1223226	0.3783	0.0093693
0.0427582	False	115.1845275	28	0.002228	21171	-0.1307562	0.0299	7.297e-13	76.6	chr7:7291645:I	2.854e-09	++++++??+?+?+++-+-++++++??-+++-?+?-+	True	I	D	0.0217774	chr7:7291645:INDEL	6.708e-39	0.0093726	cg19603390	-0.1293536	0.3801	0.0100228
0.0398247	False	119.6028102	30	0.001607	23376	-0.1256304	0.0262	5.744e-13	75.8	rs2024122	1.971e-09	------??---?---+-+---+--??+---+--?+-	True	A	G	0.0206168	chr7:7261751:SNP	1.07e-38	0.0088924	cg19603390	-0.1237052	0.358	0.0096563
0.0207729	False	59.5567636	30	2.44e-10	23349	0.1315074	0.0249	0.000701	51.3	rs10952048	1.669e-17	++++++??+++?++++++++++++??++-++++?++	True	A	G	0.0153704	chr7:7348180:SNP	1.203e-38	0.0032931	cg19603390	0.1308756	0.3052	0.010115
0.0612386	False	61.0162636	26	1.231e-07	21042	0.3238789	0.0091	7.563e-05	59.0	rs73045741	1.626e-14	++++?+??+++?+++-+++++-+?????+--++?-+	True	C	G	0.0414841	chr7:7252337:SNP	4.051e-38	0.0239937	cg19603390	0.3184824	0.0419	0.0250911
0.0786405	False	84.2163681	15	0.03223	12093	0.1684152	0.0342	4.639e-12	83.4	chr7:7250046:D	2.103e-07	?++??+????+??++?+++???++?????++???++	True	D	I	0.0344596	chr7:7250046:INDEL	5.641e-38	0.0134877	cg19603390	0.1788466	0.4093	0.0130731
0.061608	False	69.7654748	29	3.349e-07	22880	0.3143654	0.0132	2.007e-05	59.9	rs73043789	6.061e-15	++++++?++++?++--++++++++????+++++?-+	True	A	G	0.0415054	chr7:7214799:SNP	4.947e-37	0.0269697	cg19603390	0.3238535	0.04	0.024726
0.0616676	False	69.8310425	29	3.566e-07	22880	0.3139343	0.0132	1.965e-05	59.9	rs12667853	7.212e-15	++++++?++++?++--++++++++????+++++?-+	True	A	G	0.0415187	chr7:7216175:SNP	6.21e-37	0.0270116	cg19603390	0.3230444	0.04	0.0247267
0.0616145	False	69.7292847	29	3.634e-07	22876	0.3134447	0.0132	2.03e-05	59.8	rs55637396	7.3e-15	++++++?++++?++--++++++++????+++++?-+	True	A	G	0.0415126	chr7:7217867:SNP	8.807e-37	0.0269788	cg19603390	0.3229336	0.04	0.0247415
0.0743926	False	62.9315315	23	9.933e-06	18206	0.3287127	0.0083	8.147e-06	65.0	chr7:7186901:D	1.689e-10	++++????+?+?+++++++?+?++???-++-?+?--	True	D	I	0.0472572	chr7:7186901:INDEL	1.277e-36	0.0297685	cg19603390	0.3018418	0.0421	0.0260066
0.0211462	False	68.6502826	31	3.762e-08	24124	-0.1163392	0.0231	7.343e-05	56.3	rs62450790	1.224e-14	++++++?++++?++++++++++++??+-+++++?++	True	G	A	0.0147662	chr7:7331390:SNP	2.407e-36	0.0034656	cg19603390	-0.1138997	0.4152	0.0092409
0.0617005	False	70.0171849	29	5.064e-07	22882	0.3099764	0.0134	1.851e-05	60.0	rs73043785	1.34e-14	++++++?++++?++--++++++++????+++++?-+	True	T	C	0.04153	chr7:7213245:SNP	3.381e-36	0.027026	cg19603390	0.3198623	0.0402	0.0246741
0.0158928	False	42.9698529	30	2.368e-17	23339	-0.1346774	0.0287	0.04582	32.5	rs62450017	1.739e-22	------??---?-+-+--------??-------?--	True	T	C	0.0136964	chr7:7297121:SNP	3.671e-36	0.0016904	cg19603390	-0.1336218	0.2501	0.0107259
0.0228784	False	70.8921445	30	3.202e-07	23536	-0.1169342	0.0219	2.287e-05	59.1	rs7784190	4.656e-14	++++++?++++?+++-+-++++++???-+++++?++	True	G	C	0.0154728	chr7:7330436:SNP	8.005e-36	0.0038599	cg19603390	-0.1166841	0.4089	0.0093589
0.0212718	False	68.8540795	31	5.421e-08	24039	-0.1156526	0.0226	6.901e-05	56.4	rs7784370	7.677e-15	------?----?---+-+-------??+-----?--	True	A	C	0.0148363	chr7:7330622:SNP	9.79e-36	0.0035051	cg19603390	-0.1153194	0.4067	0.0092682
0.0221467	False	71.8679304	31	2.001e-07	24154	-0.1151459	0.022	2.717e-05	58.3	rs10275594	4.271e-14	------?----?---+-+------??-+-----?--	True	C	G	0.0151123	chr7:7330661:SNP	1.309e-35	0.0037575	cg19603390	-0.1141353	0.4079	0.0092447
0.0748365	False	70.7627106	24	5.612e-05	18882	0.3014835	0.0094	9.268e-07	67.5	chr7:7217175:D	1.163e-10	++++?+??+?+?+++-+++++-+?????+--?+?-+	True	D	I	0.0452869	chr7:7217175:INDEL	2.801e-35	0.0301104	cg19603390	0.2918309	0.0497	0.0243241
0.0253163	False	79.2020073	30	6.355e-06	23351	-0.1142831	0.023	1.515e-06	63.4	rs10216242	6.173e-12	++++++??+++?++++++++++++??--+++++?++	True	C	A	0.0161719	chr7:7319050:SNP	6.339e-35	0.0045346	cg19603390	-0.1111915	0.4886	0.0092696
0.0219639	False	62.5568433	29	3.542e-08	21893	0.1210717	0.029	0.0001901	55.2	rs2024258	7.159e-15	------??-?-?------------??--+----?--	True	C	T	0.0155727	chr7:7350080:SNP	7.481e-35	0.0035233	cg19603390	0.1211809	0.3838	0.0098309
0.0236009	False	62.6585979	27	3.437e-07	21654	-0.120311	0.0297	7.29e-05	58.5	rs6970013	3.059e-14	++++++?++++?++++++++?++?????+++++?-+	True	C	T	0.0161433	chr7:7171376:SNP	1.087e-34	0.0037209	cg19603390	-0.1226217	0.4188	0.0097931
0.0407151	False	133.9091898	31	0.005968	24115	0.111948	0.0275	4.388e-15	77.6	rs6977663	4.061e-08	++++++?++++?++-+--++++++??-+++-++?-+	True	A	G	0.0201828	chr7:7211033:SNP	1.265e-34	0.009074	cg19603390	0.1107667	0.4478	0.0091215
0.0251357	False	63.8570235	31	8.231e-09	24139	0.1448733	0.0168	0.0003066	53.0	rs6950000	1.879e-15	++++++?++++?++-++++++-++??+++++++?++	True	T	C	0.0182866	chr7:7343275:SNP	1.34e-34	0.0049652	cg19603390	0.1453614	0.1848	0.0118087
0.0372105	False	53.0543245	30	2.261e-11	23359	0.2488663	0.0093	0.004149	45.3	rs77873867	7.64e-16	++++++??+++?++++-+++++++??--+++++?-+	True	A	G	0.0293201	chr7:7296027:SNP	2.007e-34	0.0104983	cg19603390	0.236315	0.0543	0.0203396
0.0644968	False	82.9521137	32	4.82e-06	24636	0.2949092	0.0119	1.257e-06	62.6	rs114287739	2.709e-13	---+--?----?--++---------?-+-----?+-	True	T	A	0.0417469	chr7:7285578:SNP	2.013e-34	0.031702	cg19603390	0.3050916	0.0391	0.0241031
0.0659196	False	84.8501298	32	8.119e-06	24639	0.2941343	0.0118	6.685e-07	63.5	rs5010182	5.214e-13	---+--?----?--++---------?-+-----?+-	True	G	A	0.0421819	chr7:7286193:SNP	2.65e-34	0.0328082	cg19603390	0.3045368	0.0392	0.0240837
0.019825	False	60.7761063	30	6.184e-09	23370	0.115217	0.0286	0.000494	52.3	rs1638200	1.6e-14	------??---?---------+--??-++----?--	True	G	A	0.0145009	chr7:7315333:SNP	3.985e-34	0.002992	cg19603390	0.1113559	0.3939	0.0094597
0.0231648	False	66.0447552	29	2.464e-07	21895	0.1195404	0.0286	6.516e-05	57.6	rs9648104	6.605e-14	------??-?-?------------??--+----?--	True	G	A	0.0159781	chr7:7349880:SNP	4.377e-34	0.0038708	cg19603390	0.1197638	0.3849	0.0098208
0.0259748	False	66.032386	31	3.451e-08	24117	0.1432996	0.0162	0.0001616	54.6	rs73053823	1.312e-14	++++++?++++?++-++++++-++??++-++++?++	True	A	G	0.0185714	chr7:7341270:SNP	6.245e-34	0.0052764	cg19603390	0.1430856	0.1848	0.011801
0.023278	False	66.3479899	29	3.022e-07	21896	0.1192318	0.0285	5.928e-05	57.8	rs9648604	8.628e-14	------??-?-?------------??--+----?--	True	G	A	0.016018	chr7:7349846:SNP	6.714e-34	0.0039039	cg19603390	0.1195	0.3852	0.0098237
0.0638336	False	82.2632877	32	5.107e-06	24633	0.2911035	0.0119	1.579e-06	62.3	rs73049974	5.44e-13	+++-++?++++?++--+++++++++?+-+++++?-+	True	A	G	0.0414817	chr7:7282894:SNP	1.036e-33	0.0311487	cg19603390	0.2992423	0.0393	0.024055
0.0182654	False	55.7925846	31	8.656e-11	24153	0.1185193	0.0243	0.002884	46.2	rs10486156	1.064e-16	++++++?++++?++++++++++++??+++++++?++	True	T	C	0.0141696	chr7:7348633:SNP	1.569e-33	0.0026154	cg19603390	0.1175711	0.3173	0.0098214
0.0651413	False	84.4325716	32	9.457e-06	24640	0.2885261	0.0117	7.686e-07	63.3	rs73045773	1.25e-12	---+--?----?--++---------?-------?+-	True	G	A	0.0417192	chr7:7273424:SNP	1.644e-33	0.0320828	cg19603390	0.2961935	0.0396	0.0239171
0.020583	False	66.2285245	31	4.651e-08	24129	0.1124689	0.0282	0.0001524	54.7	rs1638204	1.729e-13	++++++?++++?+++++++++-++??+--++++?++	True	T	C	0.0146434	chr7:7314884:SNP	1.661e-33	0.0033069	cg19603390	0.1078957	0.3934	0.0093236
0.0666708	False	84.9541953	32	1.078e-05	24623	0.2934123	0.0119	6.456e-07	63.5	rs73049983	9.497e-13	+++-++?++++?++--+++++++++?+-+++++?-+	True	A	G	0.0426384	chr7:7285607:SNP	1.707e-33	0.0335502	cg19603390	0.3043358	0.0385	0.0243283
0.0205386	False	66.1024833	31	4.472e-08	24131	0.1123691	0.0283	0.0001582	54.6	rs1638203	1.69e-13	++++++?++++?+++++++++-++??+--++++?++	True	C	G	0.0146254	chr7:7315026:SNP	1.822e-33	0.0032937	cg19603390	0.1078083	0.3935	0.0093213
0.020752	False	66.7557163	31	6.174e-08	24125	0.1123449	0.028	0.0001302	55.1	rs1621819	2.123e-13	------?----?---------+--??-++----?--	True	G	A	0.0147056	chr7:7314331:SNP	2.024e-33	0.0033566	cg19603390	0.1079511	0.3933	0.009326
0.0258341	False	62.4672751	30	2.246e-08	23359	0.1444617	0.0172	0.0003017	53.6	rs6463670	8.033e-15	++++++??+++?++-+++++++++??++--+++?++	True	A	G	0.018724	chr7:7336688:SNP	2.056e-33	0.0050745	cg19603390	0.1454306	0.1847	0.0119933
0.0207586	False	66.7518277	31	6.267e-08	24112	0.1123251	0.028	0.0001303	55.1	rs1796114	2.19e-13	++++++?++++?+++++++++-++??+--++++?++	True	A	T	0.0147097	chr7:7314353:SNP	2.194e-33	0.0033587	cg19603390	0.1079198	0.3935	0.0093294
0.066034	False	81.4874447	31	9.432e-06	24131	0.2925181	0.0115	1.205e-06	63.2	rs117303191	3.69e-13	++++++?++++?++--++++++++??+-+++++?-+	True	A	G	0.0424503	chr7:7300574:SNP	2.399e-33	0.0320217	cg19603390	0.3084641	0.0387	0.0243107
0.0220384	False	73.7428686	32	4.245e-07	24634	0.1114624	0.0282	2.427e-05	58.0	rs6946256	1.344e-13	++++++?-+++?+++++++++++++?++-++++?++	True	A	G	0.0151027	chr7:7347654:SNP	2.438e-33	0.0038474	cg19603390	0.1117857	0.3857	0.0092645
0.0647439	False	83.7264405	32	8.432e-06	24643	0.2883644	0.0116	9.725e-07	63.0	rs73045769	1.028e-12	+++-++?++++?++--+++++++++?+++++++?-+	True	T	C	0.0416766	chr7:7272485:SNP	2.49e-33	0.031814	cg19603390	0.2970151	0.0394	0.0239717
0.0205634	False	66.1576665	31	5.051e-08	24112	0.1120606	0.0283	0.0001557	54.7	rs1631761	2.097e-13	------?----?---------+--??-++----?--	True	C	T	0.0146372	chr7:7315011:SNP	2.873e-33	0.0033012	cg19603390	0.1074724	0.3937	0.0093247
0.0203353	False	65.4964592	31	3.826e-08	24138	0.1118175	0.0282	0.0001894	54.2	rs1796118	1.445e-13	++++++?++++?+++++++++-++??+--++++?++	True	T	C	0.0145466	chr7:7315733:SNP	3.353e-33	0.0032334	cg19603390	0.1075308	0.3938	0.0093144
0.0201823	False	64.9915662	31	3.016e-08	24136	0.1118206	0.0283	0.0002199	53.8	rs1796115	1.136e-13	------?----?---------+--??-++----?--	True	C	T	0.0144925	chr7:7315326:SNP	3.431e-33	0.0031887	cg19603390	0.1075933	0.3935	0.0093161
0.0252282	False	68.198978	28	2.016e-06	21166	0.1198786	0.0337	2.019e-05	60.4	chr7:7346885:D	2.212e-12	++++++??+?+?+++++-++++++??++-++?+?++	True	D	I	0.0168512	chr7:7346885:INDEL	3.45e-33	0.004348	cg19603390	0.1183032	0.3844	0.0099879
0.0663914	False	81.8839857	31	1.101e-05	24132	0.2918837	0.0115	1.055e-06	63.4	rs73051710	6.066e-13	------?----?--++--------??-+-----?+-	True	C	T	0.0426113	chr7:7301098:SNP	3.559e-33	0.0323097	cg19603390	0.3067584	0.0387	0.0243239
0.0221472	False	74.1061978	32	5.263e-07	24647	0.1111008	0.028	2.168e-05	58.2	rs6966989	1.639e-13	------?+---?-------------?--+----?--	True	C	A	0.0151382	chr7:7347708:SNP	3.913e-33	0.0038802	cg19603390	0.1116501	0.3862	0.0092646
0.0384818	False	54.8667188	30	2.326e-10	23366	0.243903	0.0091	0.002568	47.1	rs74607571	8.735e-15	------??---?----+-------??++-----?+-	True	G	A	0.0298513	chr7:7298243:SNP	3.939e-33	0.0112915	cg19603390	0.2315398	0.0543	0.0203397
0.0699304	False	82.2080724	30	2.401e-05	23408	0.2953779	0.0119	5.479e-07	64.7	rs79461866	1.715e-12	++++++?++++?++--++++++++??+-+++?+?-+	True	T	C	0.0440896	chr7:7299655:SNP	4.88e-33	0.0341526	cg19603390	0.3110902	0.0389	0.0246689
0.0659055	False	84.5584133	32	1.149e-05	24611	0.2891327	0.0115	7.37e-07	63.3	rs112344846	1.191e-12	++++++?++++?++--+++++++++?+-+++++?-+	True	C	G	0.0423414	chr7:7300508:SNP	5.317e-33	0.0328698	cg19603390	0.3008964	0.0385	0.0241617
0.0201669	False	64.9686155	31	3.363e-08	24136	0.1113496	0.0284	0.0002214	53.8	rs12532482	1.404e-13	++++++?++++?+++++++++-++??+--++++?++	True	A	G	0.0144843	chr7:7315407:SNP	5.948e-33	0.003184	cg19603390	0.1071253	0.3938	0.0093123
0.0201297	False	64.8522017	31	3.288e-08	24136	0.1112235	0.0284	0.0002291	53.7	rs1638199	1.445e-13	++++++?++++?+++++++++-++??+--++++?++	True	A	G	0.0144703	chr7:7315451:SNP	6.947e-33	0.003173	cg19603390	0.1069658	0.3938	0.0093118
0.0201297	False	64.8522017	31	3.288e-08	24136	0.1112235	0.0284	0.0002291	53.7	rs1796116	1.445e-13	++++++?++++?+++++++++-++??+--++++?++	True	C	G	0.0144703	chr7:7315460:SNP	6.947e-33	0.003173	cg19603390	0.1069658	0.3938	0.0093118
0.0198342	False	66.8451538	32	3.11e-08	24649	0.1097842	0.0294	0.0001953	53.6	rs722037	1.097e-13	------?----?---------+---?-++----?--	True	G	A	0.0142663	chr7:7316391:SNP	7.747e-33	0.0031794	cg19603390	0.1059803	0.3978	0.0091983
0.0214726	False	69.3227288	31	2.45e-07	24138	0.1108315	0.029	5.979e-05	56.7	rs1638210	8.587e-13	------?----?---------+--??-++----?--	True	C	T	0.0149306	chr7:7317960:SNP	8.558e-33	0.0035651	cg19603390	0.1067753	0.3971	0.0092925
0.0584838	False	67.8642547	30	3.647e-07	23454	0.2974799	0.01	5.908e-05	57.3	rs57402603	4.591e-15	------?----?------------??-?-----?+-	True	C	T	0.0405702	chr7:7305787:SNP	1.138e-32	0.0255954	cg19603390	0.3179743	0.0372	0.0249915
0.0204963	False	63.1963809	30	4.719e-08	23362	0.1119426	0.0301	0.0002432	54.1	rs1796113	1.272e-13	------??---?------------??-++----?--	True	G	C	0.0147001	chr7:7325803:SNP	1.158e-32	0.0031832	cg19603390	0.1089137	0.4073	0.0094055
0.0213659	False	68.9760113	31	2.413e-07	24132	0.1103405	0.0289	6.648e-05	56.5	rs7804546	9.816e-13	------?----?---------+--??-++----?--	True	C	T	0.0148932	chr7:7318310:SNP	1.62e-32	0.0035339	cg19603390	0.1062338	0.3971	0.0092928
0.0258	False	76.7154735	29	1.487e-05	22620	-0.1117296	0.0231	2.038e-06	63.5	rs10216238	5.542e-11	++++++??+++?++++++++++++??--+++?+?++	True	C	T	0.0164854	chr7:7319014:SNP	1.795e-32	0.0045511	cg19603390	-0.1080713	0.489	0.0094166
0.021207	False	68.4646876	31	2.05e-07	24133	0.1101652	0.0289	7.77e-05	56.2	rs7781147	8.874e-13	++++++?++++?+++++++++-++??+--++++?++	True	T	G	0.0148376	chr7:7318265:SNP	2.021e-32	0.0034873	cg19603390	0.1060433	0.3971	0.0092925
0.0664762	False	84.4964709	32	1.38e-05	24622	0.2889734	0.0115	7.524e-07	63.3	rs75122088	1.97e-12	++++++?++++?++--+++++++++?+-+++++?-+	True	T	C	0.0426551	chr7:7298191:SNP	2.187e-32	0.0334402	cg19603390	0.3001457	0.038	0.0243887
0.0208426	False	67.2683763	31	1.362e-07	24148	0.1098468	0.0285	0.0001116	55.4	rs1638212	6.922e-13	------?----?---------+--??-++----?--	True	C	T	0.0147144	chr7:7317277:SNP	3.169e-32	0.003381	cg19603390	0.1056638	0.3976	0.0092953
0.0207792	False	67.0683549	31	1.312e-07	24146	0.1096546	0.0284	0.0001185	55.3	rs1638211	6.98e-13	++++++?++++?+++++++++-++??+--++++?++	True	T	G	0.0146919	chr7:7317350:SNP	4.016e-32	0.0033624	cg19603390	0.1054851	0.3975	0.0092947
0.0632671	False	79.2709056	32	3.978e-06	24627	0.291821	0.0115	4.196e-06	60.9	rs73049999	5.888e-13	------?----?--++---------?-+-----?+-	True	C	T	0.0419424	chr7:7296136:SNP	4.152e-32	0.0310533	cg19603390	0.3021132	0.037	0.0247415
0.0209898	False	67.7624551	31	1.808e-07	24153	0.1095267	0.0284	9.615e-05	55.7	rs1638213	1.04e-12	++++++?++++?+++++++++-++??+--++++?++	True	C	G	0.0147642	chr7:7317215:SNP	4.59e-32	0.0034238	cg19603390	0.1051971	0.398	0.0092927
0.0208673	False	67.3557022	31	1.747e-07	24156	0.1090185	0.0284	0.0001087	55.5	rs1638214	1.126e-12	------?----?---------+--??-++----?--	True	G	T	0.0147243	chr7:7316977:SNP	8.975e-32	0.0033882	cg19603390	0.1047512	0.3974	0.0092942
0.0242211	False	59.5785817	26	9.087e-07	20332	0.1189365	0.0294	0.0001195	58.0	chr7:7351393:I	6.22e-13	----?-??-?-?---?--------??--+--?-?--	True	I	D	0.0166653	chr7:7351393:INDEL	1.24e-31	0.0037924	cg19603390	0.1199166	0.3938	0.0101635
0.0468834	False	129.9786851	28	0.01513	21175	0.113892	0.0281	1.967e-15	79.2	chr7:7210744:D	6.479e-07	++++++??+?+?++-+--++++++??-+++-?+?-+	True	D	I	0.0224361	chr7:7210744:INDEL	1.359e-31	0.0103264	cg19603390	0.1116503	0.4481	0.0097389
0.0244384	False	60.1096942	26	1.173e-06	20333	0.1187747	0.0299	0.000101	58.4	chr7:7351351:D	1.038e-12	++++?+??+?+?+++?++++++++??++-++?+?++	True	D	I	0.0167365	chr7:7351351:INDEL	1.508e-31	0.0038507	cg19603390	0.1192534	0.3942	0.0101641
0.0780293	False	81.210114	28	0.0001098	21175	0.3018084	0.0119	2.472e-07	66.8	chr7:7299654:I	2.816e-11	------??-?-?--++--------??-+---?-?+-	True	I	D	0.0478836	chr7:7299654:INDEL	2.776e-31	0.0387098	cg19603390	0.318709	0.0392	0.0259425
0.0582036	False	67.5754821	30	5.988e-07	23343	0.29053	0.0102	6.46e-05	57.1	rs12673653	2.904e-14	------?----?------------+???-----?+-	True	G	A	0.0405572	chr7:7309344:SNP	2.853e-31	0.0253811	cg19603390	0.3083367	0.0374	0.024978
0.0583834	False	68.1093133	30	8.481e-07	23373	0.2874768	0.0104	5.476e-05	57.4	rs6973768	6.621e-14	------?----?--++---------???-----?+-	True	G	T	0.0404848	chr7:7313294:SNP	6.245e-31	0.0254784	cg19603390	0.3034408	0.0374	0.0248588
0.0200976	False	65.2148748	31	1.131e-07	24128	0.1066048	0.0303	0.0002059	54.0	rs1796121	6.872e-13	------?----?---------+--??-++----?--	True	G	C	0.0144049	chr7:7317605:SNP	9.235e-31	0.0031605	cg19603390	0.1034553	0.4059	0.0092453
0.0660745	False	84.6242099	32	2.446e-05	24621	0.2788172	0.0123	7.209e-07	63.4	rs73049994	4.486e-12	++++++?++++?++--+++++++++?+-+++++?-+	True	T	C	0.0423661	chr7:7292688:SNP	1.057e-30	0.0330259	cg19603390	0.2932138	0.0391	0.0242048
0.0696577	False	68.1032439	27	1.128e-05	20510	0.3058654	0.0105	1.248e-05	61.8	chr7:7304999:D	8.42e-13	++++++??+?+?++--++++++++??+?+++?+?-+	True	D	I	0.0459056	chr7:7304999:INDEL	1.296e-30	0.0316614	cg19603390	0.3284149	0.038	0.0265935
0.0226026	False	73.0796858	31	2.594e-06	24123	0.1062465	0.0278	1.856e-05	58.9	rs7808744	2.256e-11	++++++?++++?+++++++++-++??+--++++?++	True	A	T	0.0152957	chr7:7318707:SNP	2.333e-30	0.0038932	cg19603390	0.1023037	0.4033	0.0092786
0.028993	False	62.2831054	28	7.089e-07	21175	0.1437734	0.0177	0.0001314	56.6	chr7:7338291:I	1.833e-12	------??-?-?--+---------??--++-?-?--	True	I	D	0.0203577	chr7:7338291:INDEL	2.667e-30	0.0059064	cg19603390	0.1434538	0.1861	0.0125686
0.0599045	False	64.8453654	29	1.133e-06	22878	0.291551	0.0098	9.452e-05	56.8	rs7779267	6.94e-14	++++++?++++?++--++++++++????+++++?-+	True	T	C	0.0419552	chr7:7329539:SNP	1.818e-29	0.0260495	cg19603390	0.3142028	0.0354	0.0258666
0.0575857	False	62.1560947	29	3.964e-07	22873	0.2919975	0.0096	0.0002145	55.0	rs73053804	2.182e-14	++++++?++++?++--++++++++????+++++?-+	True	C	G	0.0412644	chr7:7332244:SNP	2.16e-29	0.0243082	cg19603390	0.3152364	0.035	0.0259411
0.0614141	False	66.5418569	29	2.181e-06	22880	0.290849	0.0098	5.579e-05	57.9	rs56405297	1.833e-13	------?----?--++--------????-----?+-	True	G	A	0.0424483	chr7:7328241:SNP	2.194e-29	0.027197	cg19603390	0.31244	0.0354	0.0258423
0.0627651	False	68.094702	29	4.04e-06	22879	0.2893055	0.0099	3.42e-05	58.9	rs2270081	5.149e-13	++++++?++++?++--++++++++????+++++?-+	True	A	G	0.042954	chr7:7317524:SNP	3.654e-29	0.0282436	cg19603390	0.3101834	0.0355	0.0258085
0.0588016	False	60.0685948	27	1.231e-06	21355	0.2852232	0.0115	0.0001642	56.7	rs12672133	6.065e-13	-----??----?---+---?----????--+--?+-	True	C	T	0.0412264	chr7:7195558:SNP	3.789e-29	0.0234063	cg19603390	0.2967895	0.0396	0.0254516
0.0585794	False	62.3301433	29	4.988e-07	22876	0.294466	0.0065	0.0002035	55.1	rs73053807	4.48e-14	++++++?++++?++--++++++++????+++++?-+	True	A	C	0.0417757	chr7:7332460:SNP	4.564e-29	0.0251111	cg19603390	0.31525	0.0333	0.0263151
0.0279894	False	86.0195742	31	9.657e-05	24122	-0.109132	0.0217	2.601e-07	65.1	rs1010366	4.921e-10	++++++?-+++?++-+-+++++++??+-+++++?-+	True	C	T	0.0173991	chr7:7229826:SNP	5.121e-29	0.0056023	cg19603390	-0.1082501	0.3199	0.0097615
0.019598	False	51.6890175	28	5.6e-09	22093	-0.1142228	0.0201	0.002887	47.8	rs6463667	2.198e-14	------??---?-----+------????-----?--	True	A	G	0.0150132	chr7:7329540:SNP	6.564e-29	0.0027344	cg19603390	-0.1146776	0.3126	0.0102371
0.0635587	False	68.9578479	29	5.903e-06	22876	0.2879109	0.0099	2.599e-05	59.4	rs6974699	9.58e-13	++++++?++++?++--++++++++????+++++?-+	True	C	G	0.0432123	chr7:7316262:SNP	6.693e-29	0.0288496	cg19603390	0.3083809	0.0355	0.0258077
0.0195527	False	51.5759376	28	5.233e-09	22093	-0.1141797	0.0201	0.002978	47.7	rs6463668	2.171e-14	++++++??+++?+++++-++++++????+++++?++	True	G	A	0.0149953	chr7:7329583:SNP	6.778e-29	0.0027212	cg19603390	-0.1145651	0.3127	0.0102358
0.0188765	False	61.4918058	31	6.13e-08	24113	-0.1022156	0.0261	0.0006051	51.2	rs9639031	8.155e-13	++++++?-+++?++++-+++++++??+-+-+++?+-	True	C	T	0.0139029	chr7:7273155:SNP	1.266e-28	0.0028041	cg19603390	-0.099524	0.443	0.0092093
0.0606492	False	65.7351213	29	2.537e-06	22875	0.2853619	0.0097	7.175e-05	57.4	rs73051783	3.627e-13	++++++?++++?++--++++++++????+++++?-+	True	C	G	0.0422408	chr7:7321130:SNP	2.288e-28	0.0266349	cg19603390	0.3070397	0.0353	0.0258336
0.0203531	False	69.2460801	32	7.693e-07	24631	-0.1006053	0.0272	9.588e-05	55.2	rs7787942	2.509e-12	++++++?-+++?++-+-++++++++?+-+-+++?+-	True	T	A	0.0143409	chr7:7270012:SNP	2.412e-28	0.0033273	cg19603390	-0.1004261	0.4369	0.0091116
0.0203531	False	69.2460801	32	7.693e-07	24631	-0.1006053	0.0272	9.588e-05	55.2	rs7791957	2.509e-12	++++++?-+++?++-+-++++++++?+-+-+++?+-	True	C	T	0.0143409	chr7:7270034:SNP	2.412e-28	0.0033273	cg19603390	-0.1004261	0.4369	0.0091116
0.0189062	False	49.4754118	31	2.233e-11	24147	0.1264805	0.0175	0.01405	39.4	rs1541456	4.231e-16	------?----?--+------+--??-------?--	True	C	T	0.0155697	chr7:7313730:SNP	2.654e-28	0.002691	cg19603390	0.1266089	0.1995	0.011464
0.0191175	False	50.9989079	32	2.251e-11	24638	-0.1278723	0.0283	0.01328	39.2	rs12702594	2.058e-16	------?+---?-------------?---++--?+-	True	T	C	0.0156418	chr7:7256828:SNP	3.662e-28	0.0028297	cg19603390	-0.1285546	0.1899	0.0116207
0.0288871	False	57.3453344	23	2.681e-05	18493	0.1212959	0.0706	5.471e-05	61.6	rs5008693	4.796e-11	+++??+??+?+?++++++++??++???--++?+?++	True	A	G	0.0191787	chr7:7347481:SNP	7.019e-28	0.004661	cg19603390	0.1261407	0.3519	0.0110823
0.0201224	False	68.4629009	32	7.526e-07	24649	-0.0995509	0.0275	0.0001211	54.7	rs10259085	2.242e-12	------?+---?--+----------?-+-+---?-+	True	T	C	0.0142557	chr7:7268431:SNP	8.66e-28	0.0032586	cg19603390	-0.1000545	0.4369	0.0091114
0.0192397	False	59.3982458	30	9.72e-08	23330	-0.1025838	0.0263	0.0007334	51.2	rs13244913	4.683e-13	++++++??+++?++-+-+++++++??+++-+++?+-	True	C	T	0.0141926	chr7:7264089:SNP	9.165e-28	0.002821	cg19603390	-0.1026723	0.4355	0.0093934
0.0090922	False	25.6619666	31	9.42e-28	24041	-0.099272	0.0251	0.6923	0.0	rs1299548	9.42e-28	------?+---?-------------??------?--	True	A	G	0.0090922	chr7:7302293:SNP	9.42e-28	0.0	cg19603390	-0.099272	0.4806	0.0090922
0.0188558	False	58.1900241	30	5.949e-08	23373	-0.1022043	0.0271	0.001032	50.2	rs12702595	3.269e-13	------??---?--+---------??-+-+---?-+	True	A	C	0.0140538	chr7:7259270:SNP	1.497e-27	0.0027111	cg19603390	-0.1023513	0.432	0.0093971
0.0719079	False	64.9179876	26	2.813e-05	19902	0.3011571	0.0104	2.125e-05	61.5	chr7:7328318:D	7.377e-12	++++++??+?+?++--++++++++????+++?+?-+	True	D	I	0.0478245	chr7:7328318:INDEL	1.511e-27	0.0326519	cg19603390	0.3276053	0.0358	0.0276918
0.0453661	False	67.4461105	31	1.322e-06	24114	0.2194064	0.0083	0.0001058	55.5	rs75430042	1.843e-10	++++++?-+++?+++--+++++++??--+++++?-+	True	T	C	0.0322115	chr7:7319324:SNP	1.549e-27	0.0160341	cg19603390	0.2053136	0.0534	0.0201788
0.0196967	False	53.5676868	32	3.142e-10	24643	-0.1239235	0.0254	0.007152	42.1	rs10238682	2.091e-15	++++++?-+++?+++++++++++++?+++--++?-+	True	G	A	0.0157325	chr7:7255017:SNP	1.57e-27	0.0030718	cg19603390	-0.1248508	0.1989	0.0113986
0.0192778	False	52.392848	32	1.482e-10	24636	-0.1235179	0.0255	0.009526	40.8	rs4527791	1.641e-15	++++++?-+++?+++++++++++++?+++--++?-+	True	C	T	0.0155632	chr7:7256728:SNP	2.513e-27	0.0029159	cg19603390	-0.1239743	0.1986	0.0114064
0.0598332	False	68.0591577	29	8.416e-06	22858	0.2665161	0.0142	3.459e-05	58.9	rs6953213	2.413e-12	++++++?++++?++--++++++++????+++++?-+	True	A	G	0.0407637	chr7:7313485:SNP	2.563e-27	0.0256349	cg19603390	0.2856821	0.0399	0.0246158
0.0202798	False	68.8034837	32	1.092e-06	24633	-0.098851	0.028	0.0001095	54.9	rs2108783	2.966e-12	------?+---?--+----------?-+-+---?-+	True	T	G	0.0143326	chr7:7266867:SNP	2.814e-27	0.0033069	cg19603390	-0.100032	0.4332	0.0091372
0.0214412	False	52.8042036	30	2.906e-09	23381	-0.1272923	0.0268	0.004428	45.1	rs71533356	2.225e-14	------?+---?----+-------??---++?-?+-	True	A	G	0.0167513	chr7:7237892:SNP	3.088e-27	0.0034716	cg19603390	-0.1279285	0.1955	0.0117755
0.0282809	False	56.3127404	23	2.499e-05	18495	0.1192007	0.068	7.711e-05	60.9	rs5008694	6.775e-11	+++??+??+?+?++++++++??++???--++?+?++	True	T	C	0.0189078	chr7:7347490:SNP	3.892e-27	0.0044947	cg19603390	0.1233841	0.3546	0.0110486
0.0642855	False	81.8854805	17	0.03623	13668	0.1346375	0.0273	7.596e-11	80.5	rs112897294	4.002e-06	?++??+????+??++?+-++??++???+?+-???-+	True	T	C	0.0304244	chr7:7202439:SNP	8.321e-27	0.0114768	cg19603390	0.140295	0.3629	0.0125611
0.0183682	False	48.0529168	28	1.734e-09	22065	-0.1105944	0.0221	0.007574	43.8	rs13237015	7.136e-14	++++++??+++?+++++-++++++????+++++?++	True	T	A	0.0145696	chr7:7332921:SNP	8.584e-27	0.0023699	cg19603390	-0.1090582	0.3069	0.0103207
0.0208266	False	70.6533805	32	2.661e-06	24642	-0.0977895	0.0275	6.273e-05	56.1	rs6960832	1.163e-11	------?+---?--+-+--------?-+-+---?-+	True	T	G	0.0145268	chr7:7267787:SNP	1.001e-26	0.0034694	cg19603390	-0.0985602	0.4306	0.0091379
0.0188688	False	41.4603205	28	3.281e-12	21175	-0.1314237	0.0266	0.03717	34.9	chr7:7255104:D	1.687e-16	------??-?-?------------??---++?-?+-	True	D	I	0.0160157	chr7:7255104:INDEL	1.069e-26	0.0023075	cg19603390	-0.1320089	0.1998	0.0122878
0.0615713	False	67.8645975	29	1.146e-05	22873	0.2701496	0.0095	3.679e-05	58.7	rs60008535	7.397e-12	------?----?--++--------????-----?+-	True	G	A	0.0420728	chr7:7321075:SNP	2.063e-26	0.0271744	cg19603390	0.2881892	0.0362	0.0254035
0.0196191	False	48.5497214	30	2.237e-10	23398	-0.1244664	0.0263	0.01288	40.3	rs146212913	4.8e-15	++++++?-+++?++++++++++++??+++--?+?-+	True	G	A	0.0159518	chr7:7238454:SNP	2.382e-26	0.0028232	cg19603390	-0.1249354	0.1978	0.011719
0.0566753	False	74.6729216	31	2.103e-05	24108	0.2410776	0.0126	1.119e-05	59.8	rs28617577	3.575e-11	+++-++?++++?++-+++++++++??+-++-++?-+	True	T	C	0.0379444	chr7:7299469:SNP	3.396e-26	0.0243369	cg19603390	0.2512186	0.0444	0.0227694
0.02108	False	57.821636	28	7.75e-07	21174	-0.1041682	0.0287	0.0005053	53.3	chr7:7259046:D	1.232e-11	------??-?-?--+---------??-+-+-?-?-+	True	D	I	0.0152571	chr7:7259046:INDEL	3.59e-26	0.003157	cg19603390	-0.1033887	0.4343	0.0098434
0.0562094	False	74.0417419	31	1.905e-05	24107	0.2403337	0.0126	1.368e-05	59.5	rs7803236	3.659e-11	+++-++?++++?++-+++++++++??+-++-++?-+	True	A	G	0.0377989	chr7:7299480:SNP	4.939e-26	0.0240051	cg19603390	0.2501247	0.0444	0.0227747
0.0197832	False	41.414102	27	4.321e-11	20564	-0.1304231	0.0266	0.02818	37.2	rs10273366	2.114e-15	++++++??+?+?++++++++++++???++--?+?-+	True	G	T	0.0165228	chr7:7237412:SNP	8.542e-26	0.0025183	cg19603390	-0.1311	0.2015	0.01242
0.0543992	False	43.0732853	27	4.063e-10	22256	0.3400807	0.0043	0.01897	39.6	rs148205400	4.303e-15	------?----?---+--------?????----??-	True	G	T	0.0443429	chr7:7288626:SNP	3.899e-25	0.0194587	cg19603390	0.3479036	0.0211	0.0328366
0.028125	False	67.9564678	27	8.212e-05	20607	-0.1107599	0.0292	1.31e-05	61.7	rs2109777	1.204e-09	-----+??-?-?--+-+-------????+----?--	True	C	G	0.0184531	chr7:7347118:SNP	7.567e-25	0.0051478	cg19603390	-0.1121891	0.3071	0.0107606
0.0561721	False	44.9794867	27	2.781e-09	22267	0.3338871	0.0043	0.01183	42.2	rs74448539	2.522e-14	+++-++?++++?+++-++++++++?????+-++??+	True	A	G	0.0447783	chr7:7254381:SNP	8.406e-25	0.0211369	cg19603390	0.3412436	0.0216	0.0324698
0.0561753	False	45.0032389	27	2.838e-09	22267	0.3337222	0.0044	0.01176	42.2	rs143593947	2.547e-14	+++-++?++++?+++-++++++++?????+-++??+	True	C	G	0.0447686	chr7:7254522:SNP	8.427e-25	0.0211429	cg19603390	0.3411141	0.0216	0.0324545
0.0692853	False	21.2635668	13	7.093e-09	8068	0.4010727	0.0089	0.04665	43.6	rs79935034	6.553e-13	---?-???-????-??--??????????-??--?--	True	G	A	0.0566841	chr7:7257368:SNP	1.096e-24	0.0162271	cg19603390	0.4074711	0.0443	0.0391009
0.0556081	False	44.5277542	27	2.128e-09	22267	0.3329662	0.0042	0.01326	41.6	rs142974118	2.611e-14	+++-++?++++?+++-++++++++?????+-++??+	True	C	G	0.0446132	chr7:7254981:SNP	1.128e-24	0.0206428	cg19603390	0.3397858	0.0216	0.0324699
0.0304107	False	47.9236175	29	3.211e-09	22858	-0.1800444	0.0109	0.01092	41.6	rs740531	4.071e-13	+++-++?++++?+-+++-+-++++????+-+++?++	True	G	C	0.0244289	chr7:7222181:SNP	3.937e-24	0.0066125	cg19603390	-0.1771874	0.0772	0.0177678
0.0186569	False	47.8087917	31	2.193e-10	24134	-0.1184181	0.0275	0.02071	37.3	rs10257835	1.909e-14	++++++?-+++?++++++++++++??+++--++?-+	True	C	A	0.0155078	chr7:7234587:SNP	4.74e-24	0.002562	cg19603390	-0.1187368	0.1912	0.0117072
0.0748831	False	63.6572647	22	0.0009083	17059	0.248424	0.011	3.516e-06	67.0	rs17249686	6.018e-08	++++-+????+?++?-+++?+?+?????+--++?-+	True	A	G	0.0456532	chr7:7192977:SNP	8.617e-24	0.0279322	cg19603390	0.2473616	0.0536	0.0247033
0.0304986	False	83.7020985	29	0.0007762	21890	0.1025101	0.0235	1.852e-07	66.5	rs62453490	6.806e-08	------??-?-?-----+------??---++--?+-	True	G	A	0.0186625	chr7:7195072:SNP	9.408e-24	0.006116	cg19603390	0.1007072	0.3213	0.0102024
0.0197187	False	57.5769238	29	1.15e-06	21894	0.0959137	0.0216	0.0008228	51.4	rs2024259	5.568e-11	----+-??-?-?------------??+-+-+--?--	True	G	C	0.0145363	chr7:7350206:SNP	1.491e-23	0.0028671	cg19603390	0.0952839	0.4545	0.0095893
0.0636605	False	27.7912461	15	5.257e-07	9564	0.3193639	0.0102	0.01516	49.6	rs74980805	5.104e-11	+++?+???+?+??+?+++??????????-??++?++	True	T	C	0.0490928	chr7:7342628:SNP	2.314e-23	0.0158847	cg19603390	0.3224356	0.0547	0.0320693
0.026644	False	46.4607128	32	3.31e-11	24640	-0.1767056	0.0083	0.03674	33.3	rs10275169	1.601e-14	+++-++?++++?+-+++++-+++++?+++-+++?++	True	G	C	0.0227001	chr7:7247789:SNP	2.796e-23	0.0051096	cg19603390	-0.1743178	0.0705	0.0177777
0.0278832	False	46.4526915	30	5.756e-10	23518	-0.1727914	0.0111	0.02114	37.6	rs740533	1.9e-13	+++-++?++++?+-+++-+-++++???++-+++?++	True	C	A	0.023074	chr7:7221577:SNP	3.196e-23	0.005549	cg19603390	-0.1697237	0.0783	0.0174073
0.0261694	False	45.595295	32	1.545e-11	24640	-0.176475	0.0084	0.04408	32.0	rs10244392	8.894e-15	+++-++?++++?+-+++++-+++++?+++-+++?++	True	T	A	0.022479	chr7:7251140:SNP	3.458e-23	0.0048309	cg19603390	-0.1743051	0.0705	0.0177924
0.0261632	False	45.6467859	32	1.636e-11	24639	-0.1762178	0.0082	0.04361	32.1	rs6977673	1.162e-14	---+--?----?-+-----+-----?---+---?--	True	C	G	0.0224756	chr7:7241136:SNP	3.49e-23	0.0048358	cg19603390	-0.1735143	0.0704	0.0177682
0.0267217	False	46.5540899	32	4.007e-11	24640	-0.1764655	0.0083	0.03602	33.4	rs10253466	1.981e-14	---+--?----?-+-----+-----?---+---?--	True	A	G	0.0227412	chr7:7250079:SNP	3.502e-23	0.0051495	cg19603390	-0.1740116	0.0704	0.0177938
0.0691858	False	78.7861237	28	0.0006778	22090	0.2351228	0.0209	5.76e-07	65.7	rs73051717	2.381e-09	------??---?--++--------????-----?+-	True	T	A	0.0430185	chr7:7306367:SNP	3.525e-23	0.0308691	cg19603390	0.2567954	0.0477	0.02371
0.0678447	False	82.9881453	29	0.0008209	22848	0.2269838	0.0203	2.376e-07	66.3	rs73051719	1.751e-09	++++++?++++?+++-++++++++????+++++?-+	True	T	C	0.0418188	chr7:7310677:SNP	3.547e-23	0.0304867	cg19603390	0.251724	0.0481	0.0228906
0.0266685	False	46.4629447	32	4.119e-11	24645	-0.1760049	0.0081	0.03672	33.3	rs28803004	2.372e-14	---+--?----?-+-----+-----?---+---?--	True	T	C	0.0227343	chr7:7244818:SNP	4.522e-23	0.0051203	cg19603390	-0.173432	0.0701	0.0177931
0.0264823	False	46.2090324	32	3.23e-11	24643	-0.1757282	0.0081	0.03876	32.9	rs35660747	1.952e-14	+++-++?++++?+-+++++-+++++?+++-+++?++	True	G	C	0.0226255	chr7:7242270:SNP	4.544e-23	0.0050203	cg19603390	-0.1731701	0.0704	0.0177661
0.0201622	False	58.843594	29	2.563e-06	21894	0.0948248	0.0218	0.0005711	52.4	rs2024260	1.509e-10	++++-+??+?+?++++++++++++??-+-+-++?++	True	T	G	0.0147031	chr7:7350220:SNP	4.894e-23	0.0029927	cg19603390	0.0941655	0.4536	0.009594
0.0248069	False	43.2488279	32	1.427e-12	24636	-0.1756688	0.008	0.07075	28.3	rs10273490	2.458e-15	+++-++?++++?+-+++++-+++++?+++-+++?++	True	C	T	0.0218365	chr7:7237483:SNP	5.109e-23	0.0040504	cg19603390	-0.1728516	0.0704	0.0177811
0.0266121	False	46.3879768	32	4.162e-11	24638	-0.1755923	0.0081	0.03731	33.2	rs71533359	2.554e-14	---+--?----?-+---+-+-----?---+---?--	True	T	C	0.0226981	chr7:7241366:SNP	5.426e-23	0.0050899	cg19603390	-0.1729398	0.0702	0.0177843
0.025828	False	45.0557799	32	1.221e-11	24649	-0.1750554	0.0082	0.04928	31.2	rs10260052	9.101e-15	+++-++?++++?+-+++++-+++++?+++-+++?++	True	C	T	0.0223072	chr7:7254279:SNP	6.796e-23	0.004641	cg19603390	-0.1729079	0.0706	0.0177706
0.0265095	False	46.1855573	32	3.8e-11	24642	-0.1752724	0.0082	0.03895	32.9	rs28883357	2.18e-14	+++-++?++++?+-+++++-+++++?+++-+++?++	True	C	T	0.0226379	chr7:7253649:SNP	6.824e-23	0.0050267	cg19603390	-0.1729434	0.0704	0.0177933
0.0245474	False	42.6990726	32	1.028e-12	24625	-0.1749435	0.0078	0.07868	27.4	rs71533355	2.176e-15	+++-++?++++?+-+++++-+++++?+++-+++?++	True	C	T	0.0217328	chr7:7230592:SNP	9.578e-23	0.0038863	cg19603390	-0.1723599	0.0699	0.0178217
0.026836	False	46.6903188	32	7.541e-11	24641	-0.1746884	0.0081	0.03499	33.6	rs71533362	3.916e-14	---+--?----?-+---+-+-----?---+---?--	True	T	G	0.0228079	chr7:7253631:SNP	1.08e-22	0.0052084	cg19603390	-0.172514	0.0702	0.0178178
0.0266556	False	46.3919003	32	5.769e-11	24641	-0.174584	0.0081	0.03728	33.2	rs74592123	3.133e-14	+++-++?++++?+-+++-+-+++++?+++-+++?++	True	G	A	0.0227213	chr7:7253122:SNP	1.108e-22	0.005106	cg19603390	-0.1725156	0.0702	0.0178118
0.0515946	False	67.2406099	17	0.01996	13665	0.1200613	0.0256	3.021e-08	76.2	rs13239180	4.33e-06	?++??+????+??++?+-++??++???+?++???-+	True	T	C	0.027046	chr7:7201710:SNP	1.381e-22	0.0085313	cg19603390	0.1242728	0.4084	0.012277
0.0516094	False	67.2497404	17	0.01999	13665	0.120076	0.0256	3.01e-08	76.2	rs13228863	4.33e-06	?--??-????-??--?-+--??--???-?--???+-	True	C	T	0.0270526	chr7:7201709:SNP	1.385e-22	0.0085356	cg19603390	0.1243032	0.4084	0.0122789
0.0660756	False	81.438327	29	0.0007824	22848	0.221944	0.02	4.068e-07	65.6	rs17165864	2.424e-09	++++++?++++?+++-++++++++????+++++?-+	True	C	G	0.0411094	chr7:7311171:SNP	1.522e-22	0.0291738	cg19603390	0.2452792	0.0485	0.022718
0.0302933	False	83.3787892	29	0.001072	21890	0.0990882	0.0245	2.073e-07	66.4	rs12702585	1.595e-07	------??-?-?-----+------??---++--?+-	True	G	T	0.0185709	chr7:7195030:SNP	2.029e-22	0.0060454	cg19603390	0.0973349	0.3248	0.010173
0.0183149	False	47.6507127	31	8.721e-10	24156	-0.1122925	0.0244	0.02148	37.0	rs1008898	3.07e-13	------?+---?----+-------??---++--?--	True	T	G	0.0152431	chr7:7273559:SNP	2.064e-22	0.0024626	cg19603390	-0.1111417	0.1971	0.0115307
0.0584814	False	75.3674606	17	0.03899	13668	-0.1207208	0.0234	1.125e-09	78.8	chr7:7272128:I	7.281e-06	?++??+????+??++?+-++??++???+?++???-+	True	I	D	0.0288022	chr7:7272128:INDEL	2.391e-22	0.0101042	cg19603390	-0.1291865	0.3849	0.0124152
0.0269236	False	47.2330069	32	1.873e-10	24638	-0.1715401	0.0084	0.03113	34.4	rs10253709	1.034e-13	---+--?----?-+-----+-----?---+---?--	True	A	G	0.0227572	chr7:7250276:SNP	2.795e-22	0.0053001	cg19603390	-0.1692338	0.0718	0.0176705
0.0266902	False	46.8051817	32	1.42e-10	24642	-0.1711824	0.0081	0.03413	33.8	rs10215143	9.14e-14	+++-++?++++?+-+++++-+++++?+++-+++?++	True	C	T	0.0226683	chr7:7242143:SNP	3.538e-22	0.0051652	cg19603390	-0.1689414	0.0715	0.0176774
0.0509098	False	34.9558811	24	1.99e-10	19507	0.3238958	0.0045	0.05254	34.2	rs55888190	7.18e-14	+++-+??++++?++?-+++?++++?????+-++??+	True	T	C	0.0433	chr7:7196079:SNP	4.071e-22	0.0142804	cg19603390	0.32408	0.023	0.0334973
0.0201677	False	66.2570071	31	1.242e-05	24113	0.0881337	0.02	0.0001511	54.7	rs2348036	2.125e-09	------?+---?---------+--??++--+--?--	True	G	A	0.0143144	chr7:7343304:SNP	4.843e-22	0.0031729	cg19603390	0.0857142	0.4746	0.0091316
0.0297471	False	41.8247573	28	6.052e-10	21175	-0.1841069	0.0072	0.03425	35.4	chr7:7243736:I	6.625e-13	+++-++??+?+?+-+++++-++++??+++-+?+?++	True	I	D	0.0251195	chr7:7243736:INDEL	9.045e-22	0.0057672	cg19603390	-0.1805327	0.0701000000000001	0.0192033
0.0378837	False	48.7539906	17	0.001655	13667	0.119182	0.0237	3.614e-05	67.2	rs11771765	2.073e-08	?++??+????+??++?++++??++???+?++???++	True	T	C	0.0234307	chr7:7347532:SNP	9.136e-22	0.0055891	cg19603390	0.1313484	0.3939	0.0124326
0.0238846	False	41.9076471	32	1.635e-12	24634	-0.1686852	0.008	0.09139	26.0	rs141556269	6.552e-15	---+--?----?-+-----+-----?---+---?--	True	T	C	0.0213157	chr7:7238093:SNP	1.328e-21	0.0035612	cg19603390	-0.1661097	0.0715	0.0176679
0.0175097	False	52.1623852	29	3.168e-07	22729	0.0895298	0.0219	0.003674	46.3	rs2881812	1.309e-10	------??---?---+-----+--???++----?--	True	G	T	0.0135794	chr7:7339034:SNP	1.642e-21	0.0022508	cg19603390	0.0872624	0.4633	0.009399
0.0274977	False	45.5374305	32	1.019e-10	24629	-0.1777462	0.0077	0.04462	31.9	rs13234672	1.031e-13	++++++?++++?+-+++-+-+++++?+++++++?++	True	G	A	0.0236485	chr7:7232149:SNP	2.194e-21	0.0053281	cg19603390	-0.1758723	0.0629999999999999	0.0187193
0.027585	False	45.6823376	32	1.259e-10	24630	-0.177428	0.0077	0.04329	32.1	rs35234968	1.242e-13	++++++?++++?+-+++-+-+++++?+++++++?++	True	C	T	0.0236892	chr7:7233432:SNP	2.581e-21	0.0053812	cg19603390	-0.1755907	0.0629999999999999	0.0187191
0.0222873	False	57.9340995	27	2.107e-05	20699	-0.0947937	0.0379	0.0003158	55.1	rs10270043	4.37e-09	++++++??+?+?++-+-++++?+++??-+-+?+?+-	True	G	A	0.015835	chr7:7267330:SNP	2.611e-21	0.0033863	cg19603390	-0.0929444	0.4201	0.0100022
0.0249054	False	63.4953218	30	1.681e-05	23586	-0.1071816	0.0253	0.0002226	54.3	rs35362940	2.554e-09	++++?+?++++?++--+++++-++??+--++++?+-	True	C	T	0.0178609	chr7:7284537:SNP	4.401e-21	0.0047006	cg19603390	-0.106415	0.2123	0.0113749
0.0264141	False	43.791055	32	2.6e-11	24628	-0.1761186	0.0078	0.0636	29.2	rs10280795	5.32e-14	------?----?-+---+-+-----?-------?--	True	A	G	0.023117	chr7:7231494:SNP	4.566e-21	0.0046776	cg19603390	-0.1739282	0.0632	0.0186988
0.0185946	False	57.9436924	31	1.124e-06	24105	-0.0905282	0.0201	0.001622	48.2	rs10215490	6.077e-10	++++++?++++?++++++++++++??--++-++?++	True	G	A	0.0141063	chr7:7319039:SNP	5.285e-21	0.0027187	cg19603390	-0.0872959	0.3429	0.0096272
0.027371	False	45.4500877	32	1.469e-10	24624	-0.1754078	0.0077	0.04543	31.8	rs6942455	2.084e-13	------?----?-+---+-+-----?-------?--	True	T	G	0.0235626	chr7:7223718:SNP	5.681e-21	0.005268	cg19603390	-0.1730272	0.0637	0.0186688
0.0121803	False	31.7744531	31	1.192e-18	24125	-0.1073753	0.0153	0.3781	5.6	rs9886002	3.079e-19	------?----?------------??---++--?+-	True	T	C	0.0119855	chr7:7185339:SNP	9.922e-21	0.0002464	cg19603390	-0.10746	0.1963	0.0115001
0.0362883	False	46.5832967	17	0.00138	13667	0.116077	0.0246	7.907e-05	65.7	rs5008695	3.194e-08	?--??-????-??--?----??--???+?--???--	True	G	A	0.0229736	chr7:7347511:SNP	1.243e-20	0.005246	cg19603390	0.1270546	0.3868	0.012464
0.0267714	False	44.4036253	32	7.962e-11	24625	-0.1740489	0.008	0.05627	30.2	rs10252611	1.703e-13	------?----?-+---+-+-----?-------?--	True	C	G	0.0232941	chr7:7225288:SNP	1.251e-20	0.0048978	cg19603390	-0.1716833	0.0634	0.0186902
0.0479316	False	34.5206989	25	9.538e-11	20760	0.3103138	0.0041	0.07583	30.5	rs148047444	6.145e-14	+++-+??++++?+++-+++?++++?????+-++??+	True	A	G	0.0416965	chr7:7226260:SNP	1.253e-20	0.0123926	cg19603390	0.3129304	0.0219	0.0333238
0.0279286	False	46.307912	32	4.555e-10	24638	-0.1740986	0.008	0.03795	33.1	rs17165258	4.81e-13	++++++?++++?+-+++-+-+++++?+++++++?++	True	C	T	0.0238197	chr7:7259813:SNP	1.255e-20	0.0055952	cg19603390	-0.1722298	0.0634	0.0186963
0.0601205	False	76.5979933	17	0.05186	13668	-0.1168937	0.0227	6.786e-10	79.1	chr7:7266026:D	2.42e-05	?--??-????-??--?-+--??--???-?--???+-	True	D	I	0.0294011	chr7:7266026:INDEL	1.3e-20	0.0105542	cg19603390	-0.1241344	0.3669	0.0125581
0.0167365	False	55.5156214	31	5.042e-07	24156	0.0840959	0.0238	0.003102	46.0	rs1796119	3.276e-10	++++++?++++?++++--+++-++??++--+++?++	True	A	C	0.0129721	chr7:7315815:SNP	1.427e-20	0.0021912	cg19603390	0.0815316	0.4969	0.0090442
0.0235919	False	65.6492246	32	1.137e-05	24647	-0.1035513	0.0269	0.0002767	52.8	rs10256877	8.799e-10	++++++?++++?++--+++++-+++?+--++++?+-	True	G	C	0.017131	chr7:7263039:SNP	1.469e-20	0.0045094	cg19603390	-0.1050098	0.21	0.0111403
0.0237457	False	66.0576009	32	1.291e-05	24647	-0.1035704	0.0268	0.0002458	53.1	rs10225975	9.638e-10	------?----?--++---------?-++----?-+	True	T	G	0.0171906	chr7:7262523:SNP	1.483e-20	0.0045653	cg19603390	-0.1051258	0.2098	0.0111435
0.0236816	False	65.9447036	32	1.327e-05	24649	-0.1031464	0.027	0.000254	53.0	rs10272173	1.098e-09	++++++?++++?++--+++++++++?+--++++?+-	True	G	A	0.017157	chr7:7263117:SNP	1.944e-20	0.0045414	cg19603390	-0.1045627	0.2101	0.0111325
0.0283672	False	47.1197083	32	1.18e-09	24636	-0.1725565	0.0079	0.0319	34.2	rs74350993	1.189e-12	------?----?-+---+-+-----?-------?--	True	T	G	0.0239976	chr7:7260027:SNP	2.33e-20	0.0058704	cg19603390	-0.1705434	0.0637	0.0186627
0.034987	False	44.9933042	17	0.001039	13667	0.1147452	0.025	0.0001391	64.4	rs6463680	3.278e-08	?--??-????-??--?----??--???-?--???--	True	C	T	0.0225435	chr7:7347562:SNP	2.899e-20	0.0049562	cg19603390	0.1245726	0.3908	0.0124417
0.0168325	False	55.8336705	31	7.574e-07	24154	0.0832542	0.0239	0.002853	46.3	rs1796117	4.876e-10	++++++?+-++?+++++-+++-++??++--+++?++	True	A	G	0.0130066	chr7:7315712:SNP	3.411e-20	0.0022183	cg19603390	0.0809405	0.4995	0.0090443
0.0248354	False	41.4092805	32	5.683e-12	24630	-0.1710509	0.0078	0.1002	25.1	rs11981957	2.886e-14	++++++?++++?+-+++-+-+++++?+++++++?++	True	G	A	0.0222739	chr7:7232862:SNP	3.577e-20	0.0037635	cg19603390	-0.1693559	0.0644	0.0185924
0.0216411	False	40.4776596	31	9.191e-12	24144	-0.1475625	0.0097	0.09594	25.9	rs13245879	7.016e-14	++++++?-+++?+++-++++++++??+++++++?++	True	G	T	0.019386	chr7:7281805:SNP	3.577e-20	0.0028272	cg19603390	-0.1451544	0.0904	0.0160393
0.0313623	False	40.4646503	17	0.000277	13665	0.1140314	0.0289	0.0006657	60.5	rs62450839	9.096e-09	?--??-????-??--?----??--???-?--???--	True	G	A	0.0213171	chr7:7351395:SNP	3.735e-20	0.0041526	cg19603390	0.1225047	0.3984	0.0124009
0.0316886	False	42.4047784	28	5.079e-09	21175	-0.1852059	0.0068	0.03001	36.3	chr7:7236900:D	7.349e-12	------??-?-?-+---+-+----??-----?-?--	True	D	I	0.0265814	chr7:7236900:INDEL	4.345e-20	0.0066164	cg19603390	-0.1821013	0.0631	0.0201768
0.0169429	False	56.1945697	31	9.956e-07	24151	0.0828932	0.0242	0.002593	46.6	rs1638216	6.888e-10	++++++?++++?+++++-+++-++??++--+++?++	True	A	G	0.0130517	chr7:7316101:SNP	4.983e-20	0.0022498	cg19603390	0.0805115	0.5006	0.0090451
0.0267114	False	44.4607367	32	1.714e-10	24623	-0.1705529	0.0082	0.05563	30.3	rs17165285	3.334e-13	++++++?++++?+-+++-+-+++++?+++++++?++	True	G	A	0.0232135	chr7:7265407:SNP	5.311e-20	0.0048829	cg19603390	-0.1689988	0.0638	0.0186244
0.0543873	False	25.2415011	19	6.981e-11	15986	0.3546627	0.0048	0.1184	28.7	rs117104912	3.552e-13	+++++???+++?++?-++??+?+??????+?++??+	True	T	C	0.0481976	chr7:7179838:SNP	5.99e-20	0.0118197	cg19603390	0.3504738	0.0208	0.0387842
0.0146405	False	29.4735932	26	8.883e-15	19713	-0.113527	0.019	0.2446	15.2	rs35663821	3.449e-16	------??-?-?-------?----????--+--?+-	True	A	G	0.0139377	chr7:7179402:SNP	6.137e-20	0.0007334	cg19603390	-0.1136823	0.2112	0.0124183
0.0271834	False	45.2516234	32	3.832e-10	24635	-0.1701872	0.0081	0.04734	31.5	rs74684230	6.355e-13	++++++?++++?+-+++-+-+++++?+++++++?++	True	C	A	0.0234361	chr7:7261478:SNP	6.307e-20	0.0051686	cg19603390	-0.1685679	0.0638	0.0186222
0.0230521	False	63.8986237	32	9.278e-06	24639	-0.1021981	0.026	0.0004571	51.5	rs17251749	1.29e-09	++++++?++++?++--+++++-+++?+--++++?+-	True	G	C	0.016966	chr7:7269078:SNP	6.348e-20	0.0043151	cg19603390	-0.1029597	0.2082	0.0111836
0.0272088	False	45.2942717	32	4.03e-10	24634	-0.1701333	0.0081	0.04692	31.6	rs71533363	6.647e-13	++++++?++++?+-+++-+-+++++?+++++++?++	True	G	A	0.023448	chr7:7261779:SNP	6.474e-20	0.005184	cg19603390	-0.1685093	0.0638	0.0186221
0.0243996	False	67.0077164	32	2.417e-05	24605	-0.1030259	0.0288	0.0001862	53.7	rs13222351	2.981e-09	++++++?++++?++--+++++-+++?+--++++?+-	True	G	A	0.0175464	chr7:7258622:SNP	7.044e-20	0.0048114	cg19603390	-0.1040959	0.2045	0.0112881
0.0183579	False	45.2667397	30	5.348e-09	23338	-0.107136	0.0276	0.02771	35.9	rs62450016	1.005e-11	++++++??+++?+++-+++++-++??+-+++++?+-	True	G	C	0.0154792	chr7:7295658:SNP	8.278e-20	0.002369	cg19603390	-0.1053487	0.1966	0.0117609
0.0237137	False	65.7418006	32	1.772e-05	24639	-0.101774	0.0257	0.0002693	52.8	rs10277583	2.644e-09	------?----?--++-----+---?-++----?-+	True	A	T	0.017209	chr7:7268519:SNP	8.902e-20	0.0045555	cg19603390	-0.1024328	0.2082	0.011182
0.0244336	False	67.0726695	32	2.632e-05	24608	-0.1026979	0.0289	0.0001827	53.8	rs13234717	3.404e-09	------?----?--++-----+---?-++----?-+	True	A	G	0.0175626	chr7:7258626:SNP	9.542e-20	0.0048242	cg19603390	-0.1038093	0.2041	0.0112929
0.0135158	False	35.8624267	31	2.863e-14	24113	-0.1027791	0.0151	0.2126	16.3	rs9886192	6.459e-16	------?+---?------------??---++--?+-	True	C	G	0.0127588	chr7:7185288:SNP	9.871e-20	0.0007874	cg19603390	-0.1030953	0.2058	0.0113064
0.0243259	False	66.8095546	32	2.521e-05	24608	-0.1024829	0.029	0.0001974	53.6	rs62450007	3.643e-09	++++++?++++?++-++++++-+++?+--++++?+-	True	G	A	0.0175179	chr7:7258818:SNP	1.091e-19	0.0047842	cg19603390	-0.103349	0.2044	0.0112873
0.0400398	False	50.3318224	29	4.47e-07	22834	0.2021116	0.0079	0.005938	44.4	rs73051712	1.419e-10	------?----?-++---------????-----?+-	True	C	T	0.0315744	chr7:7302937:SNP	1.151e-19	0.0116795	cg19603390	0.202515	0.0477	0.0222745
0.0280442	False	47.2874332	32	2.984e-09	24639	-0.1663719	0.0073	0.03076	34.4	rs13242769	3.475e-12	+++-++?-+++?+-+++-+-+++++?+++++++?++	True	G	A	0.0237362	chr7:7281581:SNP	1.437e-19	0.0057622	cg19603390	-0.1651338	0.0649	0.0183848
0.0198823	False	52.0254255	31	1.837e-07	24130	-0.1036879	0.0224	0.007569	42.3	rs4428582	5.46e-11	------?----?-++---------??-+-----?--	True	T	C	0.0159198	chr7:7196424:SNP	1.512e-19	0.0030397	cg19603390	-0.1043993	0.1976	0.011465
0.0304078	False	41.0138724	28	3.103e-09	21173	-0.1801986	0.0075	0.04106	34.2	chr7:7262576:I	5.972e-12	++++++??+?+?+-+++-+-++++??+++++?+?++	True	I	D	0.0258944	chr7:7262576:INDEL	2.219e-19	0.0059231	cg19603390	-0.1781616	0.0639999999999999	0.0200179
0.0280194	False	47.2572071	32	4.004e-09	24627	-0.1648666	0.0077	0.03096	34.4	rs35084224	7.265e-12	---+--?----?-+---+-+-----?-------?--	True	T	G	0.0237138	chr7:7273167:SNP	2.972e-19	0.005748	cg19603390	-0.1624953	0.0653	0.0183803
0.0307673	False	41.4302626	28	6.639e-09	21175	-0.178445	0.0074	0.03743	34.8	chr7:7263444:D	1.334e-11	------??-?-?-+---+-+----??-----?-?--	True	D	I	0.0260848	chr7:7263444:INDEL	5.607e-19	0.0061201	cg19603390	-0.1764609	0.0637	0.020051
0.029194	False	47.0220529	31	1.522e-08	24135	-0.1652125	0.0075	0.02476	36.2	rs1008896	3.076e-11	+++-++?++++?+-+++-+-++++??+++++++?++	True	G	A	0.0244257	chr7:7270641:SNP	7.307e-19	0.0061917	cg19603390	-0.1622577	0.0649999999999999	0.0186258
0.0185843	False	43.2942881	29	1.064e-08	21895	-0.1063071	0.0297	0.03259	35.3	rs62450786	6.045e-11	++++++??+?+?+-+--+++++++??+--++++?++	True	C	T	0.0157539	chr7:7304800:SNP	9.169e-19	0.0023328	cg19603390	-0.1030717	0.2017	0.0120192
0.0285305	False	46.144056	31	9.942e-09	24153	-0.1635286	0.007	0.03011	35.0	rs71533364	2.072e-11	+++-++?++++?+-+++-+-++++??+++++++?++	True	C	T	0.0240789	chr7:7275537:SNP	1.185e-18	0.0058234	cg19603390	-0.1613495	0.0651	0.0185488
0.0340905	False	42.5832585	26	2.303e-07	19846	-0.1763535	0.008	0.01554	41.3	chr7:7295494:I	3.078e-10	+++-++??+?+?+-+++-+-++++??++?++???++	True	I	D	0.0276186	chr7:7295494:INDEL	1.235e-18	0.0074713	cg19603390	-0.1738535	0.069	0.0200141
0.0287387	False	61.575158	27	0.0001996	20714	-0.106896	0.0284	0.0001026	57.8	chr7:7261107:D	6.407e-08	---?--??-?-?--+------+--??-++--?-?-+	True	D	I	0.0198697	chr7:7261107:INDEL	1.263e-18	0.0055543	cg19603390	-0.1074366	0.2106	0.0121349
0.0239324	False	65.6957656	32	3.255e-05	24634	-0.0994362	0.0278	0.000273	52.8	rs11972106	8.182e-09	------?----?--+------+---?-++----?-+	True	T	G	0.0173829	chr7:7268856:SNP	1.307e-18	0.0046409	cg19603390	-0.1002062	0.204	0.011293
0.0243666	False	61.279082	30	3.122e-05	23366	-0.1014721	0.0259	0.000427	52.7	rs13225339	9.875e-09	++++++??+++?++--+++++-++??+--++++?--	True	C	T	0.0177831	chr7:7288776:SNP	1.372e-18	0.0045191	cg19603390	-0.101948	0.2064	0.0115314
0.0698822	False	72.0926041	15	0.08972	12085	0.1185806	0.0253	8.045e-10	80.6	chr7:7220541:I	0.0001347	?--??-????-??-+?---???--?????-+???+-	True	I	D	0.0331923	chr7:7220541:INDEL	2.374e-18	0.0119914	cg19603390	0.1267192	0.3333	0.0135707
0.0203305	False	54.9334198	32	8.535e-07	24631	-0.1000814	0.0243	0.005088	43.6	rs62453507	5.775e-10	++++++?++++?++-++++++++++?+--++++?+-	True	G	A	0.016099	chr7:7198236:SNP	2.703e-18	0.0033025	cg19603390	-0.0997569	0.1924	0.0114729
0.0289916	False	46.7789992	31	2.231e-08	24156	-0.1621526	0.0067	0.02615	35.9	rs13226799	4.675e-11	+++-++?-+++?+-+++-+-++++??+++++++?++	True	C	T	0.0243144	chr7:7276879:SNP	2.75e-18	0.0060814	cg19603390	-0.1600114	0.0647	0.0185927
0.0208251	False	56.8892797	32	2.07e-06	24617	-0.0988463	0.0252	0.003084	45.5	rs9648103	2.231e-09	++++++?++++?++--+++++-+++?+--++++?+-	True	T	A	0.0162047	chr7:7245268:SNP	3.025e-18	0.0034941	cg19603390	-0.0969046	0.1975	0.0113479
0.0203567	False	55.0279088	32	9.856e-07	24638	-0.0996357	0.0244	0.004968	43.7	rs17250084	7.127e-10	++++++?++++?++-++++++++++?+--++++?+-	True	G	A	0.0161058	chr7:7196957:SNP	3.683e-18	0.0033126	cg19603390	-0.0992639	0.1927	0.011468
0.0238041	False	62.3269249	31	2.895e-05	24139	-0.0995392	0.0281	0.0004769	51.9	rs10487590	8.828e-09	------?----?--++-----+--??-++----?-+	True	T	G	0.0174932	chr7:7277263:SNP	3.703e-18	0.0044598	cg19603390	-0.1006182	0.2023	0.0114577
0.020373	False	55.0769453	32	1.013e-06	24641	-0.0996063	0.0244	0.004907	43.7	rs2116533	7.208e-10	++++++?++++?++-++++++++++?+--++++?+-	True	G	A	0.016112	chr7:7196646:SNP	3.741e-18	0.0033188	cg19603390	-0.0992734	0.1927	0.0114669
0.0206654	False	56.4371258	32	1.898e-06	24615	-0.0984486	0.0252	0.003467	45.1	rs34705126	2.283e-09	------?----?--++-----+---?-++----?-+	True	T	G	0.0161433	chr7:7243999:SNP	4.209e-18	0.0034351	cg19603390	-0.0964765	0.1974	0.0113511
0.0198665	False	53.8257247	32	5.944e-07	24619	-0.0991937	0.0245	0.006711	42.4	rs4324853	3.668e-10	++++++?++++?++-++++++++++?+-+++++?+-	True	C	T	0.0158932	chr7:7196361:SNP	4.342e-18	0.0031332	cg19603390	-0.0996113	0.1936	0.0114418
0.0291199	False	46.918341	31	2.984e-08	24152	-0.1613932	0.0067	0.02534	36.1	rs34534187	6.51e-11	+++-++?-+++?+-+++-+-++++??+++++++?++	True	G	A	0.0243875	chr7:7278746:SNP	4.399e-18	0.0061498	cg19603390	-0.1592878	0.0645	0.0186195
0.0223271	False	58.1795205	31	7.93e-06	24115	-0.0997369	0.025	0.001521	48.4	rs62449960	1.021e-08	++++++?++++?++--+++++-++??+--++++?+-	True	G	C	0.0169289	chr7:7226058:SNP	4.592e-18	0.0039208	cg19603390	-0.0969546	0.1964	0.0115129
0.0247438	False	38.0348843	30	4.07e-11	23500	-0.1633463	0.0076	0.1216	23.8	rs10260457	6.975e-13	------?----?-+---+-+----???--+---?--	True	A	G	0.0223678	chr7:7226934:SNP	4.793e-18	0.0033728	cg19603390	-0.1605993	0.0658	0.0188661
0.0203815	False	55.1292328	32	1.13e-06	24647	-0.099206	0.0244	0.004843	43.8	rs2163638	8.567e-10	++++++?++++?++-++++++++++?+--++++?+-	True	C	T	0.0161131	chr7:7196848:SNP	4.882e-18	0.0033225	cg19603390	-0.0988386	0.1929	0.0114608
0.030884	False	42.2734629	28	3.313e-08	21175	-0.1706041	0.0069	0.03093	36.1	chr7:7273596:I	1.116e-10	+++-++??+?+?+-+++-+-++++??+++++?+?++	True	I	D	0.0259827	chr7:7273596:INDEL	5.2e-18	0.0062751	cg19603390	-0.1675956	0.0657	0.0197256
0.0219164	False	53.9905511	30	3.421e-06	23359	-0.1017744	0.0244	0.003243	46.3	rs17249770	1.983e-09	++++++??+++?++-+++++++++??+-+++++?+-	True	T	A	0.0170064	chr7:7194840:SNP	5.358e-18	0.0036455	cg19603390	-0.1020254	0.1924	0.011772
0.0199277	False	53.9833151	32	6.917e-07	24607	-0.0989147	0.0245	0.006453	42.6	rs2116534	4.318e-10	++++++?++++?++-++++++++++?+-+++++?+-	True	C	T	0.0159203	chr7:7196135:SNP	5.44e-18	0.0031559	cg19603390	-0.0993753	0.1936	0.0114435
0.02483	False	80.9752203	31	0.00137	24133	-0.0794765	0.0264	1.429e-06	63.0	rs1432198	5.222e-07	++++++?++++?+++++-++++++??-+++-++?++	True	C	A	0.0159257	chr7:7206468:SNP	5.643e-18	0.0045279	cg19603390	-0.0799147	0.4318	0.0091991
0.0259807	False	37.5427095	28	5.322e-10	21666	-0.161322	0.0075	0.08537	28.1	rs6951671	5.785e-12	---+--?----?-+?----+---???---?---?--	True	T	C	0.0229808	chr7:7235940:SNP	5.932e-18	0.00388	cg19603390	-0.1582192	0.0721	0.0186848
0.0181456	False	46.5118554	31	2.793e-08	24105	-0.1007792	0.0263	0.02775	35.5	rs62450018	7.276e-11	------?----?--++-----+--??-++----?++	True	A	C	0.0153146	chr7:7297441:SNP	7.258e-18	0.0023752	cg19603390	-0.0997727	0.1894	0.0117039
0.029323	False	46.219769	31	2.325e-08	24136	-0.1637953	0.0069	0.02961	35.1	rs78558402	7.332e-11	---+--?----?-+---+-+----??-------?--	True	A	G	0.0246954	chr7:7293608:SNP	7.568e-18	0.0061574	cg19603390	-0.1608584	0.0618	0.0190328
0.0205707	False	55.5772257	32	1.587e-06	24607	-0.0987376	0.0244	0.004322	44.2	rs2116535	1.246e-09	++++++?++++?++-++++++++++?+--++++?+-	True	G	C	0.0161973	chr7:7196061:SNP	7.608e-18	0.0033919	cg19603390	-0.0983857	0.1926	0.011474
0.0295012	False	47.3810328	31	5.472e-08	24150	-0.1603458	0.0069	0.02283	36.7	rs12055926	1.288e-10	+++-++?-+++?+-+++-+-++++??+++++++?++	True	T	A	0.024606	chr7:7277591:SNP	9.144e-18	0.0063597	cg19603390	-0.1581806	0.0641	0.0186791
0.0259355	False	71.2308995	30	0.0004766	23343	-0.0906077	0.0204	2.054e-05	59.3	rs4724964	5.949e-07	++++++??+++?+++-+-++++++??-+++-++?-+	True	C	T	0.0175485	chr7:7300923:SNP	9.4e-18	0.0049638	cg19603390	-0.0876174	0.2607	0.010559
0.0222389	False	58.0050362	31	9.167e-06	24120	-0.0986506	0.025	0.001595	48.3	rs34419200	1.254e-08	++++++?++++?++--+++++-++??+--++++?+-	True	C	T	0.0168872	chr7:7230576:SNP	9.746e-18	0.0038889	cg19603390	-0.0961248	0.1968	0.0115019
0.0212268	False	52.380254	30	2.14e-06	23362	-0.1006101	0.0247	0.004943	44.6	rs62453491	1.329e-09	++++++??+++?++-+++++++++??+-+++++?+-	True	G	A	0.0167139	chr7:7195600:SNP	1.119e-17	0.003399	cg19603390	-0.1013517	0.1931	0.0117521
0.0224307	False	58.5089412	31	1.157e-05	24120	-0.0983728	0.025	0.00139	48.7	rs13238772	1.643e-08	------?----?--++-----+--??-++----?-+	True	A	C	0.0169597	chr7:7234943:SNP	1.196e-17	0.0039583	cg19603390	-0.0957526	0.1967	0.0115012
0.02225	False	58.0391624	31	9.932e-06	24118	-0.0983152	0.0249	0.00158	48.3	rs62449965	1.463e-08	------?----?--++-----+--??-++----?-+	True	T	C	0.0168889	chr7:7238250:SNP	1.247e-17	0.0038928	cg19603390	-0.0956901	0.1967	0.0115009
0.0293658	False	46.3747954	31	3.317e-08	24136	-0.162212	0.0071	0.02861	35.3	rs77810616	1.293e-10	---+--?----?-+---+-+----??-------?--	True	C	G	0.0246881	chr7:7292481:SNP	1.355e-17	0.0061924	cg19603390	-0.1586959	0.062	0.0189968
0.0207572	False	56.1002949	32	2.39e-06	24610	-0.0979176	0.0239	0.003781	44.7	rs4582461	1.989e-09	++++++?++++?+--++++++++++?+--++++?+-	True	G	A	0.0162703	chr7:7196272:SNP	1.38e-17	0.0034617	cg19603390	-0.097601	0.1923	0.0114701
0.0223452	False	58.2993539	31	1.123e-05	24120	-0.0981386	0.025	0.001472	48.5	rs62449964	1.657e-08	------?----?--++-----+--??-++----?-+	True	A	G	0.0169237	chr7:7237726:SNP	1.403e-17	0.0039272	cg19603390	-0.0955252	0.1968	0.0114985
0.0218875	False	57.1794724	31	7.598e-06	24121	-0.0979728	0.0249	0.001994	47.5	rs34491888	1.072e-08	------?----?--++-----+--??-++----?-+	True	A	G	0.0167387	chr7:7240322:SNP	1.444e-17	0.0037626	cg19603390	-0.0957272	0.1967	0.0114836
0.0303475	False	48.7849216	31	1.578e-07	24145	-0.1591195	0.0073	0.01653	38.5	rs34137418	3.533e-10	+++-++?-+++?+-+-+-+-++++??+++++++?++	True	G	A	0.0249492	chr7:7284817:SNP	1.51e-17	0.0068591	cg19603390	-0.1565157	0.0646	0.018662
0.0286387	False	61.0931625	27	0.000303	20715	-0.1034624	0.0272	0.0001193	57.4	chr7:7268607:D	2.063e-07	---?--??-?-?--++-----+--??-++--?-?-+	True	D	I	0.0198847	chr7:7268607:INDEL	2.087e-17	0.005528	cg19603390	-0.1032729	0.2084	0.012188
0.0215219	False	57.6383345	32	5.098e-06	24629	-0.0981551	0.0242	0.002536	46.2	rs62453506	4.914e-09	++++++?++++?+--++++++++++?+--++++?+-	True	G	A	0.0166575	chr7:7198207:SNP	2.257e-17	0.0037422	cg19603390	-0.0974473	0.1886	0.0115753
0.0190777	False	49.003351	31	2.151e-07	24156	-0.0989326	0.0257	0.01571	38.8	rs17252812	5.576e-10	------?----?--++-----+--??-++----?++	True	T	C	0.0157235	chr7:7298188:SNP	2.44e-17	0.0027225	cg19603390	-0.0975166	0.1892	0.0116795
0.0214832	False	57.5271669	32	5.221e-06	24623	-0.0978711	0.0243	0.002611	46.1	rs62453505	5.239e-09	------?----?-++----------?-++----?-+	True	A	T	0.0166428	chr7:7198034:SNP	2.813e-17	0.0037275	cg19603390	-0.097184	0.1887	0.0115768
0.0215022	False	57.6104134	32	5.803e-06	24634	-0.0974786	0.0244	0.002554	46.2	rs62453504	6.295e-09	++++++?++++?+--++++++++++?+--++++?+-	True	T	A	0.0166454	chr7:7197263:SNP	3.61e-17	0.0037349	cg19603390	-0.0966888	0.1888	0.0115703
0.0216249	False	57.939186	32	6.615e-06	24633	-0.0974357	0.0244	0.002343	46.5	rs17164011	7.179e-09	++++++?++++?+--++++++++++?+--++++?+-	True	C	A	0.0166944	chr7:7197390:SNP	3.726e-17	0.0037811	cg19603390	-0.0966052	0.1888	0.0115703
0.0283628	False	74.8109571	29	0.001631	21889	-0.0893526	0.0378	3.854e-06	62.6	rs6953326	5.12e-07	------??-?-?--+--+------??+--++--?+-	True	T	C	0.0183582	chr7:7299031:SNP	3.857e-17	0.0055699	cg19603390	-0.09219	0.2846	0.0106155
0.0217057	False	58.1436167	32	7.565e-06	24630	-0.0971796	0.0242	0.002219	46.7	rs17309555	8.489e-09	++++++?++++?+--++++++++++?+--++++?+-	True	G	C	0.0167282	chr7:7197543:SNP	4.567e-17	0.0038114	cg19603390	-0.0963286	0.1886	0.0115727
0.0216915	False	58.1219228	32	7.615e-06	24635	-0.0970852	0.0244	0.002232	46.7	rs58843310	8.304e-09	------?----?-++----------?-++----?-+	True	C	G	0.0167197	chr7:7196486:SNP	4.798e-17	0.0038061	cg19603390	-0.0963416	0.1889	0.0115694
0.0255195	False	83.0562807	31	0.002488	24115	-0.0771915	0.0256	7.117e-07	63.9	rs12666658	1.552e-06	------?-+--?--++-+------??+---+--?--	True	A	G	0.0161554	chr7:7212247:SNP	5.555e-17	0.0047317	cg19603390	-0.0776181	0.4241	0.0092177
0.0225525	False	57.7177295	31	1.371e-05	24123	-0.0980672	0.024	0.001724	48.0	rs58312319	1.749e-08	------?----?-++---------??-++----?-+	True	A	G	0.0171908	chr7:7217785:SNP	5.962e-17	0.0040004	cg19603390	-0.0968722	0.1873	0.0117221
0.0259528	False	84.492362	31	0.003027	24137	-0.0769496	0.0261	4.378e-07	64.5	rs1432192	2.022e-06	------?-+--?--+--+------??+---+--?--	True	T	C	0.0162877	chr7:7208604:SNP	6.791e-17	0.0048569	cg19603390	-0.0773855	0.4246	0.0092148
0.0292339	False	46.7562392	31	8.7e-08	24120	-0.1564589	0.0076	0.02628	35.8	rs35949736	3.132e-10	+++-++?-+++?+-+-+-+-++++??+++++++?++	True	C	T	0.024493	chr7:7289293:SNP	7.35e-17	0.0061785	cg19603390	-0.1541126	0.0637	0.0187572
0.021969	False	58.8164833	32	1.136e-05	24598	-0.0964344	0.024	0.001856	47.3	rs2163639	1.314e-08	------?----?-++----------?-++----?-+	True	T	C	0.0168367	chr7:7195947:SNP	8.197e-17	0.0039102	cg19603390	-0.0957028	0.1885	0.011579
0.0287497	False	46.0413306	31	6.045e-08	24120	-0.1557501	0.0077	0.03079	34.8	rs34287623	2.791e-10	+++-++?-+++?+-+-+-+-++++??+++++++?++	True	G	C	0.0242532	chr7:7289438:SNP	9.235e-17	0.005899	cg19603390	-0.1530375	0.0639999999999999	0.018733
0.0318907	False	48.7369839	30	7.961e-07	23627	-0.1574231	0.0071	0.01231	40.5	rs3807859	2.512e-09	---+?-?----?-+---+-+----??-------?--	True	A	T	0.0258334	chr7:7283688:SNP	1.077e-16	0.0074647	cg19603390	-0.1539848	0.0636	0.018976
0.0202646	False	61.5565352	30	9.367e-05	23358	0.079162	0.0206	0.0003939	52.9	rs7782993	2.355e-08	--+---??---?--+-+-------??+--+---?+-	True	G	C	0.014738	chr7:7312735:SNP	1.114e-16	0.0031245	cg19603390	0.0822918	0.3781	0.0095469
0.0230382	False	59.028155	31	2.591e-05	24115	-0.096916	0.0235	0.001205	49.2	rs62453512	3.685e-08	------?----?-++------+--??-++----?-+	True	A	T	0.0173708	chr7:7210244:SNP	1.261e-16	0.0041799	cg19603390	-0.0956319	0.1879	0.0117087
0.0229274	False	59.3392707	31	2.984e-05	24143	-0.0957145	0.0253	0.001106	49.4	rs10447684	6.733e-08	------?----?-+++--------??-++----?-+	True	T	C	0.0172272	chr7:7247949:SNP	1.489e-16	0.0041393	cg19603390	-0.092995	0.1928	0.0115914
0.0223811	False	57.35403	31	1.603e-05	24146	-0.0965538	0.0238	0.001902	47.7	rs62453510	2.532e-08	++++++?++++?+--+++++++++??+--++++?+-	True	G	C	0.0171119	chr7:7207320:SNP	1.615e-16	0.0039375	cg19603390	-0.0953311	0.1878	0.0117068
0.0224847	False	57.6165548	31	1.777e-05	24145	-0.0964855	0.0238	0.001772	47.9	rs62453511	2.763e-08	++++++?++++?+--+++++++++??+--++++?+-	True	G	A	0.0171529	chr7:7210121:SNP	1.702e-16	0.0039757	cg19603390	-0.0952983	0.1878	0.0117074
0.022621	False	57.974579	31	2.023e-05	24145	-0.0964176	0.0238	0.001608	48.3	rs62453513	3.096e-08	++++++?++++?+--+++++++++??+--++++?+-	True	C	T	0.0172063	chr7:7210638:SNP	1.768e-16	0.004026	cg19603390	-0.0952522	0.1878	0.0117056
0.0234944	False	41.4238709	21	7.756e-05	15631	0.0928458	0.0279	0.003285	51.7	rs10250359	2.907e-08	?+++--????+??++?++++?+++????+?+++?++	True	A	T	0.0174914	chr7:7352163:SNP	2.723e-16	0.0029833	cg19603390	0.0970243	0.5125	0.0113434
0.0246044	False	57.9175782	29	8.784e-05	22911	-0.0964968	0.0256	0.0007462	51.7	rs34971257	2.184e-07	++++++?++++?+---++++++++??+-?++?+?+-	True	G	A	0.0181284	chr7:7229216:SNP	4.961e-16	0.0044609	cg19603390	-0.0939585	0.193	0.0118949
0.0257468	False	87.5046472	32	0.004181	24649	-0.0737429	0.0265	2.732e-07	64.6	rs4720724	5.148e-06	++++++?+-++?++-++-++++++-?-+++-++?++	True	G	A	0.0161247	chr7:7206760:SNP	6.229e-16	0.0049262	cg19603390	-0.0735072	0.4246	0.0091212
0.0260282	False	88.4742648	32	0.004685	24635	-0.0736055	0.0268	1.964e-07	65.0	rs6947154	6.601e-06	++++++?+-++?++-++-++++++-?-+++-++?++	True	T	A	0.0162101	chr7:7207395:SNP	6.979e-16	0.0050097	cg19603390	-0.0730455	0.4247	0.0091199
0.029481	False	31.2531042	17	3.763e-05	13668	0.1215086	0.0177	0.01249	48.8	rs200786702	1.805e-08	?--??-????-??-+?----??--???-?--???--	True	T	A	0.0228434	chr7:7313635:SNP	8.227e-16	0.0038446	cg19603390	0.128602	0.2048	0.0150928
0.0161654	False	45.3949485	31	1.118e-07	24114	-0.0857798	0.0201	0.03546	33.9	rs1618454	1.654e-09	------?----?-----+------??+--++--?+-	True	C	G	0.0137918	chr7:7314729:SNP	9.791e-16	0.0018455	cg19603390	-0.0831456	0.2405	0.0106831
0.0251776	False	58.6999101	29	0.0001432	22604	-0.0957403	0.0257	0.0005954	52.3	rs143110592	6.127e-07	++++++??+++?+---++++++++??+--++?+?+-	True	T	A	0.0184509	chr7:7236131:SNP	1.563e-15	0.0046693	cg19603390	-0.0920177	0.1917	0.0120098
0.0212975	False	62.3393522	31	0.000144	24117	0.0809554	0.0149	0.0004752	51.9	rs4351339	2.222e-07	---+--?----?--+---------??+--++--?+-	True	T	A	0.0155914	chr7:7342063:SNP	2.818e-15	0.0035659	cg19603390	0.0807589	0.2753	0.0102492
0.0178356	False	54.6164204	30	3.607e-05	23546	0.0736842	0.022	0.002746	46.9	rs6970785	1.693e-08	++-+++?++++?++-+++++++++???++--++?-+	True	A	C	0.0137471	chr7:7309566:SNP	7.219e-15	0.0024183	cg19603390	0.0775446	0.3901	0.0094703
0.0254383	False	47.7624099	27	2.344e-05	20621	-0.107587	0.0139	0.005755	45.6	rs113332211	3.298e-08	+-+++-??+?+?++++++++-+++????+++++?-+	True	C	A	0.0199259	chr7:7298871:SNP	7.888e-15	0.0044241	cg19603390	-0.1100878	0.1494	0.0138476
0.0237691	False	61.0533865	31	0.0001368	24149	-0.0906537	0.0265	0.0006851	50.9	rs34386799	4.775e-07	------?----?-+++-----+--??-++----?-+	True	A	G	0.0176261	chr7:7254402:SNP	8.374e-15	0.0044493	cg19603390	-0.0887499	0.1889	0.0116795
0.0220927	False	72.1397251	31	0.001326	24115	-0.0709218	0.0261	2.495e-05	58.4	rs1469620	2.299e-06	+++++-?++++?+++-+-++++++??-+++-++?++	True	G	A	0.0150243	chr7:7198994:SNP	1.169e-14	0.0037336	cg19603390	-0.0709927	0.4403	0.0091875
0.0224579	False	54.6030244	30	4.141e-05	23348	-0.0920654	0.026	0.002756	46.9	rs12702597	2.057e-07	+++-++??-++?+-+-+++++-++??+-+++++?+-	True	G	A	0.0173137	chr7:7312495:SNP	1.175e-14	0.0038319	cg19603390	-0.089929	0.1885	0.0119276
0.0508827	False	18.9192778	18	4.056e-12	13885	0.3528821	0.0033	0.3332	10.1	rs56066111	1.142e-12	++++?+????+??+?++++++?+??????+??+?+-	True	A	T	0.0494811	chr7:7228823:SNP	1.18e-14	0.0043853	cg19603390	0.3519217	0.0196	0.0457209
0.0223061	False	72.7845352	31	0.001595	24104	-0.0704159	0.0261	2.037e-05	58.8	rs12536346	3.316e-06	+++++-?++++?+++-+--+++++??-+++-++?++	True	C	T	0.0150972	chr7:7198131:SNP	1.876e-14	0.0037958	cg19603390	-0.0702056	0.44	0.009194
0.0221883	False	72.3796595	31	0.001643	24098	-0.069852	0.0248	2.314e-05	58.6	rs12536320	3.524e-06	+++++-?++++?+++-+--+++++??-+++-++?++	True	C	T	0.0150601	chr7:7198043:SNP	3.068e-14	0.0037621	cg19603390	-0.0698433	0.4388	0.0091966
0.0860183	False	30.706591	17	7.698e-05	13725	0.3400829	0.0079	0.01466	47.9	rs544374812	3.094e-07	?--??-????-??--?----??--?????-+-??--	True	G	A	0.0664573	chr7:7336813:SNP	3.258e-14	0.0324398	cg19603390	0.3401044	0.0229	0.0448208
0.0271996	False	34.9797115	17	0.0005275	13189	0.0942848	0.0198	0.004	54.3	rs6979651	2.9e-07	?---?-????-???-?-?--?---?????-+-??--	True	G	C	0.0198036	chr7:7353592:SNP	3.499e-14	0.0032446	cg19603390	0.1015891	0.4441	0.0124413
0.0233592	False	72.4376799	30	0.002473	23354	-0.0706994	0.0253	1.397e-05	60.0	rs12536325	5.674e-06	-----+??---?---+-+------??+---+--?--	True	C	G	0.0156113	chr7:7198073:SNP	4.03e-14	0.0039961	cg19603390	-0.0708466	0.4387	0.0093517
0.0448918	False	61.0962834	28	0.0009448	22074	0.1484328	0.011	0.0001891	55.8	rs73050002	6.054e-07	------??---?--++-+------????--++-?+-	True	C	T	0.0318231	chr7:7298134:SNP	7.324e-14	0.0142087	cg19603390	0.1587804	0.0628	0.0198388
0.0204261	False	47.490403	29	1.208e-05	21894	-0.0893888	0.023	0.01215	41.0	rs12216687	1.325e-07	---+--??-?-?-++---------??-+-----?-+	True	A	G	0.0166057	chr7:7189762:SNP	1.15e-13	0.0029861	cg19603390	-0.0876019	0.1957	0.0120431
0.0224673	False	68.2065081	30	0.001942	23332	-0.0696237	0.0253	5.313e-05	57.5	rs11767988	3.548e-06	++++++??+++?++-+-+++++++??+-+--++?+-	True	C	A	0.0154778	chr7:7264359:SNP	3.136e-13	0.0037642	cg19603390	-0.071759	0.3868	0.0095526
0.0234889	False	54.0733572	29	0.0001621	21892	-0.0885962	0.0226	0.002194	48.2	rs2881754	1.943e-06	---+--??-?-?-++---------??-++----?-+	True	A	G	0.01797	chr7:7191181:SNP	3.238e-13	0.0040777	cg19603390	-0.0855232	0.1907	0.0121629
0.0213506	False	48.8423842	29	3.151e-05	21893	-0.0888662	0.022	0.008682	42.7	rs12216565	3.871e-07	---+--??-?-?-++---------??-++----?-+	True	A	G	0.0171415	chr7:7193808:SNP	3.857e-13	0.003299	cg19603390	-0.0869963	0.1886	0.0122397
0.0225242	False	68.3783952	30	0.002108	23336	-0.0692509	0.0253	5.037e-05	57.6	rs11767985	3.988e-06	++++++??+++?++-+-+++++++??+-+--++?+-	True	C	A	0.0154965	chr7:7264352:SNP	4.188e-13	0.0037807	cg19603390	-0.0714701	0.3868	0.0095527
0.0244303	False	57.5392629	29	0.0004511	21894	-0.0857066	0.0235	0.0008317	51.3	rs6968722	5.686e-06	+++-++??+?+?+--+++++++++??+--++++?+-	True	T	A	0.0180764	chr7:7189968:SNP	5.624e-13	0.0044081	cg19603390	-0.0820256	0.2015	0.0118884
0.0248949	False	10.2238433	8	9.103e-07	7049	0.1222365	0.0245	0.1762	31.5	rs4724971	1.057e-08	?+++??????+???????????++???????+??+?	True	A	T	0.0224609	chr7:7354228:SNP	7.42e-13	0.0011995	cg19603390	0.1285056	0.431	0.0170449
0.0696096	False	31.6311149	16	0.0006817	13003	0.2364537	0.0117	0.007225	52.6	rs57240533	4.472e-07	?++??+????+??+-?++++??++?????++???-+	True	A	T	0.0525383	chr7:7305003:SNP	7.888e-13	0.0203127	cg19603390	0.2651968	0.0398	0.03301
0.0258025	False	74.9978408	29	0.007756	21893	-0.0686994	0.0236	3.622e-06	62.7	rs62453489	2.734e-05	+++++-??+?+?+++-+--+++++??-+++-++?++	True	C	T	0.0166619	chr7:7194690:SNP	9.927e-13	0.0046	cg19603390	-0.0698892	0.4378	0.0096332
0.0754784	False	33.7715114	16	0.001704	13003	0.2368161	0.0116	0.003666	55.6	chr7:7319013:D	1.1e-06	?++??+????+??+-?++++??++?????++???-+	True	D	I	0.0554118	chr7:7319013:INDEL	1.618e-12	0.0236861	cg19603390	0.2700114	0.0377	0.0335246
0.0230732	False	55.0794367	29	0.0003526	21895	-0.0824465	0.0242	0.001663	49.2	rs7804592	7.227e-06	++++++??+?+?+++-+-++++++??-++--++?-+	True	C	T	0.0174492	chr7:7299636:SNP	2.08e-12	0.0039374	cg19603390	-0.0782925	0.212	0.0117294
0.0237331	False	63.4731471	28	0.004031	21172	-0.0682504	0.025	9.083e-05	57.5	chr7:7264671:I	2.742e-05	++++++??+?+?++-+-+++++++??+-+--?+?--	True	I	D	0.016393	chr7:7264671:INDEL	1.375e-11	0.0039308	cg19603390	-0.0687511	0.3738	0.0100955
0.0206889	False	68.6112676	32	0.002573	24647	-0.0623686	0.0248	0.0001159	54.8	rs2159191	1.655e-05	++++++?--++?++-+-++++++++?+-+--++?+-	True	G	A	0.0146407	chr7:7266939:SNP	2.522e-11	0.0034436	cg19603390	-0.0630579	0.374	0.0093477
0.0234672	False	62.8321074	28	0.004311	21175	-0.0669867	0.0244	0.0001109	57.0	chr7:7265866:I	3.818e-05	++++++??-?+?++-+-+++++++??+-+--?+?--	True	I	D	0.0162923	chr7:7265866:INDEL	3.08e-11	0.003853	cg19603390	-0.0670951	0.3765	0.0100843
0.0202971	False	67.326489	32	0.002279	24604	-0.0619304	0.0233	0.0001696	54.0	rs2108784	1.607e-05	------?++--?--+-+--------?-+-++--?-+	True	A	G	0.014501	chr7:7266745:SNP	3.434e-11	0.0033248	cg19603390	-0.0625496	0.3746	0.0093456
0.0233022	False	61.8985538	28	0.00491	21049	-0.0655461	0.0249	0.0001479	56.4	rs7789260	4.75e-05	------??+?-?--+-+--------??+-++?-?-+	True	A	G	0.0163113	chr7:7267140:SNP	1.129e-10	0.0038141	cg19603390	-0.0663474	0.3646	0.0101644
0.0215006	False	67.9481697	31	0.005242	24127	-0.0600248	0.0244	9.09e-05	55.8	rs6463661	5.871e-05	------?++--?--+-+-------??-++++--?-+	True	A	G	0.0150587	chr7:7259370:SNP	2.562e-10	0.0035891	cg19603390	-0.0605048	0.3694	0.0094928
0.0214057	False	67.6103703	31	0.00569	24125	-0.0591898	0.0247	0.0001007	55.6	rs6463662	7.271e-05	------?++--?--+-+-------??-++++--?-+	True	A	G	0.0150294	chr7:7259477:SNP	4.613e-10	0.0035612	cg19603390	-0.0596251	0.3694	0.0094981
0.026834	False	34.0902882	17	0.00455	12955	-0.0761354	0.0316	0.005283	53.1	rs4484583	8.978e-05	?---?+????-???-?-?--?---????+--???--	True	T	C	0.0199039	chr7:7353300:SNP	1.492e-09	0.0031824	cg19603390	-0.0779573	0.4279	0.0125943
0.0250656	False	23.2253848	16	0.0001134	12994	-0.0967515	0.0152	0.07947	35.4	chr7:7325349:I	3.889e-06	?++??+????+??-+?++++??++?????++???+-	True	I	D	0.0215829	chr7:7325349:INDEL	2.279e-09	0.0023935	cg19603390	-0.0996529	0.179	0.0161885
0.0387562	False	47.2668563	17	0.0585	13665	-0.0733246	0.0319	6.188e-05	66.1	chr7:7307528:D	0.001058	?--??-????-??-+?-+--??--???-?-+???+-	True	D	I	0.0243262	chr7:7307528:INDEL	2.282e-08	0.0059478	cg19603390	-0.0796612	0.3058	0.0131191
0.0344422	False	45.0742394	17	0.08056	13668	-0.0601857	0.0253	0.0001352	64.5	rs3929095	0.00415	?++??-????+??++?+-++??++???+?+-???++	True	G	A	0.0221203	chr7:7203742:SNP	8.532e-07	0.0047964	cg19603390	-0.0634088	0.4377	0.012226
0.0246751	False	39.26397	29	0.0007134	22755	0.0835102	0.0137	0.07677	28.7	rs2979763	5.377e-05	++++-+??-++?++-++++++++-???++++-+?-+	True	T	C	0.0218778	chr7:7109421:SNP	2.076e-06	0.0036775	cg19603390	0.0883554	0.0779	0.0175964
0.0259375	False	37.7967668	27	0.001257	21899	0.0836621	0.0125	0.06324	31.2	rs72572409	9.723e-05	++++++??-++?++-+-++++?+????++-+-+?-+	True	T	C	0.0226228	chr7:7100379:SNP	2.745e-06	0.0039729	cg19603390	0.08817	0.0782	0.0178421
0.026175	False	38.1596755	27	0.0017	21894	0.0821407	0.0125	0.05852	31.9	rs72572413	0.0001332	++++++??-++?++-+-++++?+????++-+-+?-+	True	A	G	0.0227305	chr7:7100794:SNP	4.109e-06	0.0040912	cg19603390	0.0868412	0.0783	0.0178343
0.024716	False	36.795463	27	0.001855	22125	0.0769296	0.0137	0.07798	29.3	rs2979765	0.000157	----+-??+--?--+-?-----+????----+-?+-	True	G	A	0.0216688	chr7:7106798:SNP	1.058e-05	0.0034757	cg19603390	0.0819025	0.081	0.0174646
0.0263478	False	36.1883709	26	0.002414	21237	0.0799386	0.0126	0.06879	30.9	rs72572407	0.0002621	++++++??-++?++-+-++++?+?????+-+-+?-+	True	T	G	0.0230686	chr7:7099615:SNP	1.124e-05	0.0039327	cg19603390	0.0842024	0.0776	0.0182018
0.0363745	False	45.0487765	31	0.003539	24149	-0.1060884	0.0045	0.0382	33.4	rs78666312	0.00108	++--++?+-++?+--+--++++++??+-+-++-?++	True	C	T	0.0313798	chr7:7137883:SNP	1.189e-05	0.0093091	cg19603390	-0.1025736	0.0367	0.0242234
0.0228523	False	37.2862963	29	0.001062	22751	0.0748108	0.0143	0.1127	24.9	rs2965492	0.0001553	----+-??---?--+--------+???----+-?+-	True	T	A	0.0206492	chr7:7112571:SNP	1.304e-05	0.00288	cg19603390	0.0781032	0.0819	0.0171609
0.0257382	False	35.484523	26	0.002201	21237	0.0788015	0.0122	0.07979	29.5	rs72572406	0.0002623	++++++??-++?++-+-++++?+?????+-+-+?-+	True	T	C	0.0227504	chr7:7098756:SNP	1.389e-05	0.00366	cg19603390	0.0830367	0.0785	0.0181334
0.0239488	False	37.5193246	28	0.001809	22634	0.0747195	0.0138	0.08577	28.0	rs2965462	0.000189	++++-+??-++?++-+?+++++--???++++-+?-+	True	T	C	0.021151	chr7:7107335:SNP	1.454e-05	0.0032912	cg19603390	0.0789636	0.0815	0.0172343
0.0239488	False	37.5193246	28	0.001809	22634	0.0747195	0.0138	0.08577	28.0	rs2965463	0.000189	----+-??+--?--+-?-----++???----+-?+-	True	T	A	0.021151	chr7:7107362:SNP	1.454e-05	0.0032912	cg19603390	0.0789636	0.0815	0.0172343
0.0258444	False	35.6692461	26	0.002441	21238	0.0783237	0.012	0.07677	29.9	rs10231664	0.0002942	++++-+??-++?++-+-++++?+?????+-+-+?-+	True	A	G	0.0227985	chr7:7098738:SNP	1.533e-05	0.0037168	cg19603390	0.0825392	0.079	0.0181139
0.0224913	False	36.6872785	29	0.001039	22751	0.0737667	0.0141	0.1259	23.7	rs2965489	0.0001708	----+-??---?--+--------+???----+-?+-	True	G	A	0.0204618	chr7:7111462:SNP	1.728e-05	0.0026958	cg19603390	0.0769102	0.0818	0.0171655
0.0224913	False	36.6872785	29	0.001039	22751	0.0737667	0.0141	0.1259	23.7	rs2965490	0.0001708	++++-+??+++?++-++++++++-???++++-+?-+	True	A	G	0.0204618	chr7:7111729:SNP	1.728e-05	0.0026958	cg19603390	0.0769102	0.0818	0.0171655
0.0378244	False	46.6972987	31	0.005897	24151	-0.1041481	0.0046	0.02663	35.8	rs111882559	0.001841	--++--?-+--?-++-++------??-+-+--+?--	True	T	C	0.0320847	chr7:7135399:SNP	1.819e-05	0.0103912	cg19603390	-0.0999361	0.0366	0.0242997
0.0226004	False	36.8614417	29	0.001153	22751	0.073456	0.0142	0.1219	24.0	rs2979762	0.0001903	++++-+??-++?++-++++++++-???++++-+?-+	True	A	G	0.0205214	chr7:7111627:SNP	1.879e-05	0.0027504	cg19603390	0.076576	0.0818	0.0171673
0.025194	False	41.5794586	29	0.005066	22825	0.070614	0.0107	0.04748	32.7	rs112872189	0.0004238	++++++??-++?++-+-+?+++---??++++-+?-+	True	T	C	0.0218655	chr7:7092373:SNP	3.2e-05	0.0041302	cg19603390	0.0770709	0.0839	0.0169659
0.0256952	False	35.5922483	26	0.004157	21232	0.0736429	0.0146	0.07802	29.8	rs77943765	0.0005264	++++++??-++?++-+-++++?+?????+-+-+?-+	True	A	C	0.0227006	chr7:7098601:SNP	4.497e-05	0.0036643	cg19603390	0.0787019	0.0804	0.0180483
0.0379604	False	47.0070947	23	0.05915	18919	0.0716352	0.0108	0.001465	53.2	rs78345697	0.01734	++++-+??+++??-+---????+????+---++?++	True	T	C	0.0279672	chr7:7135693:SNP	5.527e-05	0.0084815	cg19603390	0.0665429	0.0914	0.017766
0.0251348	False	43.7046717	30	0.013	23591	0.0624302	0.0106	0.03914	33.6	rs74296225	0.002015	++++++?--++?++-+-+?+++---??++-+-+?-+	True	T	C	0.0216174	chr7:7092850:SNP	0.0001816	0.0043098	cg19603390	0.0667544	0.0841	0.016678
0.02639	False	45.9242271	30	0.01921	23606	0.0617888	0.0105	0.02388	36.9	rs16876441	0.002863	------?++--?--+-+-?---+++??--+-+-?+-	True	C	T	0.0221904	chr7:7093312:SNP	0.0002091	0.004952	cg19603390	0.066173	0.0842000000000001	0.0166646
0.0170287	False	46.3412906	29	0.02766	22881	0.0374987	0.0284	0.01606	39.6	rs2060163	0.005538	+++++-?--+-?++--+-+++-++????-++++?++	True	T	C	0.0139513	chr7:7173681:SNP	0.0002679	0.0020455	cg19603390	0.0387005	0.2924	0.010289
0.0191683	False	43.9304419	27	0.04906	20845	0.037725	0.0253	0.01538	40.8	rs4724930	0.00833	++++-+??-?+?+++--+?+++-+???+---++?-+	True	A	G	0.0156731	chr7:7095572:SNP	0.0008831	0.0024486	cg19603390	0.0413522	0.2474	0.0113447
0.0593655	False	41.9760331	17	0.2294	13336	0.071352	0.0117	0.0003979	61.9	rs76740431	0.1461	---?+???-????+?+++????-?????+++--?-+	True	G	A	0.0402433	chr7:7137441:SNP	0.001615	0.0148037	cg19603390	0.0584875	0.0790999999999999	0.0226283
0.0162442	False	45.0326547	32	0.08206	24649	-0.0282463	0.0125	0.04952	31.2	rs4720750	0.1535	+---+-?+---?+--++------++?+++--++?++	True	A	G	0.0141179	chr7:7705275:SNP	0.01154	0.0018409	cg19603390	-0.020149	0.2052	0.0111823
0.0416188	False	32.6676472	17	0.2218	14485	0.0508498	0.012	0.008176	51.0	rs34147127	0.2477	---?+?????-??+-+++????-?????+++?-?--	True	C	A	0.0318425	chr7:7167631:SNP	0.01261	0.0077024	cg19603390	0.0368116	0.0903	0.0203841
